2'-Deoxyguanosine-5'-Diphosphate [[M+H]]/Adenosine 5'-diphosphate (ADP) [[M+H]]	2'-Deoxyguanosine-5'-Monophosphate [[M+H]]	2'-Deoxyinosine [[M+H]]	2'-Deoxyuridine [[M+Na]]	3-Methylhistidine [[M+Na]]	ATP [[M+H]]	Acetyl coenzyme A (Acetyl-CoA) [[M+H]]	Ademetionine [[M+H]]	Adenine [[M+H]]	Adenosine phosphate [[M+H]]	Adenosine-3'-5'-Diphosphate [[M+H]]	Alpha-D-Glucose [[M+Na]]	Aminoadipate [[M+Na]]	Asparagine [[M+NH4]]	Biotin [[M+H]]	Choline [[M+H]]	Cytidine [[M+H]]	D-(+)-Melibiose [[M+Na]]/Isomaltose [[M+Na]]/Maltose [[M+Na]]	D-(+)-Turanose [[M+Na]]/Palatinose [[M+Na]]	D-Fructose [[M+Na]]/D-Mannose [[M+Na]]	D-Galactose [[M+Na]]	D-Glucose [[M+Na]]	Deoxyadenosine [[M+H]]	Galactose [[M+Na]]	Glucosamine [[M+H]]	Glutamic Acid [[M-H2O+H]]	Glutathione [[M+H]]	Histidine [[M+H]]	Homocitrate [[M+Na]]	Imidazoleacetic acid [[M+H]]	Indole-3-Ethanol [[M+H]]	Inositol [[M+Na]]	L-2-Amino-4-[2-Aminophenyl]-4-Oxobutanoic Acid [[M+H]]	L-Anserine [[M+H]]	L-Arginine [[M+H]]	L-Citrulline [[M+H]]	L-Lysine [[M+Na]]	L-Threonine [[M+Na]]	L-Tryptophan [[M+NH4]]	L-Valine [[M+H]]	Levocarnitine [[M+H]]	Methionine [[M+H]]	N-(5-Amino-5-Carboxypentyl)Glutamic Acid [[M+H]]	N2-Acetyl-L-ornithine [[M+H]]	Niacin [[M+H]]	Nicotinamide [[M+H]]	Nicotinamide ribotide [[M+H]]	O-acetyl-L-serine [[M+H]]	Phenylethyl alcohol [[M+H]]	Pidolic Acid [[M+H]]	Proline [[M+NH4]]	Pyridoxal [[M+H]]	Pyridoxamine [[M+H]]	Sucrose [[M+Na]]	Thymine [[M+H]]	Trehalose [[M+Na]]	Xanthurenic acid [[M+H]]	d-Desthiobiotin [[M+K]]	gamma-Glutamylcysteine [[M+H]]	Experimental group	Well	Unnamed: 0	Summary_x	Treatment	Supplement	mu	AUC	MaxOD	Summary_y
2543.1642072608183	3636.02441978268	2244.8918619647966	19.32128552524838	136.4565790220667	82.11546348230563	868.2502682908491	168.05581497218566	3809.915989509916	29470.998327730424	2528.673243116882	3509.228483523237	540.9959947069547	3755.5748739701535	138.87173971272276	17.509915007256346	17.509915007256346	3469.3783321274127	3526.1346083578296	1542.0801009838865	2249.7221833461085	3565.9847597536545	231.8554263029806	2249.7221833461085	5417.205429141515	458.8805312246491	26709.26207796523	42.26531208648083	176.3067304178915	35.01983001451269	3067.2540771331805	3596.174268386855	160.60818592862717	6743.1286483116855	3108.3118088743336	19.32128552524838	301.895086332006	652.0933864771329	857.382045182897	1016.782650766196	398.5015139582479	2736.377062513302	128066.31078272758	11.472013280616228	216.15688181371627	1310.224674680906	299.47992564134995	19.32128552524838	677.4525737290214	888.7791341614255	94.19126693558586	2758.1135087292064	408.1621567208721	3424.697859350276	35.01983001451269	3526.1346083578296	8.453062417296167	702.8117609809099	44.680472777136885	Growth with high aminoadipate supplementation without formic acid treatment.	C10	74	Growth with high aminoadipate supplementation without formic acid treatment.	None	PosHigh	0.1226886158920327	14168.271763555793	0.4812789820049392	Growth with high aminoadipate supplementation without formic acid treatment.
1150.3171200473091	1644.690050266115	1332.962891780012	323.1350201674137	70.24837374334713	62.74049075752383	748.2509257441754	54.44248965109403	5939.5	8277.892740981668	1130.9988172678889	2877.549009461857	504.0320816085157	4104.261235955057	539.1562684801893	298.5555884092253	3339.4320668243645	6590.175561797753	6975.663512714371	1920.853969544648	2299.756135422827	2455.180662329982	10.53725606150207	2359.467253104672	1371.5994973388529	2607.0927705499707	9374.645476049674	13.171570076877588	69.3702690715553	54.44248965109403	2276.0473092844472	2048.6181992903607	225.67290065050267	2.195261679479598	3596.716735659373	589.2082347723241	85.1761531638084	587.4520254287404	758.682436428149	627.844840331165	683.1654346540508	2168.918539325842	3103.22191011236	8.341994382022472	103.61635127143704	222.1604819633353	86.93236250739209	3.951471023063277	900.0572885866352	2737.9303666469546	257.28466883500886	2816.0816824364283	118.54413069189827	6826.385718509758	54.44248965109403	6975.663512714371	25.465035481963337	361.77912477823776	618.2024201628137	Growth with proline supplementation and formic acid treatment.	B6	41	Growth with proline supplementation and formic acid treatment.	Yes	NegHigh	0.1380683532669167	16367.319296422043	0.6747352623431337	Growth with proline supplementation and formic acid treatment.
4841.33345323741	8191.38237410072	1543.9851318944843	64.24659959176947	270.62470023980813	5.697362110311751	300.5358513189448	1279.057793764988	5939.5	61497.32661870504	4552.192326139088	417.3317745803357	3810.1109112709833	6174.51618705036	1931.4057553956836	2042.5043165467623	12296.331774580336	10051.571103117509	10565.758033573142	286.29244604316546	364.63117505995206	417.3317745803357	54.66239676610346	364.63117505995206	2995.388129496403	8084.5568345323745	43728.67853717026	72.64136690647481	99.70383693045564	85.46043165467626	2877.167865707434	356.0851318944844	29.91115107913669	82.61175059952039	39250.55191846523	4250.232134292566	2.1365107913669066	417.3317745803357	764.8708633093526	1796.093405275779	623.8611510791367	4375.574100719425	2180.6653477218224	169.4965227817746	29.91115107913669	1511.2252997601918	56.97362110311751	6.40953237410072	806.1767386091127	7546.156115107914	5.697362110311751	2946.960551558753	2.8486810551558754	10376.320743405277	85.46043165467626	10565.758033573142	9.970383693045564	385.99628297362113	52.7005995203837	Growth with proline supplementation without formic acid treatment.	G11	86	Growth with proline supplementation without formic acid treatment.	None	NegHigh	0.2324171304673001	48852.25278064064	1.9982774198484836	Growth with proline supplementation without formic acid treatment.
899.2621951219512	3283.451219512195	115.26829268292684	485.6524390243902	272.0670731707317	3.3902439024390243	986.5609756097562	20.341463414634145	8501.884146341463	26846.493902439022	878.920731707317	4855.676829268293	94.92682926829268	3091.9024390243903	261.8963414634146	93.23170731707316	1150.1402439024391	5619.329268292683	5598.987804878049	2327.826219512195	3160.5548780487807	4793.804878048781	146.6280487804878	3191.067073170732	1860.3963414634147	7667.884146341464	30931.73780487805	405.1341463414634	39.83536585365854	45.76829268292683	1595.1097560975609	4284.420731707317	111.03048780487804	2.1189024390243905	4901.445121951219	875.530487804878	139.0	670.420731707317	452.5975609756098	668.7256097560976	46.61585365853659	2264.682926829268	84.7560975609756	88.14634146341463	292.4085365853659	865.359756097561	111.03048780487804	175.4451219512195	817.8963414634146	7194.945121951219	229.6890243902439	2318.079268292683	139.0	4733.628048780488	45.76829268292683	5471.006097560976	392.4207317073171	39.83536585365854	995.0365853658536	Growth with formic acid treatment without aminoadipate supplementation.	B3	17	Growth with formic acid treatment without aminoadipate supplementation.	Yes	None	0.1576071619679583	15790.93169187925	0.7215572624209899	Growth with formic acid treatment without aminoadipate supplementation.
862.2637370271311	706.3313896664084	2065.0500055879484	44.67251032496378	285.735490569108	29.50071436554212	553.7705525188907	13.486040852819254	5671.723056163798	7863.204694746926	862.2637370271311	11302.145112215836	94.40228596973478	3553.571764717873	6.743020426409627	12.221724522867447	533.5414912396618	18972.330847256788	20352.121402010856	10304.178089107212	12541.175115568603	11306.359499982342	4.214387766506017	12751.894503893904	1255.8875544187931	90.18789820322876	6290.395180286881	65.74444915749386	67.43020426409628	135.70328608149376	2246.268679547707	10190.38961941155	278.1495925893971	74.1732246905059	90.18789820322876	79.23049001031312	153.40371470081902	518.3696952802401	155.93234736072262	1047.6967987533958	3.3715102132048136	2133.3230874053456	4323.118970881872	26.97208170563851	304.2787967417344	185.43306172626475	193.783979629666	3.792948989855416	657.4444915749386	273.09232726959	90.18789820322876	2106.3510056997075	150.0322044876142	19569.08815499404	179.53291885315633	20528.28281065081	11.800285746216847	653.2301038084327	44.67251032496378	Growth with low aminoadipate supplementation and formic acid treatment.	H5	39	Growth with low aminoadipate supplementation and formic acid treatment.	Yes	PosLow	0.1019515378468118	5783.040409193293	0.19281454362907	Growth with low aminoadipate supplementation and formic acid treatment.
932.7135115226772	1706.851310112596	1487.7285067873304	318.66621135597904	366.1657371356414	5.766389561191203	272.4619067662844	174.73198512499482	9608.246606334842	14000.79385457224	877.9328106913606	8521.2821740503	25.227954330211517	3854.831421656319	53.33910344101863	20.90316215931811	353.1913606229612	12292.500947069348	12921.037409239188	4773.128959276019	5952.355624539619	8685.62427654425	3.603993475744502	6002.8115332000425	338.0545880248343	2.883194780595601	10428.51552141429	2.162396085446701	98.02862254025044	46.13111648952962	4252.712301378512	7598.659844259708	301.2938545722404	617.0036830474587	905.3231611070188	162.90050510365148	111.00299905293066	1059.5740818688837	777.0209933705146	667.4595917078817	230.65558244764813	3230.619751657372	6942.733031674208	27.39035041565821	328.68420498789857	335.89219193938754	10.091181732084603	6.487188256340104	1024.9757445017362	769.8130064190256	5.766389561191203	4744.297011470062	111.00299905293066	12322.7744922656	46.13111648952962	12936.894980532465	10.091181732084603	242.1883615700305	627.8087853548103	Growth with low aminoadipate supplementation and formic acid treatment.	G3	22	Growth with low aminoadipate supplementation and formic acid treatment.	Yes	PosLow	0.3973686705223062	3396.8585391226866	0.1002917011465376	Growth with low aminoadipate supplementation and formic acid treatment.
9218.055419847327	12811.298320610687	3173.54320610687	796.1745038167938	366.71435114503817	1603.503816793893	1034.6085496183207	2975.5453435114505	9924.99145038168	85033.11022900764	8311.72717557252	89.23847328244274	6391.7056488549615	6379.156488549618	1657.8835114503815	3502.6100763358777	13111.083816793893	1882.3740458015268	1882.3740458015268	4155.69705885968	4590.9749169950055	89.23847328244274	104.5763358778626	4857.784971307324	2663.210687022901	6309.43893129771	56388.95465648855	1798.7129770992367	18.126564885496183	34.8587786259542	690.2038167938931	89.23847328244274	287.2363358778626	3.48587786259542	46589.45480916031	5364.068854961832	54.37969465648855	1454.308244274809	712.5134351145039	1699.7140458015267	304.2196163082347	3668.53786259542	2168.216030534351	875.6525190839694	27.88702290076336	2290.91893129771	347.1934351145038	55.77404580152672	448.9810687022901	7107.007786259542	5.577404580152671	4566.5	54.37969465648855	1872.61358778626	34.8587786259542	1882.3740458015268	874.2581679389313	938.398320610687	1479.4065648854962	Baseline growth without any supplementation or treatment.	B12	89	Baseline growth without any supplementation or treatment.	None	None	0.239993727054538	56236.58242980956	2.040447305818869	Baseline growth without any supplementation or treatment.
7294.57122683142	6283.442541924094	1264.8611650485436	514.117122683142	221.4219770520741	284.1423654015887	501.76310679611646	2453.6976169461605	5443.369461606354	50409.13636363636	6446.895675198587	5113.195958812177	3535.149161518093	3937.1298323036185	243.27908208296557	2482.206884377758	8416.886054721976	5137.369991173874	5419.611738746689	4183.335194074552	4710.266294762003	4972.103649164896	2.3757722859664603	4902.259189798025	2452.7473080317736	4480.706531332745	30394.68031774051	1782.779523389232	19.956487202118268	95.981200353045	752.6446601941747	3338.653559873693	169.154986760812	62.72038834951456	32718.185613415702	3763.2233009708734	88.37872903795233	290.79452780229474	414.33468667255073	831.5203000882611	346.86275375110324	2178.108031774051	162.5028243601059	300.2976169461606	114.0370697263901	1713.4069726390112	291.48690575764203	19.956487202118268	298.39699911738745	3842.09894086496	85.52780229479258	3090.404589585172	87.42842012356574	5383.499999999999	123.54015887025596	5419.611738746689	146.56229877896584	374.4217122683142	1188.8364518976168	Growth with proline supplementation without formic acid treatment.	A9	64	Growth with proline supplementation without formic acid treatment.	None	NegHigh	0.2494946465249442	53269.66475784061	1.9607775913361825	Growth with proline supplementation without formic acid treatment.
2208.6828358208954	2335.714552238806	951.3470149253732	314.3902815528392	39.87126865671642	59.34328358208956	1060.761194029851	926.3115671641792	4324.641791044776	17310.621268656716	2055.688432835821	1453.910447761194	2077.0149253731342	3479.0	1007.9085820895524	1295.3526119402986	9791.641791044776	11770.369402985076	12656.809701492535	960.6194029850748	1081.160447761194	1453.910447761194	13.90858208955224	1081.160447761194	2691.7742537313434	4649.175373134329	17952.270522388062	26.88992537313433	21.326492537313435	20.399253731343283	248.5	1453.910447761194	164.12126865671644	2.318097014925373	9928.873134328358	1916.6026119402984	40.798507462686565	552.634328358209	883.6585820895523	1017.1809701492538	359.7686567164179	2695.483208955224	176.17537313432837	8.808768656716419	408.91231343283584	1045.9253731343283	266.1175373134328	70.47014925373135	387.5858208955224	4291.261194029851	553.5615671641791	2033.4347014925372	34.30783582089553	12629.919776119405	55.63432835820896	12661.445895522387	6.490671641791045	154.84888059701493	546.7031185105883	Growth with proline supplementation and formic acid treatment.	C12	90	Growth with proline supplementation and formic acid treatment.	Yes	NegHigh	0.1827558481206496	19135.7390622104	1.0047254423762668	Growth with proline supplementation and formic acid treatment.
3889.0455738332753	3180.161776022948	1464.6629853219542	317.3618233273929	454.7762210567796	105.78727444246432	843.0264241652053	521.3022390051334	7304.774888820886	32133.157259513075	3836.697231841128	4128.975474630617	191.9439206378734	4672.089522799145	4.362361832678941	15.81356164346116	1093.8622295442444	2019.7735285303493	2019.7735285303493	2535.6228152446342	3116.907529449103	4118.06957004892	1015.3397165560234	3116.907529449103	3668.746301282989	840.8452432488658	35794.26942758888	150.50148322742345	75.25074161371172	34.89889466143153	1506.105422732404	3131.0852054053094	259.56052904439696	7811.899451869813	1978.3310911199	44.71420878495914	485.3127538855321	265.0134813352456	596.5529806188451	1121.1269909984878	43.623618326789405	1354.513349046811	204951.39303246385	127.599083605859	119.96495039867088	1515.920736855932	721.7689092405907	4.907657061763808	898.6465375318618	1362.1474822539992	4.362361832678941	4608.835276225301	485.3127538855321	1898.7179876735088	34.89889466143153	2019.7735285303493	7.634133207188146	411.1526027299901	932.4548417351236	Growth with high aminoadipate supplementation without formic acid treatment.	E3	20	Growth with high aminoadipate supplementation without formic acid treatment.	None	PosHigh	0.1172466022436399	15113.190200416291	0.5198269055878147	Growth with high aminoadipate supplementation without formic acid treatment.
1855.2387543252596	1618.491349480969	1866.0	109.76470588235294	389.5570934256055	219.52941176470588	30.131487889273355	45.19723183391003	5341.882352941177	21244.851211072662	1771.3010380622836	1179.432525951557	477.7993079584775	7608.200692041522	88.05431485287905	105.46020761245674	1081.3472494521338	7498.435986159169	7599.59169550173	1693.820069204152	1838.0207612456747	471.3425605536332	1108.40830449827	1838.0207612456747	3555.515570934256	15.065743944636678	23577.8892733564	3.2283737024221453	66.719723183391	34.43598615916955	1106.2560553633218	322.83737024221455	58.11072664359861	13074.913494809687	2840.968858131488	17.217993079584776	378.79584775086505	482.1038062283737	2281.3840830449826	2901.2318339100343	385.2525951557093	417.5363321799308	59897.09342560553	20.44636678200692	959.9031141868512	1876.7612456747404	1110.560553633218	9.685121107266436	1513.031141868512	223.83391003460207	122.67820069204151	5901.467128027682	417.5363321799308	7244.470588235294	25.82698961937716	7588.830449826989	15.065743944636678	38.74048442906575	88.24221453287197	Growth with high aminoadipate supplementation and formic acid treatment.	C11	82	Growth with high aminoadipate supplementation and formic acid treatment.	Yes	PosHigh	0.1525365263772605	3770.6356408977135	0.0904947251406602	Growth with high aminoadipate supplementation and formic acid treatment.
1405.967057332911	2548.6769084573966	1999.0190053848592	1003.8489071903708	212.6308203991131	27.482895153626863	316.7765283496991	428.1545771301869	3542.4005384859047	29574.488121634466	1394.3953120050685	2388.1189420335763	973.4730757047832	5304.198764649985	1400.1811846689895	1304.7142857142858	12681.186411149827	4883.276528349699	4883.276528349699	2900.8919068736145	2890.0433956287616	2116.1829268292686	122.9497941083307	2905.954545454545	1894.873297434273	11211.57475451378	42638.988596769086	30.375831485587582	8.678808995882168	91.12749445676276	256.02486537852394	1631.6160912258474	69.43047196705734	3.616170414950903	10972.90750712702	794.1110231232183	190.93379790940767	342.8129553373456	947.4366487171366	1792.1740576496677	41.94757681343047	3481.6488755147293	1346.6618625277165	27.482895153626863	209.7378840671524	1076.172315489389	284.95422869813115	150.43268926195756	283.5077605321508	10925.174057649669	59.30519480519481	4566.5	190.93379790940767	4105.076655052265	91.12749445676276	4764.66613873931	112.82451694646818	321.1159328476402	1583.8826417484954	Growth with formic acid treatment without aminoadipate supplementation.	B11	81	Growth with formic acid treatment without aminoadipate supplementation.	Yes	None	0.1579647352698209	10962.079111120716	0.491179198208976	Growth with formic acid treatment without aminoadipate supplementation.
1738.8828039430448	620.0438116100767	1690.580503833516	111.39101861993429	183.35158817086528	145.89266155531217	18.72946330777656	147.37263487744326	4604.490690032859	7599.233296823658	1609.748083242059	2744.3592552026284	17.250821467688937	2740.4162102957284	25.629791894852136	312.486308871851	681.1610076670318	9179.408543263964	9555.969331872946	1615.169769989047	2215.00547645126	2695.0711938663744	50.273822562979184	2248.5213581599123	1710.2957283680175	3692.661555312157	10074.47973713034	28.58707557502738	115.3340635268346	4.928806133625411	485.9802847754655	2438.773274917853	166.59364731653886	2.464403066812705	3501.4238773274915	227.710843373494	41.40197152245345	51.25958378970427	786.6374589266155	944.3592552026288	74.09348168492107	2046.4403066812704	275.0273822562979	42.38773274917853	223.76779846659363	1138.55421686747	251.39905978976535	132.092004381161	389.3756845564074	3656.1883899233294	215.88170865279295	6446.878422782037	78.86089813800658	9378.53231106243	4.928806133625411	9555.969331872946	303.6144578313253	247.4260679079956	222.78203723986852	Growth with proline supplementation and formic acid treatment.	D1	3	Growth with proline supplementation and formic acid treatment.	Yes	NegHigh	0.13513803664047	17556.22504778713	0.706504283553215	Growth with proline supplementation and formic acid treatment.
204.12486828240253	1124.8959191493436	1428.8740779768175	43.91258817195119	45.06652936104991	123.79663564219354	244.77311045119265	4.860115911485774	6609.757639620653	10402.415365456462	204.12486828240253	15293.459287288051	33.57898266117444	3034.479643644027	3.534629753807836	12.813032857553404	258.911629466424	25685.27076348309	27383.660360187758	11069.134902768465	13518.191493438067	14409.801848836094	40.64824216879011	13671.064230290256	1042.7157773733115	1308.6966663473513	9224.5	1.3254861576779384	115.75912443720662	60.972363253185165	379.0890410958904	11810.965322348884	35.34629753807836	419.7372832646805	41.97372832646805	408.24973656480506	288.0723249353386	285.4213526199827	684.8345148002682	898.6796149056422	110.86506746089898	2438.010872688955	7576.478877287096	8.39474566529361	430.52323592110207	503.6847399176166	6.185602069163712	3.9764584730338153	950.8154037743078	1394.4114378771912	40.64824216879011	4482.794185266788	264.21357409713573	26897.648769039177	60.972363253185165	27495.001197432703	6.185602069163712	91.01671616055177	73.3435673915126	Growth with low aminoadipate supplementation and formic acid treatment.	D2	11	Growth with low aminoadipate supplementation and formic acid treatment.	Yes	PosLow	0.1203938129843742	4271.332021151352	0.1161011603621351	Growth with low aminoadipate supplementation and formic acid treatment.
2983.0397711338287	45.11654974362256	1946.234611354201	76.61435065759892	196.023629920567	6.222972378430698	639.2458832860561	167.63480924476335	5289.526521666094	1233.704274023886	2785.9728268460062	5981.832198766509	27.225504155634304	5902.489300941517	132.23816304165234	22.55827487181128	22.55827487181128	7128.4148594923645	7868.948572525618	4424.5333610642265	4934.817096095544	5933.604162833671	3.8893577365191865	4934.817096095544	729.6435113709994	3.111486189215349	2546.7514458727637	2.333614641911512	84.91719461934552	52.89526521666094	2108.031893193399	3940.69725864124	269.1435553671277	2523.415299453648	208.4695746774284	620.7414947484622	66.89695306813	1056.349561238611	664.302301397477	1008.1215253057732	70.00843925734536	4656.33908216077	6797.0415803409305	14.779559398772909	387.380030557311	1432.8393901336683	376.6626441950973	112.52168509948956	275.3665277455584	434.5700748241564	96.45607186567582	2321.1686971546505	66.89695306813	7876.727287998657	91.7888425818528	7890.728975850126	41.53956057804273	136.90539232547536	134.78795892358653	Growth with high aminoadipate supplementation and formic acid treatment.	F10	77	Growth with high aminoadipate supplementation and formic acid treatment.	Yes	PosHigh	0.4948852086953802	2579.0984282017025	0.05633226076539	Growth with high aminoadipate supplementation and formic acid treatment.
2012.1493205225688	2356.096226412966	1206.8102238035897	343.94690589039743	10.785791473914902	224.1047784024541	1538.7729169451927	776.5769861218729	6832.19968808765	24132.609212247156	2012.1493205225688	2841.456842739137	1712.5440018027105	4583.961376413833	1235.572334400696	3108.7047870372503	11930.28379142476	1731.7187422007814	1731.7187422007814	3647.994360732996	4048.2670665427263	2455.5651922279594	35.952638246383	4048.2670665427263	5670.929472729479	10371.137712806618	32613.836574568904	1066.5949346426958	68.31001266812771	35.952638246383	425.43955258219887	2191.912511754484	242.0810975256456	2.996053187198584	11395.787902828532	184.5568763314328	38.34948079614188	499.7416716247238	441.01902915563153	1158.873372808412	162.11228032804115	3499.3901226479456	7.190527649276601	179.76319123191502	560.8611566435749	1894.7040355843844	490.1543014256883	262.45425919859593	1233.175491850937	10554.496167863172	559.6627353686954	5368.927311459862	2.3968425497588672	1633.4481976606678	53.928957369574505	1731.7187422007814	8.388948924156034	11.984212748794334	502.1385141744826	Growth with formic acid treatment without aminoadipate supplementation.	E8	60	Growth with formic acid treatment without aminoadipate supplementation.	Yes	None	0.1348799029648768	15415.581905202727	0.6204748767772539	Growth with formic acid treatment without aminoadipate supplementation.
905.8579691516708	650.7230077120822	1436.744858611825	73.10922118555052	148.1844473007712	5.154241645244215	57.98521850899743	198.36897712021215	3078.370822622108	2758.8078406169666	905.8579691516708	5973.766066838046	22.549807197943444	3156.973007712082	162.35861182519278	18.68412596401028	18.68412596401028	22900.29562982005	24887.255784061694	4098.910668380462	4591.140745501285	5502.1529562982005	190.706940874036	4704.534061696658	302.1674164524421	404.6079691516709	2579.69794344473	1.9328406169665808	79.89074550128534	3.221401028277634	1949.5919023136248	4025.462724935732	72.15938303341902	2462.438946015424	300.23457583547554	395.5880462724936	188.12982005141387	988.3258354755784	1072.082262210797	1002.5	277.0404884318766	3198.206940874036	8781.539203084832	12.241323907455012	324.7172236503856	1470.2474293059124	303.70578140079493	5.798521850899743	725.4595115681234	633.9717223650385	5.154241645244215	2922.45501285347	188.12982005141387	24744.225578406167	3.221401028277634	24919.46979434447	9.019922879177376	194.57262210796915	145.28711887926514	Growth with high aminoadipate supplementation and formic acid treatment.	B2	9	Growth with high aminoadipate supplementation and formic acid treatment.	Yes	PosHigh	0.1359134817980533	1688.2100167198862	0.0324022626039233	Growth with high aminoadipate supplementation and formic acid treatment.
2803.551831331988	5370.776545242226	1520.7488138200938	169.96128307728563	271.93805292365704	585.1524174517976	1991.7843697771425	169.96128307728563	5938.932834386295	49428.78781609079	2738.8046758739742	1616.250868120664	370.6774649971277	3406.5097165347397	50.17904547996052	195.05080581726588	2175.5044233892563	2338.9909909207404	2343.037688136866	1172.7328532332708	1491.6125938639875	1668.0485924870748	2.0233486080629244	1502.94334606914	6113.750154122932	2662.726768210808	62899.43350913051	90.646017641219	98.99373116442574	138.39704479150402	177.24533806631217	1668.8579319303	16.996128307728565	2742.042033646875	4176.191527041876	433.80594156869097	29.94555939933128	593.2458118840494	283.2688051288094	914.5535708444418	56.65376102576188	2563.178016694113	72635.7870111293	94.69271485734484	609.4326007485528	1919.7531593301023	1374.2583745963382	388.4829327480815	515.5492253344331	2730.7112814417223	3.237357772900679	3100.579406995625	110.07016427862308	2131.800093455097	118.16355871087478	2343.037688136866	212.0469341249945	446.7553726602937	308.3583278687897	Growth with low aminoadipate supplementation without formic acid treatment.	H2	15	Growth with low aminoadipate supplementation without formic acid treatment.	None	PosLow	0.1679013481185734	45363.66420255883	1.7652480393122794	Growth with low aminoadipate supplementation without formic acid treatment.
2638.4185632450844	8233.465474531662	1258.375058058523	355.6462300665738	57.85632450843784	52.7513546988698	1174.993884502245	2066.661944573464	7021.035144759251	58124.33542344016	2471.656216132528	832.1100789595913	1587.645610775662	2949.8217216287358	323.3147546059762	466.2539092738815	5386.593977395882	1813.1151106982504	1813.1151106982504	242.48606595448211	493.48041492491103	832.1100789595913	96.14359808019816	493.48041492491103	5495.5	1511.921891933736	58132.84370645612	62.96129431800589	53.893771393960414	61.25963771481654	293.5357640501626	832.1100789595913	10.20993961913609	2207.0486143365847	2950.6725499303298	992.06579965939	34.033132063786965	168.4640037157455	911.237111007896	626.2096299736802	61.79811947925464	2415.50154822728	69280.39611394954	34.033132063786965	399.8893017494968	769.9996129431801	819.3476544356712	230.72205208870383	134.4308716519585	1646.3527635856944	3.4033132063786966	2315.954636940703	34.033132063786965	1611.4688032203128	61.25963771481654	1794.3968880631678	250.83994971014164	52.7513546988698	689.1709242916861	Growth with low aminoadipate supplementation without formic acid treatment.	H4	31	Growth with low aminoadipate supplementation without formic acid treatment.	None	PosLow	0.1463862214792318	36881.087539073415	1.5830766463137853	Growth with low aminoadipate supplementation without formic acid treatment.
1223.7621198765976	2519.51024680476	2857.1900617011897	27.4855663287792	41.88276773909211	303.6500661084178	155.75154252974878	27.4855663287792	5939.5	15677.243499338914	1223.7621198765976	2461.921441163508	1993.3579770824151	3196.178713089467	58.89764213309828	294.4882106654914	6177.708241516086	10889.51961216395	11638.17408550022	810.169788453063	973.7743499338916	2454.068422212428	71.98600705156456	973.7743499338916	2557.466505068312	3942.215513442045	17211.199867783165	94.23622741295723	176.69292639929483	86.38320846187747	123.03063023358308	2376.847069193477	74.60368003525782	3.272091229616571	5113.624173644777	780.0665491405905	217.26685764654036	366.474217717056	1142.6142573821066	799.6990965182899	82.45669898633759	2851.954715733804	4078.334508594094	12.43394667254297	319.3561040105773	1475.0587263111502	663.5801013662406	280.0910092551785	293.1793741736448	3307.42981489643	52.35345967386514	2910.852357866901	217.26685764654036	11093.698104892022	86.38320846187747	11651.262450418686	9.1618554429264	193.707800793301	77.22135301895108	Growth with proline supplementation and formic acid treatment.	G9	70	Growth with proline supplementation and formic acid treatment.	Yes	NegHigh	0.1646488193089847	11913.432741050805	0.5266360612017318	Growth with proline supplementation and formic acid treatment.
949.3183211958604	2072.792161747796	2035.229206592564	77.16252749396672	36.42468378689153	138.86910693752395	104.72096588731314	252.98221312457304	5939.5	11015.052031429666	892.4047527788424	7189.321962437715	19.919748945956304	3514.9819854350326	20.488884630126485	16.504934840935224	33.00986968187045	19963.00325795324	21085.338827136835	3694.8288616328095	4912.7792257569945	7232.576274434649	15.935799156765045	5047.0952472211575	2109.216845534688	76.26418167880414	8359.464929091606	1.7074070525105405	96.75306630893064	59.19011115369873	1713.0984093522422	6941.178804139517	40.97776926025297	6540.50728248371	506.53075891146034	1470.6466078957455	20.488884630126485	27.318512840168648	821.8319279417401	2046.611920275968	153.66663472594863	3610.596780375623	27052.157339977	10.813577999233422	239.0369873514757	2077.345247221157	605.8098879786096	5.122221157531621	540.6788999616712	76.26418167880414	12.520985051743963	6880.850421617478	20.488884630126485	20620.924108853967	59.19011115369873	21101.2746262936	7.9678995783825215	388.1505366040629	140.58427462949754	Growth with high aminoadipate supplementation and formic acid treatment.	E9	68	Growth with high aminoadipate supplementation and formic acid treatment.	Yes	PosHigh	0.0596490405288432	4545.319112010611	0.0935827617892179	Growth with high aminoadipate supplementation and formic acid treatment.
3722.027538726334	5328.478485370052	679.065404475043	123.46643717728055	292.71256454388987	524.3855421686748	554.2117039586919	1878.354561101549	3476.481927710844	35606.19449225473	3617.289156626506	1452.4647160068848	1242.2943201376936	2239.736660929432	950.9690189328744	1377.5524956970742	10089.56626506024	58.265060240963855	57.918244406196216	300.342512908778	549.3562822719449	1430.962134251291	17.3407917383821	549.3562822719449	4473.924268502582	1842.2857142857144	37363.16351118761	403.0	55.41394724056596	81.15490533562823	323.92598967297766	1372.0034423407917	18.72805507745267	985.6506024096386	2538.69191049914	1592.578313253012	1.040447504302926	21.502581755593805	507.0447504302926	430.05163511187607	15.953528399311532	2154.419965576592	65465.65060240964	38.8433734939759	228.8984509466437	2228.638554216868	753.9776247848537	116.53012048192772	742.1858864027539	1541.9432013769365	251.0946643717728	1803.4423407917384	1.387263339070568	54.79690189328744	18.72805507745267	58.95869191049914	203.64655793037525	25.66437177280551	406.4681583476764	Growth with low aminoadipate supplementation without formic acid treatment.	D7	51	Growth with low aminoadipate supplementation without formic acid treatment.	None	PosLow	0.1491798531957994	39216.6516911932	1.573067662760706	Growth with low aminoadipate supplementation without formic acid treatment.
557.3946455131384	2610.734754586019	1866.0	218.3321764997521	55.508180466038674	80.48686167575607	1508.8973723351514	27.754090233019337	11609.535944471989	24309.80763510164	297.8939018344076	10571.532969757063	393.182944967774	2824.441249380268	36.08031730292514	375.6053544868617	2713.424888448191	6491.373326722856	6543.48934060486	11366.22508676252	12640.137828458108	10252.360932077345	115.64204263758056	12722.474962816064	2288.787307882995	4973.532969757065	25407.944471988103	324.72285572632626	16.652454139811603	14.802181457610311	645.7451660882499	7346.507684680218	36.08031730292514	2.312840852751612	5242.747645017353	1463.5656916212197	82.33713435795737	590.2369856222113	49.95736241943481	824.2964799206743	32.37977193852256	2091.733267228557	2373.8998512642543	8.788795240456123	992.6712940009916	701.2533465542887	574.5096678235003	148.02181457610314	604.1140307387209	4985.5597421913735	223.882994546356	6018.937035200794	82.33713435795737	5012.388696083292	14.802181457610311	5909.770946950918	6.475954387704513	118.4174516608825	690.1517104610808	Growth with formic acid treatment without aminoadipate supplementation.	D10	75	Growth with formic acid treatment without aminoadipate supplementation.	Yes	None	0.1530844277037011	10625.62333511204	0.4569210622647616	Growth with formic acid treatment without aminoadipate supplementation.
3122.783653846154	5641.572115384615	1517.8413461538462	77.10576923076923	318.4182692307692	111.375	1769.1490384615383	653.9711538461538	5944.283653846153	41552.87019230769	3004.2692307692305	3372.663461538461	261.3028846153846	2628.7355769230767	144.21634615384616	84.2451923076923	544.0240384615385	713.9423076923076	713.9423076923076	1227.9807692307693	2021.8846153846152	3361.2403846153843	541.1682692307692	2021.8846153846152	6561.129807692308	259.875	41077.38461538462	446.9278846153846	29.985576923076923	182.7692307692308	2106.129807692308	3239.8701923076924	71.39423076923076	7904.7692307692305	3092.7980769230767	1676.3365384615383	71.39423076923076	2.855769230769231	1256.5384615384614	1610.6538461538462	148.5	434.07692307692304	229726.6442307692	61.39903846153846	348.40384615384613	3759.620192307692	1315.0817307692307	6.425480769230769	402.6634615384616	194.19230769230768	5.711538461538462	4132.298076923077	208.47115384615384	705.375	182.7692307692308	713.9423076923076	9.995192307692308	235.60096153846152	171.34615384615384	Growth with high aminoadipate supplementation without formic acid treatment.	B8	57	Growth with high aminoadipate supplementation without formic acid treatment.	None	PosHigh	0.1290513206528696	13640.2856454398	0.5262425003096473	Growth with high aminoadipate supplementation without formic acid treatment.
940.6175771971496	1302.9691211401423	1436.579572446556	66.270783847981	20.30878859857482	28.859857482185276	3211.995249406176	215.9144893111639	7190.380047505938	12220.546318289786	126.12826603325416	14680.047505938242	313.1828978622328	2834.6793349168647	4.275534441805226	42.75534441805225	790.9738717339667	25389.19239904988	27212.707838479808	14034.976247030878	16002.256532066507	13959.619952494062	49.16864608076009	16240.617577197148	2446.67458432304	2.137767220902613	10726.24703087886	1.6033254156769596	12.826603325415675	92.99287410926364	1099.8812351543943	11311.995249406176	328.14726840855104	889.3111638954869	462.8266033254157	520.5463182897862	176.36579572446556	381.5914489311164	859.3824228028503	678.7410926365795	12.826603325415675	1239.9049881235153	22151.543942992877	10.15439429928741	228.7410926365796	1066.7458432304038	331.73308728339964	4.809976247030879	800.5938242280284	74.82185273159145	4.275534441805226	2593.111638954869	176.36579572446556	27451.06888361045	107.95724465558196	27730.04750593824	7.482185273159144	510.9263657957245	141.09263657957243	Growth with low aminoadipate supplementation and formic acid treatment.	C9	66	Growth with low aminoadipate supplementation and formic acid treatment.	Yes	PosLow	0.1055463851592913	6179.683258345362	0.1917520430500571	Growth with low aminoadipate supplementation and formic acid treatment.
6140.175457020055	7889.785464527715	1459.233556681809	312.4303584835107	49.62129222973405	288.53862518771285	487.02379410664906	1507.017023273405	3732.623871058884	47722.81834553719	5287.424360923885	798.5352397710906	2509.5509088778463	3060.898600319336	90.97236908784576	1511.6115873687504	6546.334923048618	5640.286883446438	5686.232524399895	752.5895988176331	798.5352397710906	798.5352397710906	2.297282047672873	798.5352397710906	2036.3108070572343	4618.455828641544	32388.001220911232	75.35085116367023	49.62129222973405	167.24213307058514	58.81042042042554	470.4833633634044	44.10781531531916	10.10804100976064	24602.9718177574	4079.054003847953	125.89105621247344	59.72933323949469	431.8890249625001	939.1289010886704	1.8378256381382985	1608.097433371011	2216.417719594788	345.51121997000007	686.4278758446544	1244.207957019628	215.9004161027628	101.99932291667557	573.401599099149	4998.885735736171	92.81019472598406	3875.055358014602	125.89105621247344	5486.828442661889	167.24213307058514	5686.232524399895	210.4310355668352	219.62016375752663	801.291978228298	Growth with proline supplementation without formic acid treatment.	B4	25	Growth with proline supplementation without formic acid treatment.	None	NegHigh	0.247260368514477	57765.74478542519	2.0175150680749288	Growth with proline supplementation without formic acid treatment.
1390.0	2824.402777777778	1083.0416666666667	15.444444444444445	263.5208333333333	54.05555555555556	799.25	305.02777777777777	8373.784722222223	23819.194444444445	1329.1875	17324.805555555555	115.83333333333331	3611.1041666666665	394.7986111111111	144.79166666666666	1126.4791666666667	13279.326388888889	13373.923611111111	14011.006944444443	15900.055555555557	15834.416666666666	15.444444444444445	16071.875	925.7013888888888	4701.868055555556	20237.04861111111	162.16666666666666	70.46527777777777	2.4131944444444446	296.34027777777777	11341.048611111111	110.04166666666669	164.09722222222223	546.3472222222222	651.5625	51.15972222222222	62.74305555555556	56.951388888888886	1233.625	126.45138888888889	2968.2291666666665	15282.277777777776	71.43055555555556	292.4791666666667	247.11111111111111	161.20138888888889	184.36805555555557	881.2986111111111	4416.145833333333	27.99305555555556	1094.625	139.0	11763.840277777776	2.4131944444444446	13155.770833333334	123.55555555555556	537.6597222222222	15.444444444444445	Growth with formic acid treatment without aminoadipate supplementation.	G12	94	Growth with formic acid treatment without aminoadipate supplementation.	Yes	None	0.6807989234477203	5109.878381522166	0.1068036930682531	Growth with formic acid treatment without aminoadipate supplementation.
1438.7486781229345	1561.4250660938533	2911.846744877726	296.9136181572939	385.6945637805684	171.74694315928616	552.9470896357619	106.9738103106411	5939.5	11066.391606080631	1342.5703899537343	2913.809567085261	1376.9197785855915	2535.9662921348317	223.7617316589557	206.0963317911434	5624.46703569068	9528.520406477195	9598.20059484468	2745.006857237277	3244.5451090548577	2898.106989424983	18.64681097157964	3334.834930601454	1052.0727032385987	3305.392597488433	10714.065019828156	65.75454395241242	28.46092200925314	2.4535277594183738	682.0807171183079	2844.129378717779	22.57245538664904	2.4535277594183738	3913.8674818241902	3698.938450099141	107.95522141440846	128.5648545935228	1041.2771810971578	1050.109881031064	1.962822207534699	465.1888631857237	2731.2671017845337	9.32340548578982	527.0177627230668	873.4558823529411	243.66075988872345	115.80651024454724	195.30080964970256	3303.429775280899	144.2674322538004	2993.303866490416	107.95522141440846	8892.566011235955	2.4535277594183738	9452.951751487111	93.23405485789822	1046.184236615995	582.6374238431159	Growth with proline supplementation and formic acid treatment.	H7	55	Growth with proline supplementation and formic acid treatment.	Yes	NegHigh	0.1602857485076943	13679.480256484345	0.6362503462900178	Growth with proline supplementation and formic acid treatment.
4832.554263565891	7139.740310077519	1866.0	1116.2248062015503	19.286821705426355	669.0116279069767	297.7403100775194	2679.662790697674	11116.441860465116	51951.46511627907	4278.058139534884	5245.202662209694	3019.593023255814	4049.0271317829456	130.1860465116279	1100.5542635658917	5092.926356589147	4438.37984496124	4532.403100775194	4165.918840805139	4765.434749214712	5080.140522494501	32.54651162790697	4988.937017959281	2175.794573643411	6684.089147286822	36840.24031007752	3.6162790697674416	36.02769355932941	115.72093023255812	724.4612403100775	3375.1134986733828	16.875968992248062	3.013565891472868	28924.205426356588	4304.5775193798445	97.63953488372093	323.05426356589146	893.2209302325581	1499.550387596899	63.8875968992248	1839.4806201550389	4674.643410852713	191.6627906976744	309.79457364341084	1277.751937984496	267.58594780267805	5.424418604651162	9.643410852713178	6034.364341085271	62.68217054263565	3496.941860465116	97.63953488372093	4409.4496124031	128.98062015503876	4515.527131782946	303.7674418604651	659.3682170542635	2017.8837209302324	Growth with proline supplementation without formic acid treatment.	C2	10	Growth with proline supplementation without formic acid treatment.	None	NegHigh	0.2422011498744488	63898.252900990665	2.094635492487793	Growth with proline supplementation without formic acid treatment.
6356.812477579446	8629.916528918317	1569.6338576429569	732.6322308163997	318.2243348937155	333.57277548344456	695.79597340105	2533.515926677941	5730.0844868321765	62500.89654012196	5354.559307070139	1058.0191713186557	5996.124123720813	3451.352673943737	958.765922171741	2296.126712223465	7692.638423572197	1746.3114626536158	1767.1171265641372	1090.7625112434107	1197.1783659988655	996.6254089597392	29.673651806809485	1229.9217059236207	3681.5792827896735	6969.215257109635	53388.015747313504	1304.6174501269686	33.8325781178357	55.25438612302456	661.0061747309975	900.4418479307706	14.32521121708044	2.5580734316215072	30240.52087925681	5302.37460906506	70.6028267127536	2.0464587452972056	406.2220609414954	72.64928545805081	314.1314174031211	1022.2061432759544	1708.7930523231669	158.60055276053345	167.80961711437087	413.3846665500356	421.5705015312244	29.673651806809485	800.1653694112075	7451.156291627127	175.9954520955597	4563.603002012769	70.6028267127536	1584.982298232686	55.25438612302456	1699.5839879693294	421.5705015312244	312.0849586578239	1414.1029930003692	Baseline growth without any supplementation or treatment.	H1	7	Baseline growth without any supplementation or treatment.	None	None	0.2401408225930871	53068.9809274885	2.0802286607826623	Baseline growth without any supplementation or treatment.
1414.143169601483	2083.703577386469	1093.1828730305838	1160.8722150139015	160.198109360519	172.60782205746062	575.3594068582021	72.20196478220575	8306.610417052827	19924.357812789614	1363.940240963855	6416.949620018536	295.57679332715475	2753.828063021316	4.512622798887859	153.42917516218722	1193.588730305839	6334.5942539388325	6669.656496756255	8351.736645041705	9006.066950880444	5805.489230769231	55.27962928637627	9161.752437442075	2780.903799814643	4735.997627432808	18360.734012974972	92.50876737720112	66.26134250862275	48.510695088044486	307.9865060240964	3573.9972567191844	372.2913809082484	48.25593615664583	5005.626839666357	452.3904355885079	74.45827618164968	23.69126969416126	672.380797034291	821.2973493975903	186.14569045412415	2294.6686932344765	6.768934198331789	156.8136422613531	284.2952363299351	1048.0566450417052	385.829249304912	36.10098239110288	166.96704355885078	4455.086858202039	38.357293790546805	3601.0729935125114	74.45827618164968	6688.8351436515295	48.510695088044486	6706.885634847081	141.45626248533088	209.83696014828544	1853.559814643188	Growth with formic acid treatment without aminoadipate supplementation.	A1	0	Growth with formic acid treatment without aminoadipate supplementation.	Yes	None	0.1399380248192337	11484.853228345806	0.3029037497395168	Growth with formic acid treatment without aminoadipate supplementation.
3561.105433245809	7767.995152494445	1363.5804887901434	728.2495455463543	168.4149666733993	1300.860432235912	245.07281357301557	2991.978994142597	6136.112199555645	59304.13643708341	6213.931528984043	348.44475863461923	5109.3616441123	2976.8797212684303	1738.73934558675	2577.3297313674	12001.59896990507	5750.5	6378.862048071096	4214.472550835679	4465.449417026829	384.4507170268632	29.037063219551605	4717.30105081982	2829.3714401131083	4145.331145223187	31930.316198747725	2214.9471823873964	12.776307816602706	42.974853564936375	432.0715007069279	394.9040597859018	152.15421127045042	2.9037063219551604	37886.39860634216	4734.202787315694	80.14229448596242	49.94374873762876	551.7042011714805	881.5652393455867	2.3229650575641285	1410.039789941426	803.7459099171884	379.804786911735	284.5632195516057	793.2925671581498	231.8661799208812	175.3838618460917	492.4685922035952	4664.513835588769	347.2832761058372	3913.034639466774	80.14229448596242	6338.210159563724	42.974853564936375	6378.862048071096	68.52746919814179	391.4196121995556	1656.2740860432234	Growth with proline supplementation without formic acid treatment.	H8	63	Growth with proline supplementation without formic acid treatment.	None	NegHigh	0.2445903464867204	51233.371725590085	2.0392699307387567	Growth with proline supplementation without formic acid treatment.
11422.664857614856	9092.991436434078	1643.848563718827	1140.135391571632	783.6614543597708	1924.765525108609	1151.7595416981055	2335.485496244014	9745.88120187102	61305.76776702247	11018.725640719893	432.0684880379395	6975.458755061446	3320.632219462663	1831.7723240968191	2751.04886326545	13448.173017152903	2548.594915229366	2548.594915229366	41.65320461986421	41.65320461986421	452.3152585869781	15.49886683529831	41.65320461986421	2226.993428396926	6875.6847998092135	38988.3682033701	1500.4840454923178	55.35461520615854	72.65093829046083	200.5165896816719	97.83659689782058	77.49433417649155	2.421697943015361	43410.38864731616	5386.82490444337	21.310941898535177	238.29507759271152	501.7758137927828	1020.01917359807	75.65354104568254	2371.326625800641	408.78261278099296	591.8629772729543	215.04677733976408	2071.036080866737	390.5243386098212	246.04451101036068	91.05584265737758	7175.006665565912	125.92829303679878	4881.174373941762	33.903771202215054	2402.324359471238	72.65093829046083	2536.002085925686	20.342262721329032	365.19204980671645	1607.0387549849936	Baseline growth without any supplementation or treatment.	E6	44	Baseline growth without any supplementation or treatment.	None	None	0.2334394957596511	60240.753129059565	2.141459817408492	Baseline growth without any supplementation or treatment.
2928.472759990072	2470.7376520228345	564.6136758500869	321.37279722015387	350.1194465127823	2.94837428642343	1548.6335939439066	11.79349714569372	5939.5	19036.178580292875	2862.8714321171506	6712.711156614545	51.59655001241003	2206.8581533879374	2.94837428642343	45.69980143956317	770.9998758997269	13587.58289898238	14762.510052122114	7006.074398113676	7768.966244725739	6507.06205013651	99.50763216679076	7789.6048647307025	1522.8353189377017	781.319185902209	18537.90332588732	298.5228965003723	140.04777860511294	213.75713576569868	869.7704144949118	4461.627388930256	18.42733929014644	920.629870935716	6030.162509307521	197.5410771903698	30.22083643584016	103.93019359642592	349.38235294117646	660.4358401588484	3.685467858029288	1858.2128940183668	7527.936646810623	7.002388930255647	190.9072350459171	946.4281459419212	187.22176718788785	234.3957557706627	227.76191362621	1211.7818317200297	68.54970215934475	2614.4708984859767	30.22083643584016	14583.39631422189	222.60225862496895	14887.81595929511	35.38049143708116	179.11373790022338	341.27432365351206	Growth with low aminoadipate supplementation and formic acid treatment.	F8	61	Growth with low aminoadipate supplementation and formic acid treatment.	Yes	PosLow	0.1196745721924549	3993.585328445556	0.1174088715789012	Growth with low aminoadipate supplementation and formic acid treatment.
2537.7195057664862	219.94497087828023	1435.210537819664	71.37351344125847	6.264255499697854	48.72198721987221	225.51319798912277	179.70509410157095	6484.200470576135	4447.621404785476	2537.7195057664862	16223.029687439732	24.360993609936106	3038.8599457423147	5.568227110842537	20.1848232768042	616.8182466991224	16696.32899186135	18220.63116345449	14130.76835054065	16474.991964205357	16040.67024955964	44.5458168867403	16584.964449644496	1067.7075485040566	2.7841135554212686	6211.35734214485	100.22808799516568	55.682271108425375	15.312624554816978	3425.851729945871	12006.48970775422	182.35943788009308	2921.927176414621	2792.465896087532	320.1730588734459	135.02950743793153	407.8726358692159	1151.230955166695	1002.2808799516567	104.40425832829756	350.79830798307984	11800.465304653047	13.224539388251026	765.6312277408489	1319.6698252696813	393.6041596706984	48.26209432475476	808.7849878498786	337.1849580270497	13.920567777106344	5101.888090309475	160.08652943672294	18071.681088239453	15.312624554816978	18389.07003355748	9.74439744397444	395.3441248698201	129.32580926690989	Growth with high aminoadipate supplementation and formic acid treatment.	G7	54	Growth with high aminoadipate supplementation and formic acid treatment.	Yes	PosHigh	0.0655483926462328	3925.483626871876	0.0829327068054966	Growth with high aminoadipate supplementation and formic acid treatment.
1588.64823518219	264.34487679573783	3860.724688421654	72.21128341737229	24.500256873751308	5.157948815526591	324.95077537817525	216.76690942472635	4744.023423080583	9068.96350489963	1476.4628484444868	1762.7290077062123	22.56602606792884	3368.140576538864	5.157948815526591	37.39512891256779	1561.5690039006756	14489.967710018078	15597.637218152411	2389.419788792693	2702.765179335934	1712.4390067548284	188.2651317667206	2716.949538578632	1108.9589953382172	2520.9474835886217	11455.80431928456	184.39667015507564	168.92282370849588	15.473846446579774	510.63693273713255	1480.3313100561318	259.18692798021124	610.4360736013979	1735.649776424698	753.0605270668824	83.81666825230711	196.0020549900105	1021.2738654742652	870.4038626201124	33.526667300922846	3356.5351917039293	747.9025782513557	12.250128436875654	502.9000095138427	1014.8264294548568	312.4919450448833	310.7664161354772	248.87103034915805	1894.2567025021408	15.473846446579774	5792.376519836363	6.447436019408239	15642.76927028827	15.473846446579774	15671.137988773666	9.026410427171536	947.7730948530112	172.79128532014082	Growth with proline supplementation and formic acid treatment.	G4	30	Growth with proline supplementation and formic acid treatment.	Yes	NegHigh	0.1503787613537019	10244.691012795907	0.4432672696873451	Growth with proline supplementation and formic acid treatment.
1808.8051948051948	1682.4415584415583	890.8636363636364	73.11038961038962	548.7792207792207	14.441558441558442	726.5909090909091	101.49019885732936	6310.058441558442	12148.058441558442	1687.857142857143	12315.03896103896	180.5194805194805	1664.3896103896104	9.928571428571429	108.31168831168831	2175.2597402597403	21309.42207792208	22871.81818181818	11913.383116883117	13486.61038961039	11553.246753246753	126.36363636363636	13855.772727272728	667.0194805194806	801.5064935064935	11278.857142857143	1.353896103896104	83.24968686654576	126.36363636363636	1137.2727272727273	9157.753246753247	78.52597402597402	581.2727272727273	614.6688311688312	368.2597402597403	90.25974025974024	9.025974025974026	576.7597402597403	735.6168831168832	86.64935064935065	2885.603896103896	13392.74025974026	8.574675324675324	664.3116883116883	474.76623376623377	160.20784883204408	4.061688311688312	382.7012987012987	1075.8961038961038	246.4090909090909	1766.3831168831168	139.0	22471.967532467534	121.85064935064936	22926.876623376626	82.78628526769067	192.25324675324677	172.3961038961039	Growth with low aminoadipate supplementation and formic acid treatment.	E7	52	Growth with low aminoadipate supplementation and formic acid treatment.	Yes	PosLow	0.0673331147055852	9394.46829642914	0.2591758083178905	Growth with low aminoadipate supplementation and formic acid treatment.
10162.856938640862	7848.480646580162	1513.5366175500328	260.650648779415	78.06927644600836	1271.773696943039	1367.4715196833076	2994.3345062678686	3683.106993622168	60521.317791950736	9456.455904992305	2885.984764056569	4959.917418077854	4754.670771937541	1074.0821420716957	3199.581152408181	12861.283703540796	5492.551352540136	5725.5	4236.11318106257	4526.474889337165	2718.432094519355	3.1479546954035627	4693.882564467415	2977.96514185177	5374.188255992962	40675.35221024852	1762.854629425995	15.1101825379371	62.95909390807125	414.27083791510887	2299.127472714357	89.40191334946118	3.1479546954035627	40871.78458324169	3605.03771717616	151.101825379371	39.03463822300418	951.9414998900372	861.2804046624148	2.51836375632285	3446.38080052782	235.46701121618648	878.9089509566747	452.0462942599516	346.2750164943919	225.39355619089508	5.666318451726413	443.2320211128216	6876.392236639542	5.0367275126457	4283.736749505168	128.43655157246536	5652.467451066637	62.95909390807125	5675.132724873542	47.84891137013416	187.61809984605236	260.650648779415	Growth with proline supplementation without formic acid treatment.	A7	48	Growth with proline supplementation without formic acid treatment.	None	NegHigh	0.2495249511158676	61786.2249475132	2.113679831506265	Growth with proline supplementation without formic acid treatment.
1645.0766380944533	833.8576537130141	271.66403197890054	47.45258835723038	4.244750499670321	77.3487868828814	1305.4965981208277	117.90973610195336	6833.105026580401	7982.96077304665	1645.0766380944533	10744.878431498806	33.01472610854694	2562.886023912058	49.91808740173965	13.677529387826588	736.2035019458319	16114.95945252617	16944.100716795107	6135.079388856837	7334.928863430315	10334.552549864007	538.611674513723	7334.928863430315	1178.154083130718	1.8865557776312536	7758.460635508531	299.96236864336936	102.75783970306613	121.68284765721586	2418.564506923268	7777.326193284844	19.808835665128164	2793.045828783071	4265.502613224265	16.035724109865658	266.9476425348224	1.8865557776312536	463.1494434084728	1004.5909515886426	264.1178088683755	2294.99510348842	7841.469089724306	8.961139943748455	162.2437968762878	459.3763318532103	406.0394992403228	54.710117551306354	397.1199911913789	428.16096674813	99.98745621445644	4556.975480868293	266.9476425348224	16779.02708625237	146.20807276642216	16950.703662016815	108.62186080986538	151.8677400993159	55.65339544012198	Growth with high aminoadipate supplementation and formic acid treatment.	A6	40	Growth with high aminoadipate supplementation and formic acid treatment.	Yes	PosHigh	0.8940144374996035	1807.3197379231096	0.0441951175935013	Growth with high aminoadipate supplementation and formic acid treatment.
12465.865315635116	10703.194079448684	1285.7962524486209	508.6666493203335	120.10184775618984	1683.192072230131	762.9999739805003	6459.006724182152	6109.298402774422	95178.94814313698	11973.094499106044	174.85416070386464	9088.883949314017	7236.136327310439	725.9096974675592	4933.006776221151	17483.64986674299	3323.406522469077	3547.420017916284	213.44949144431897	19.428240078207185	174.85416070386464	4.415509108683451	19.428240078207185	6833.441896598508	9578.12235855614	65997.7315456698	372.6689687728832	30.025461939047464	450.38192908571193	65.34953480851507	174.85416070386464	54.75231294767479	75.94675666935535	50024.18579409655	7107.203461336882	21.194443721680564	3.53240728694676	1713.2175341691789	1612.543926491196	3.53240728694676	4759.91881916076	551.0555367636946	1359.9768054745027	614.6388679287363	1492.4420787350064	65.34953480851507	97.14120039103592	883.1018217366901	9256.673295443985	192.51619713859844	5904.41878013151	24.726851008627325	2799.432774905308	397.39581978151057	2875.379531574663	404.46063435540407	22.960647365153942	1264.60180872694	Baseline growth without any supplementation or treatment.	A8	56	Baseline growth without any supplementation or treatment.	None	None	0.2390246314839196	55616.02708400069	1.9755491875928204	Baseline growth without any supplementation or treatment.
14470.590768227044	12377.071277116296	2382.528706573153	733.3069646061002	358.02634154297834	2248.8080247920407	1647.7838851737076	4258.931821888763	10840.002365030175	92866.85671179254	12671.83191975208	2740.4606586549653	9114.574213015823	4217.233974881749	1430.6675093785682	2754.9336160495845	12221.782743435004	2798.0693198499434	2798.0693198499434	46.01141738704943	53.2007013537759	2489.085048285788	122.21782743435004	53.2007013537759	3161.847088566303	7807.562387864949	58540.90148426032	3153.219947806231	53.15386318299464	30.194992660251188	294.7606426357854	2254.1517942872983	2.156785190017942	3.5946419833632364	57988.76447561573	6188.535638558148	115.02854346762356	35.94641983363236	1491.0574946990705	1971.301663676399	41.69784700701354	2452.9836894470727	1527.0039145327028	938.9204860544774	125.09354102104064	1781.50456695482	424.1510712863696	217.11637579513948	115.02854346762356	9255.48417876366	5.751427173381178	2714.673625835916	115.02854346762356	2530.6279562877185	30.194992660251188	2759.2471864296203	674.3548360789432	242.9977980753548	1255.2489805904422	Baseline growth without any supplementation or treatment.	D5	35	Baseline growth without any supplementation or treatment.	None	None	0.2282368218909971	60943.44640719505	2.107110104961238	Baseline growth without any supplementation or treatment.
2967.1420898869774	1177.022161890991	1916.7152005193727	19.87859651193673	216.57207778794228	178.90736860743058	51.26585416236315	89.97680526455572	8263.218697435595	8337.501873874937	2756.8474636291203	3330.1880367102426	18.30923362941541	3069.673798211704	36.61846725883082	15.170507864372768	1023.9514297398542	26332.86292678608	29024.843391270988	5288.752914096851	5645.521409390031	2990.1594121639564	29.29477380706465	5738.63694041963	892.4443591937911	71.14445067429988	10123.4368341842	229.12698084811285	91.80487487282664	12.554903060170568	531.4908962138874	1890.559152477351	4.184967686723522	489.2359855580017	4053.1412045917314	514.7510254669933	227.03449700475107	94.16177295127925	674.826039484168	806.6525216159589	54.40457992740579	2438.7899194381325	55.45082184908667	94.16177295127925	385.017027178564	1704.3280904181545	347.0135599873577	19.87859651193673	490.687461268333	356.76849529318025	163.21373978221737	2981.789476790509	227.03449700475107	28767.467878537493	12.554903060170568	29087.61790657184	206.705523403999	717.721958273084	64.86699914421459	Growth with proline supplementation and formic acid treatment.	F3	21	Growth with proline supplementation and formic acid treatment.	Yes	NegHigh	0.1259331004121444	1283.1540833688912	0.0288690894009814	Growth with proline supplementation and formic acid treatment.
7167.963153721666	6597.719466074755	1462.6750588143254	1323.9157614869107	64.62761793331653	1077.760569652661	718.5070464351072	1739.2432473230772	4537.238941377252	50401.938738818266	6616.727588996318	424.8315472969483	4235.009786924389	3061.2581965178315	667.1851145468853	1733.540810446608	5193.969588317276	1761.1025886828754	1761.1025886828754	278.469000800908	381.11286457735184	424.8315472969483	60.82599334900379	381.11286457735184	2972.87042493256	6465.613011769887	43718.68271959647	1022.6370131801262	42.73922151118832	73.18127324802019	315.53484049795713	385.8648953077428	102.6438637764439	2.3760153651954603	24836.01340931511	3425.263750465776	193.8828537999496	302.2291544528626	920.9435555497604	830.654971672333	1.9008122921563684	2128.9097672151324	31.36340282058008	718.5070464351072	492.3103836684994	1015.0337640115008	99.79264533820934	198.63488453034049	83.63574085488021	6374.374021746381	3.8016245843127368	4573.354374928223	204.3373214068096	1751.5985272220937	80.78452241664566	1761.1025886828754	239.50234881170243	414.3770796900883	1842.8375172455992	Baseline growth without any supplementation or treatment.	G2	14	Baseline growth without any supplementation or treatment.	None	None	0.2371916634625529	62823.26335700212	2.2127485365182	Baseline growth without any supplementation or treatment.
3837.7592997811817	10137.610503282276	776.8993435448579	309.5251641137856	108.46608315098467	195.7680525164114	309.5251641137856	251.3238512035011	9045.013129102845	75025.90153172867	3697.54704595186	2997.36761487965	1381.840262582057	3169.326039387309	77.60175054704595	401.2363238512035	3324.5295404814005	2358.916849015317	2358.916849015317	1452.387308533917	1791.0131291028447	2955.9212253829323	21.164113785557987	1791.0131291028447	3790.140043763676	3140.2253829321667	75752.53610503282	403.0	39.68271334792123	81.12910284463895	244.2691466083151	2306.8884026258206	18.51859956236324	1450.6236323851203	3259.27352297593	2194.894967177243	119.04814004376368	226.6323851203501	732.8074398249454	1079.3698030634573	39.68271334792123	2695.7789934354487	26770.84026258206	8.37746170678337	424.164113785558	842.1553610503282	582.894967177243	186.9496717724289	917.1115973741796	3782.203501094092	3.527352297592998	3490.315098468272	3.527352297592998	1964.7352297593	90.8293216630197	2223.995623632385	309.5251641137856	159.61269146608316	707.2341356673961	Growth with low aminoadipate supplementation without formic acid treatment.	C1	2	Growth with low aminoadipate supplementation without formic acid treatment.	None	PosLow	0.1489282681378313	48783.12478121101	1.7928892145465452	Growth with low aminoadipate supplementation without formic acid treatment.
670.5980350998212	884.1698863832505	883.2909898759114	265.4254964282817	98.43640882199212	247.8488150696587	3609.627955642157	75.66723186325193	8058.602075793265	8740.625765488496	670.5980350998212	11418.623423351084	15.380688878436269	2512.7651144828164	7.910068566052938	12.74399935641862	333.9806727889018	25739.36311393626	27537.58536795229	12450.008474713652	14057.949634890749	11161.106746700694	105.46758088070584	14325.134173121867	1589.9237817766405	691.6915512759624	8481.351295823428	66.79613455778036	61.83809040888968	145.0179237109705	805.0692007227212	8947.166444713212	39.55034283026469	892.0799549493036	83.49516819722545	900.8689200226956	240.81764301094495	1.7577930146784306	264.5478487091038	722.452929032835	27.245791727515677	1661.9932953784562	9096.578850960876	8.349516819722545	275.0946067971744	723.3318255401741	21.972412683480385	3.955034283026469	488.6664580806037	687.2970687392664	61.52275551374507	4335.596470704349	240.81764301094495	27238.76055545696	139.74454466693524	27698.42342879537	114.91637450212708	329.5861902522057	456.6068053642347	Growth with low aminoadipate supplementation and formic acid treatment.	F1	5	Growth with low aminoadipate supplementation and formic acid treatment.	Yes	PosLow	0.0852537203557545	7251.547014354227	0.2070672272516745	Growth with low aminoadipate supplementation and formic acid treatment.
8486.942952701036	9473.421038900766	1060.082456598617	36.80218519944394	24.235585375243573	1359.8856238331116	1387.7116663009838	3555.450135975548	5694.4649489090825	61440.799383335085	7852.329661578918	5941.82539161781	5787.816833317428	3098.5644709385488	2218.0048689713653	2885.8298882003	9277.741127352503	7020.241230362221	7239.259113012571	4863.6454403266025	5520.111404021523	5496.491606419431	75.39959894520223	5819.6896976384905	622.0466912979184	3841.789089112685	30868.057239601894	1779.0714893975096	52.1645821309709	169.649097626705	471.2474934075139	3469.9983298314783	1.346421409735754	2.2440356828929238	41826.13228630462	3406.446166631458	52.06162784311582	1.7952285463143387	521.5138927043154	804.2623887488237	106.81609850570317	2106.7006990998766	1289.8717105268524	478.4284075927712	61.93538484784469	417.3906370180837	262.1288769394741	152.59442643671878	140.92544088567558	4410.87653829433	45.77832793101564	3517.7503365029465	52.06162784311582	7069.610015385866	169.649097626705	7224.897284642057	245.2123110329971	132.84691242726106	68.21868475994486	Growth with proline supplementation without formic acid treatment.	D6	43	Growth with proline supplementation without formic acid treatment.	None	NegHigh	0.24367467637044	57442.01481531121	2.1241718069541085	Growth with proline supplementation without formic acid treatment.
