2'-Deoxyguanosine-5'-Diphosphate [[M+H]]/Adenosine 5'-diphosphate (ADP) [[M+H]]	2'-Deoxyguanosine-5'-Monophosphate [[M+H]]	2'-Deoxyuridine [[M+Na]]	5'-Deoxy-5'-Methylthioadenosine [[M+H]]	ATP [[M+H]]	Acetyl coenzyme A (Acetyl-CoA) [[M+H]]	Ademetionine [[M+H]]	Adenine [[M+H]]	Adenosine phosphate [[M+H]]	Adenosine-3'-5'-Diphosphate [[M+H]]	Aminoadipate [[M+Na]]	Argininosuccinic acid [[M+H]]	Biotin [[M+H]]	Choline [[M+H]]	Coenzyme A [[M+H]]	Cytidine [[M+H]]	D-(+)-Melibiose [[M+Na]]/Isomaltose [[M+Na]]/Maltose [[M+Na]]/Palatinose [[M+Na]]	D-(+)-Turanose [[M+Na]]	Flavin adenine dinucleotide [[M+H]]	Glucosamine 6-Phosphate [[M+H]]	Glucosamine [[M+H]]	Glutamic Acid [[M-H2O+H]]	Glutathione [[M+H]]	Guanosine-5'-Diphosphate [[M+H]]	Histidine [[M+H]]	Imidazoleacetic acid [[M+H]]	L-Arginine [[M+H]]	L-Citrulline [[M+H]]	L-Glutamine [[M+H]]	L-Histidinol [[M+H]]	L-Lysine [[M+H]]	L-Tryptophan [[M+NH4]]	L-Valine [[M+H]]	Linoleic acid [[M+Na]]	N-(5-Amino-5-Carboxypentyl)Glutamic Acid [[M+H]]	N2-Acetyl-L-ornithine [[M+H]]	Nicotinamide [[M+H]]	O-acetyl-L-serine [[M+H]]	Pidolic Acid [[M+H]]	Sucrose [[M+Na]]	Thymine [[M+H]]	Trehalose [[M+Na]]	d-Desthiobiotin [[M+H]]	gamma-Glutamylcysteine [[M+H]]	Experimental group	Well	Unnamed: 0	Summary_x	Treatment	Supplement	mu	AUC	MaxOD	Summary_y
4456.951235086541	8244.060090741052	913.2850949420266	123.4709460594858	542.8722567635692	882.2923878339775	2069.0131406486307	1948.541488825408	28661.25572172744	3478.6814316921527	1632.1159468996807	4678.899008569989	441.396135103344	655.3457906234247	187.9557721391363	4012.555805746933	2091.007965047891	2135.997378591833	247.44177449168208	25.494001008233912	789.3142665098303	239.4436565283146	16718.56595530163	453.3933120483953	824.8059149722736	202.95224332045035	14288.637741556042	2497.912216434213	509.8800201646782	664.8435557049236	57.98635523441439	131.4690640228533	1356.180877163502	55.98682574357251	1173.7238111241809	361.414955469669	873.2945051251891	22.4947067719711	1458.1568811964376	2019.024903377584	222.94753822886912	2067.513493530499	332.9216602251723	761.8207360107546	Negative control with alanine supplementation without caffeine.	D6	43	Negative control with alanine supplementation without caffeine.	None	NegHigh	0.2378954033623649	51890.95187287507	1.9618748891551292	Negative control with alanine supplementation without caffeine.
8137.833558879975	7298.104228240091	1089.6031268957404	1.5976585438353963	1084.490619555467	2677.6757194681245	2011.132574979997	4212.066984967639	30908.30218903958	6227.673003870375	3212.571799944215	4357.773444165428	321.4488990196818	1160.539166242032	154.01428362573222	5453.128141818975	1079.8574097783444	1087.0468732256038	203.86123019339655	294.6082354832471	893.4106577127537	2392.014371830356	18895.188066232466	297.8035525709179	831.4215062119403	171.90805931668865	27280.339167698163	1276.8487082332488	76.68761010409902	1365.0394598529626	1.5976585438353963	364.2661479944704	1203.3564152168206	198.10965943558915	890.215340625083	476.7413094804823	1987.487228531233	1.917190252602476	3982.643218072876	1016.1108338793122	165.51742514134708	1077.460921962591	282.4660305500981	1061.4843365242373	Low arginine supplementation without caffeine treatment.	G6	46	Low arginine supplementation without caffeine treatment.	None	PosLow	0.2273316222259334	56255.65748985039	2.1163577337449686	Low arginine supplementation without caffeine treatment.
4515.8975397334925	7662.214600079597	664.3714831029164	91.42726831691508	1170.2690344565133	1321.4287847404794	3991.714534716513	3035.385308121581	30449.546955387515	3537.6257687425014	1706.6423419157484	5756.260813232974	166.39762833678546	918.5392890239405	154.20732589453013	4616.467534882099	1401.1228869567235	1477.464656001348	207.23514151834087	157.86441662720674	1133.0886120076343	457.7458567066882	20404.128227847	1097.736734925094	374.8518000993519	127.99817564368112	15657.83397195488	2733.0658075536485	309.63368203328577	778.9603260601166	148.11217467340245	388.2611327858328	1677.3856160543355	184.0735668780557	646.0860294395333	279.1579259276474	2603.239086543629	81.67502636311082	2371.6233401407776	1375.6756306085158	127.99817564368112	1375.6756306085158	1331.7905418163964	1026.4234656379	Negative control with alanine supplementation without caffeine.	C2	10	Negative control with alanine supplementation without caffeine.	None	NegHigh	0.2185141818685537	69014.18546046951	2.205547912594455	Negative control with alanine supplementation without caffeine.
6047.051063484931	11607.885967303457	427.4335496894639	28.551553417370872	1061.4459858693172	1335.204998047638	2390.772722919261	6452.651072325817	43248.04566317698	5340.819992190552	3418.6286459446123	9379.185297606333	21.833540848577726	1685.3814031959805	460.1838609623305	3893.928035186728	2243.81619797691	2243.81619797691	765.8534328424187	133.52049980476377	380.4074617079119	2177.4758238600784	31397.47149182587	202.38012863489357	318.2658454465753	148.63602808454837	192485.33587263236	2446.1963266118046	101.60994010299632	151.1552827978458	49.54534269484945	306.5093234511873	2068.3081196171897	110.84720738508692	881.7391496541004	4569.088298350439	1731.5677396064334	2.5192547132974297	3069.2919923673685	2243.81619797691	200.70062549269525	2243.81619797691	1110.9913285641665	331.7018705841616	High arginine supplementation without caffeine treatment.	E3	20	High arginine supplementation without caffeine treatment.	None	PosHigh	0.2571047031223396	57769.1543829884	2.1271634470866454	High arginine supplementation without caffeine treatment.
3691.292538840002	2632.207134921615	701.6634630645248	46.51912462306241	1835.95478512353	1615.7642619077012	1432.0137196466046	3803.71375667907	10183.81169873208	3224.550655121943	800.1289435166735	2671.748390851218	456.6627400497293	762.1383250745058	272.9121977886328	5946.694764314811	37.21529969844993	37.21529969844993	78.30719311548839	4.651912462306242	1956.1291903997744	2538.3935669317725	9627.908159486484	396.1878780397482	541.1724831149594	190.7284109545559	28733.312642178214	1533.5804750736245	332.61174105489624	83.73442432151235	136.4560988943164	624.131588692754	1325.7950517572788	246.5513605022308	320.98195989913063	203.1335108540392	641.9639197982613	48.06976211049783	3288.1267921067947	37.21529969844993	190.7284109545559	37.21529969844993	1552.963443666567	614.0524450244238	Negative control with alanine supplementation with caffeine.	B6	41	Negative control with alanine supplementation with caffeine.	Yes	NegHigh	0.1794671459021495	13326.016447572214	0.6806810535192076	Negative control with alanine supplementation with caffeine.
6346.5161290322585	6680.387096774193	433.2903225806452	23.741935483870968	507.483870967742	727.0967741935484	1426.0	9710.451612903224	30437.16129032258	5416.129032258064	494.1290322580645	4781.032258064516	89.03225806451613	35.61290322580645	228.05674065126396	882.9032258064516	796.8387096774194	796.8387096774194	11.870967741935484	8.903225806451612	1479.4193548387098	16926.516129032258	33584.45161290323	115.74193548387098	123.16129032258064	280.4516129032258	226953.61290322585	1246.451612903226	1874.1290322580649	2.225806451612903	92.0	1393.354838709677	2685.8064516129034	704.8387096774194	1546.1935483870968	6057.1612903225805	2589.3548387096776	1385.9354838709678	21881.16129032258	750.8387096774194	283.4193548387097	796.8387096774194	1621.8709677419356	200.32258064516128	High arginine supplementation with caffeine treatment.	G7	54	High arginine supplementation with caffeine treatment.	Yes	PosHigh	0.1476063157649122	12966.132049030412	0.5409297038613619	High arginine supplementation with caffeine treatment.
4088.3846389286496	8468.86561023065	522.495749657941	10.12215013174978	1439.7553544541236	2185.902421308821	1744.8658798540098	4697.159668281029	28755.582502853733	3456.4732664179846	1910.6763391550537	3290.180799967809	503.69747084183433	929.791790673587	302.2184825051006	3485.3936953658413	912.0780279430248	1341.9079031805422	280.5281607942082	5.784085789571303	384.6417050064916	1804.1527591971155	15897.077785487596	560.5743144392854	750.4851311968765	261.2478748289705	29208.669223036817	899.9073474274686	77.60315101008165	289.6862966276961	6.266092938702245	489.719263517037	968.8343697531932	32.77648614090405	1277.318945196996	477.6690847887634	1533.2647413855263	174.00458083627004	2428.8340244708165	733.1328738281627	280.04615364507725	748.0750954512218	578.8905861062613	583.2286504484397	Baseline condition with no supplementation or treatment.	D4	27	Baseline condition with no supplementation or treatment.	None	None	0.2374322334958984	69835.02664595841	2.25570823203976	Baseline condition with no supplementation or treatment.
4756.487213997309	2309.56931359354	1349.185733512786	2.6413189771197847	3189.656796769852	2981.5208613728128	748.021534320323	3084.0040376850607	10883.29071332436	4288.445491251682	81.35262449528936	3238.257065948856	178.55316285329744	23.243606998654105	260.09112431600767	748.021534320323	76.0699865410498	76.0699865410498	179.60969044414534	60.22762201775504	3519.293405114401	659.2732166890983	15121.022880215343	430.3862225537639	154.2530282637954	318.01480484522205	18155.370121130552	1243.5329744279943	406.7631224764468	167.9878869448183	75.01345895020188	572.6379542395694	1641.843876177658	591.6554508748318	785.0	343.371467025572	2087.698519515478	150.02691790040376	11830.99596231494	69.73082099596232	339.14535666218035	76.0699865410498	634.9730820995962	680.4037685060565	Caffeine treatment without arginine supplementation.	C5	34	Caffeine treatment without arginine supplementation.	Yes	None	0.1846978708004027	31097.70956529057	1.4297644191799703	Caffeine treatment without arginine supplementation.
3679.6473829201104	10795.234159779617	839.2479338842975	4.290633608815427	521.7410468319559	1657.900826446281	2020.030303030303	4077.818181818182	35275.87327823691	3084.107438016529	2251.724517906336	1395.314049586777	185.35537190082644	729.4077134986226	97.82644628099172	7064.099173553719	87.52892561983471	87.52892561983471	87.52892561983471	10.297520661157025	3049.7823691460057	20172.84297520661	16076.14600550964	423.4547910988317	128.7190082644628	490.8484848484849	9520.05785123967	2517.7438016528927	2328.9559228650137	2.574380165289256	173.34159779614325	623.0	99.5426997245179	283.1818181818182	1336.9614325068871	18.87878787878788	4050.3581267217633	168.19283746556474	23739.217630853997	87.52892561983471	393.0220385674931	87.52892561983471	85.81267217630854	502.86225895316807	Caffeine treatment without arginine supplementation.	A1	0	Caffeine treatment without arginine supplementation.	Yes	None	0.1690952285820516	27161.861527509507	1.2908635695796722	Caffeine treatment without arginine supplementation.
8141.285092222183	9770.346585478104	1077.1917725776188	394.1926576273586	998.3532410521472	2153.5790703437533	5026.358622154566	4338.532658335398	37730.6731334301	6668.291712394237	3109.295146387227	9404.3105462527	818.9553580911247	1604.927248911389	388.5613339469678	7988.434878040146	2311.256133394697	2301.602435656884	843.089602435657	60.33561086133041	613.8142811626013	1024.9009098311326	26554.104577477254	1053.862003044571	1397.3727475484122	78.03405671398733	20689.48320175594	2925.070414557298	41.02821538570468	2532.4867065529083	91.71012850922222	563.1323680390838	1591.251177116154	247.77824193719687	892.96704074769	255.01851524055647	2188.171487237583	47.46401387757992	1962.9185400219487	2314.4740326406345	43.441639820157896	2314.4740326406345	158.48153786242787	335.46599638899704	Negative control with alanine supplementation without caffeine.	A7	48	Negative control with alanine supplementation without caffeine.	None	NegHigh	0.2248587466373232	54526.46090024819	2.039938753522417	Negative control with alanine supplementation without caffeine.
6816.742523934972	7904.632251412935	747.5024523056717	46.48460586053324	1830.14391783164	1588.7238680398375	1537.7407519347369	5364.473466647022	30423.42478401158	5657.626384251353	2714.101180889199	9367.397832604876	659.7815025366009	2018.3315963960565	32.23932341940209	4256.340443068504	2782.3285862651437	2782.3285862651437	582.5570766715215	4.498510244567734	1036.9066113728625	1649.4537563415022	25592.774533053263	620.7944137503472	548.8182498372635	189.6871819792728	147392.93841155435	2861.052515545078	333.63950980544024	38.23733707882573	113.96225952904923	201.68320929812003	1021.9115772243034	221.1767536912469	374.8758537139778	3459.3543780725868	1522.7457177861777	2.249255122283867	1755.168747088844	2741.8419940640333	286.405152237479	2782.3285862651437	810.4815957296199	505.332650806442	High arginine supplementation without caffeine treatment.	A4	24	High arginine supplementation without caffeine treatment.	None	PosHigh	0.2556595975163463	40725.7273935889	1.7707495555496104	High arginine supplementation without caffeine treatment.
7942.5028830169085	4291.123008721438	741.6343386034716	113.58363744377492	1613.5557907453908	2213.210582544144	2350.1790865204607	4658.599482804239	19240.734113453575	7033.833783466709	638.0727868165003	5081.197427999461	118.59468027217676	18.37382370414006	248.92631931816095	53.4511235029529	482.73045913604346	482.73045913604346	13.362780875738226	49.12134638242859	3270.540619336931	11739.202999336032	27876.43125439941	868.5807569229847	905.3284043312648	105.23189939643854	72339.41427080889	1793.953332567857	225.49692727808255	2.505521414200917	4.175869023668196	410.9055119289505	3992.1307866267953	53.4511235029529	816.7999810294991	288.9701364378392	3178.6715008162305	45.09938545561651	17052.578745051444	469.3676782603053	105.23189939643854	482.73045913604346	674.8204342247805	484.4008067455107	Low arginine supplementation with caffeine treatment.	E7	52	Low arginine supplementation with caffeine treatment.	Yes	PosLow	0.1917309499400507	29843.427359499427	1.411888165275183	Low arginine supplementation with caffeine treatment.
5418.556822361162	4030.375873482898	607.3291651342405	2.2361162191982347	1376.5531445384331	2064.3824935638104	1864.920926811328	4864.0	13558.914306730416	4174.381757999265	1674.403824935638	2669.922765722692	1297.8418536226554	1227.180581095991	219.33619534843035	13526.71423317396	692.463390181777	779.5966826936816	308.58403824935635	5.366678926075763	1118.952556086797	4680.638470025745	10042.84516366311	449.01213681500553	665.4681868333946	188.728208900331	12331.733725634424	2991.9235012872377	385.5064361897756	138.63920559029054	40.25009194556822	576.0235380654652	1577.8036042662743	110.91136447223244	1124.3192350128725	39.355645457888926	1838.981978668628	142.21699154100773	6220.875321809489	648.7438980770894	182.46708348657597	647.9661192769938	1425.7477013607945	118.0669363736668	Negative control with alanine supplementation with caffeine.	E5	36	Negative control with alanine supplementation with caffeine.	Yes	NegHigh	0.1698995013453132	17973.35571316766	0.8685102449402669	Negative control with alanine supplementation with caffeine.
7534.525766460763	6101.56350563134	427.0839478450687	138.96164273167906	1756.7811347179245	1589.7721879486585	2266.732117219499	4683.8997742769625	22574.25511788845	6352.714364513365	330.1932611697695	1310.5740250290469	266.4493883570727	192.5064958943444	259.8508305492966	6848.641694996146	18.48572311568208	104.09291226144576	10.19901965003149	20.39803930006298	1255.7542944101274	10332.881782938151	15433.666485410153	393.9371339824663	590.2682622455725	498.4770853952891	13370.914761191283	3145.122684578461	330.1932611697695	1.9123161843809044	72.66801500647438	187.40698606932864	3101.776851065827	80.31727974399799	1102.7689996596548	122.38823580037788	2966.6398407029096	3.824632368761809	14796.227757283184	65.32878947604394	498.4770853952891	69.3948930150623	1800.126968230558	121.11335834412397	Low arginine supplementation with caffeine treatment.	G3	22	Low arginine supplementation with caffeine treatment.	Yes	PosLow	0.1833521683814626	29567.800576138416	1.3757045562406385	Low arginine supplementation with caffeine treatment.
3332.2213465821483	5102.211801561468	478.0487040798845	2.5213539244719647	860.2859590298343	278.3574732617049	1053.441739374743	6567.622702464573	20757.80258939279	3074.0347047162195	967.1913654274456	3012.513668959103	115.98228052571038	11.093957267676643	197.67414767860205	35.2989549426075	507.2964096037593	507.2964096037593	8.068332558310287	28.836050378026304	1986.826892483908	13065.65603661372	24955.35260285372	137.16165349127488	82.70040872268044	460.9034973934752	145164.43084754888	1112.4213514770308	345.9297584375536	1.5128123546831789	99.8456154090898	549.6551555348883	1680.2302552681172	97.82853226951222	620.2530654201033	3911.124207640912	1273.7880026432365	461.9120389632639	17249.086468097605	484.0999534986172	557.7234880931986	507.2964096037593	1869.8360703884089	690.8509753053183	High arginine supplementation with caffeine treatment.	A6	40	High arginine supplementation with caffeine treatment.	Yes	PosHigh	0.1654271410082018	7171.945333366115	0.3067211667511503	High arginine supplementation with caffeine treatment.
5595.024072869226	7008.02081977879	1052.2316200390371	16.614183474300585	509.501626545218	1875.8204294079376	1076.757319453481	4864.0	21708.408588158756	4875.867273910215	2428.8353936239428	2646.402081977879	291.93493819128173	1382.1418347430058	271.96784692004627	2890.076772934288	3014.287573194535	3014.287573194535	6.329212752114509	27.69030579050097	1306.9824333116462	1303.8178269355888	18791.43266102798	445.4183474300586	271.3649967469096	52.2160052049447	16333.324658425505	1101.2830188679245	398.7404033832141	1.1867273910214704	3.955757970071568	519.7865972674041	1331.5081327260898	59.33636955107352	1047.4847104749513	390.8288874430709	1378.1860767729345	116.2992843201041	2404.309694209499	3007.9583604424206	52.2160052049447	3014.287573194535	1371.0657124268057	905.0774235523749	Low arginine supplementation without caffeine treatment.	C1	2	Low arginine supplementation without caffeine treatment.	None	PosLow	0.2408920081270759	72892.35332009096	2.2733850622136766	Low arginine supplementation without caffeine treatment.
10757.51292717458	2929.4051851635254	969.579729128198	97.30240620913531	8203.540034994976	4841.871062955469	1373.4277690581491	2529.8625614375187	9677.714543225416	8423.116261396122	3005.180510352941	4180.559134029664	149.82848389725262	1332.9568567410752	433.1248701167705	3719.879600207652	2613.387635794033	2613.387635794033	153.27281686040786	5.16649944473285	935.1363994966456	1363.0947701686837	21198.14722173888	556.2597735495701	2535.0290608822515	5.16649944473285	31699.918426399185	1633.4749077763693	112.80190454333388	87.83049056045844	107.63540509860104	299.65696779450525	1447.4809277659867	396.9593740036406	1004.0230587597504	160.16148278671832	1115.102796821507	6.027582685521658	2505.752230695432	2529.0014781967297	3.874874583549637	2584.9718888480024	434.84703659834815	903.27631958746	Low arginine supplementation without caffeine treatment.	B9	65	Low arginine supplementation without caffeine treatment.	None	PosLow	0.2322983628862143	63045.32401190778	2.102644690043101	Low arginine supplementation without caffeine treatment.
2961.0731707317077	1321.6158536585367	770.0914634146342	134.0	2110.9085365853657	511.4878048780488	2026.75	966.189024390244	4789.682926829269	2299.2439024390246	961.2865853658536	415.4817073170732	4.085365853658536	610.7621951219512	441.5046226081034	54.74390243902439	3712.6783536585367	3713.189024390244	3.268292682926829	13.073170731707318	206.3109756097561	415.890243902439	9423.30487804878	230.8231707317073	812.579268292683	163.41463414634146	13441.670731707318	1227.2439024390244	107.44512195121952	201.40853658536585	87.01829268292683	122.5609756097561	1117.3475609756097	26.14634146341464	183.84146341463412	199.77439024390245	600.5487804878048	1.225609756097561	440.8109756097561	3661.3048780487807	170.76829268292684	3698.0731707317073	1006.2256097560976	1282.3963414634147	Negative control with alanine supplementation without caffeine.	H8	63	Negative control with alanine supplementation without caffeine.	None	NegHigh	0.3617387554070843	69948.68022037539	2.004300076255584	Negative control with alanine supplementation without caffeine.
9994.420634920634	8835.611111111111	606.8174603174602	130.83333333333331	3132.523809523809	1118.936507936508	2963.063492063492	6905.507936507936	33291.47619047619	7613.253968253968	1528.8809523809523	4371.079365079365	16.198412698412696	604.3253968253968	73.51587301587301	10261.071428571428	180.6746031746032	180.6746031746032	616.7857142857142	7.476190476190475	777.5238095238095	10111.547619047618	20854.83333333333	1006.7936507936508	2049.722222222222	57.31746031746032	20128.396825396823	2016.079365079365	525.8253968253968	168.2142857142857	68.53174603174602	383.77777777777777	1729.4920634920634	497.1666666666666	785.0	480.9682539682539	1700.8333333333333	178.2232219489138	14245.880952380952	97.1904761904762	128.34126984126982	157.0	2480.8492063492063	127.09523809523807	Low arginine supplementation with caffeine treatment.	F1	5	Low arginine supplementation with caffeine treatment.	Yes	PosLow	0.1829144699533433	24259.26768364329	1.178078646498028	Low arginine supplementation with caffeine treatment.
5232.69972634794	1949.585824506016	716.5225490163091	87.19586575330744	3240.4637501147627	3149.476759763485	1760.9773757570135	4867.8039837933375	8416.296607493154	4376.853348356237	747.7993269495606	2734.3486162857826	794.2406032746918	910.8176846622658	159.22723311473536	3894.4327432645687	316.55890393048577	326.0367154254105	162.07057656321277	5.686686896954834	1843.4343357628584	10454.97386005146	16694.21716716041	649.2300874023435	723.1570170627564	285.2821259972342	11530.705464725415	3822.401375903141	2183.687768430656	1.4216717242387085	19.90340413934192	723.1570170627564	2258.562479240561	527.914100267307	1048.2459513386743	107.09926989264936	2596.920349609374	137.42826667640847	14080.236756860168	248.31866116702773	296.6554997911438	309.9244358840384	552.5564101541113	210.40741518732884	Low arginine supplementation with caffeine treatment.	C6	42	Low arginine supplementation with caffeine treatment.	Yes	PosLow	0.1883713427408357	27829.279793880574	1.3371215765797584	Low arginine supplementation with caffeine treatment.
7405.820156994524	9010.00107565296	598.5464886826288	12.085423257141285	2903.681956255261	4112.224281969389	2632.077970423717	5372.9247501617065	34802.20253111727	5545.301050303037	2335.03098826135	4285.236657018991	269.69576110673177	1065.4254713532446	546.3883462044402	3567.744160489761	1551.0686638178431	1871.332380132087	276.6925850977084	159.01872706764846	805.2708338705718	3480.6018980566896	22146.220081257263	573.7395672600757	1788.0065671486393	254.42996330823755	30208.46954358704	1772.740769350145	281.1451094556025	1242.8903707607403	17.810097431576626	347.29689991574423	1348.478805533659	213.0850942706489	880.9637479547724	1013.9034037833266	1794.3673162313453	1.9082247248117816	4065.154738757365	1318.583284844941	286.23370872176724	1340.2098317261411	790.6411109803481	711.7678223547945	Baseline condition with no supplementation or treatment.	D5	35	Baseline condition with no supplementation or treatment.	None	None	0.2371954964500434	63212.73904847323	2.1795642606812677	Baseline condition with no supplementation or treatment.
10301.269039418294	7784.590508993494	544.5024875621891	21.540757749712974	2173.2231151932647	2600.448143895905	1317.5763490241102	4753.32721010333	31569.17719096824	8424.829697665518	1753.1783390738617	3660.7321086873326	652.206276310754	999.2518178339076	22.73746651358592	8215.405663987754	17.352277076157673	92.1651568192206	570.8300803673939	7.1802525832376585	707.2548794489094	13941.657099119786	16423.63107539227	494.2407194795255	1037.5464982778417	750.3363949483353	17953.02487562189	2194.7638729429773	698.8779181017987	1.7950631458094146	174.71947952544969	552.8794489092996	2936.7233065442024	22.73746651358592	800.5981630309989	235.75162648296975	3127.0	276.4397244546498	18089.449674703406	13.762150784538845	740.7627248373517	17.352277076157673	1482.7221584385763	381.7500956754688	Caffeine treatment without arginine supplementation.	B3	17	Caffeine treatment without arginine supplementation.	Yes	None	0.1766808084758565	28549.848526663634	1.3174120404548235	Caffeine treatment without arginine supplementation.
4963.731225296443	4787.324110671937	811.6465273856578	2.1725014116318464	1452.9689440993789	1174.0197628458498	623.9424054206663	6357.608130999435	20567.505364201017	4511.850931677019	2009.1293054771315	2510.5426312817617	211.16713721061544	1131.4387351778655	294.2015921058542	3336.0931677018634	2855.970355731225	2855.535855448899	6.9520045172219085	53.00903444381705	2169.025409373236	1927.443252399774	20180.80011293055	30.41501976284585	636.9774138904573	150.33709768492378	11155.360248447205	1301.7628458498025	38.2360248447205	519.6623376623377	21.725014116318462	572.6713721061548	1413.8639186900057	51.27103331451158	966.3286278938452	69.52004517221908	1603.3060417843026	654.3574251835122	4996.753246753247	2823.382834556748	168.58610954263128	2823.382834556748	1539.0	467.52230378317336	Baseline condition with no supplementation or treatment.	H1	7	Baseline condition with no supplementation or treatment.	None	None	0.2250118290464349	70160.28487748031	2.2616000000001764	Baseline condition with no supplementation or treatment.
6118.0	3778.0	1476.0	118.33357166016724	2302.0	460.0	790.0	11182.0	13918.0	4744.0	16.0	6542.0	322.0	22.0	256.0	32.0	64.0	64.0	113.51748020163689	77.92737677882532	182.0	442.0	20934.0	11.0	10.0	74.0	35608.0	154.0	42.0	3.0	654.0	388.0	3218.0	1048.0	1202.0	430.0	2460.0	6.0	708.0	64.0	88.0	64.0	2964.0	786.0	Low arginine supplementation with caffeine treatment.	C9	66	Low arginine supplementation with caffeine treatment.	Yes	PosLow	0.1854176950885695	31903.17148281138	1.4739154137656725	Low arginine supplementation with caffeine treatment.
3713.964580873672	5575.480519480519	768.0	136.0094451003542	942.9988193624558	975.6410861865407	1165.1475796930342	6071.461629279812	23759.94332939788	3243.3719008264466	3266.946871310508	1885.0909090909088	1162.4273907910272	1100.7697756788666	188.82290277921115	11677.770956316412	401.6812278630461	401.6812278630461	14.50767414403778	130.56906729634002	3227.050767414404	2044.6753246753249	17229.67650531287	64.37780401416765	1058.1534828807555	286.5265643447462	4411.239669421488	2549.72373081464	731.7308146399056	182.25265643447463	340.93034238488787	367.2255017709563	1473.4356552538372	737.1711924439197	631.9905548996459	114.24793388429752	2738.323494687131	251.1641086186541	9964.051948051949	401.6812278630461	287.43329397874857	401.6812278630461	1719.159386068477	268.39197166469893	Negative control with alanine supplementation with caffeine.	G8	62	Negative control with alanine supplementation with caffeine.	Yes	NegHigh	0.1645799229288263	16205.844011814735	0.7622005363226537	Negative control with alanine supplementation with caffeine.
9858.26683194494	11830.59037282964	530.7782006050572	50.2630871785092	3954.699699205104	3805.250786661004	2279.933634417177	4978.726328655265	43741.619160721566	7653.392741047668	2982.9466804205927	1946.8569100475895	217.8067111068732	1850.351782664852	333.0767243695877	6904.807829335738	2501.761392498332	2501.761392498332	406.79591889806784	231.21020102114232	751.2656096947842	2615.020882273905	22264.53709659244	513.3536637165073	851.1216095560892	48.92273818708229	30555.935957559315	1538.0504676623816	55.62448314421685	536.8097710664783	19.435060375690224	327.0451539081665	1588.313554840891	469.1221469994192	1241.163166061321	850.4514350603757	661.4622272691811	73.71919452848016	3236.272639800279	2377.779110791342	48.92273818708229	2434.7439429269857	627.9535024835083	727.8095023448133	Baseline condition with no supplementation or treatment.	G2	14	Baseline condition with no supplementation or treatment.	None	None	0.2321558744564837	68207.83877542571	2.405484020996876	Baseline condition with no supplementation or treatment.
5076.23971244596	8794.148443466624	342.4318215259142	131.87152556386235	1331.1969226673018	1331.1969226673018	2262.437819241737	6201.76046972765	27419.50905613049	4258.96186265511	2642.857323028846	6892.050924531078	265.9137758283644	725.0220500136629	218.70051358945076	3122.0448006950623	1494.40828609665	1606.336278473385	568.7298715676039	33.10355168475557	974.6553905872296	271.3405875799637	20023.850001051	737.5037170423413	996.9053187687866	100.93869857974649	132121.15890443593	1729.5249052346885	103.1094232803862	371.1939238093903	145.43855494286055	60.23761044275194	1761.5430945691242	279.4808052073626	468.3338541630173	3025.990232691755	1222.1180064601565	1.628043525479782	1520.0499716229565	1427.794171845769	68.92050924531078	1457.098955304405	889.4544460871209	150.32268551929988	High arginine supplementation without caffeine treatment.	C7	50	High arginine supplementation without caffeine treatment.	None	PosHigh	0.2421121687299076	61131.43677645554	2.2323668571653723	High arginine supplementation without caffeine treatment.
9498.321042205222	10844.664933552862	371.1585580043376	35.764743276649234	3460.437605034017	1693.6592871675448	3436.594442849584	11655.33244782358	36408.50865562893	7022.606035388281	3855.4393252227874	9190.74425002604	575.4149807176454	1506.09307798334	109.67854604839098	4503.97333663936	2489.226132054787	2489.226132054787	216.9727758783387	129.54784786875166	940.2153621394676	553.9561347516559	25537.616243673183	921.935604464736	19.86930182036069	118.42103884934969	174005.0133057723	2192.776148895005	138.2903406697104	205.05119478612227	113.65240641246312	425.2030589557187	1844.665981002286	677.1458060378922	730.3955349164588	5094.48898674048	2159.3957218368	2.3843162184432822	2010.7733442205013	2467.7672860887974	100.93605324743228	2480.483639253828	941.8049062850964	37.35428742227809	High arginine supplementation without caffeine treatment.	F2	13	High arginine supplementation without caffeine treatment.	None	PosHigh	0.2566587170666754	54101.45464932289	2.0818189501442528	High arginine supplementation without caffeine treatment.
2805.5623990509853	5842.185967780787	1053.0328716509998	224.74802296628056	40.40413896023021	1757.5800447700142	286.6168607491331	5069.4568101663845	29267.74815931676	2578.2891173996904	184.34388400605036	3284.098919861212	345.9604398469712	13.888922767579135	244.94347028896544	433.0818644799676	646.7818806993101	671.7188102138273	10.101034740057552	54.222998253502034	786.6180803819819	11460.8865419378	30380.124610065595	107.3234941131115	6.31314671253597	193.1822894036007	174929.7196283167	1511.367322981111	515.1527717429352	22.72732816512949	17.676810795100717	589.6479029508596	1847.2267280880249	270.20267929653954	1916.6713419259208	3931.8277725674025	2382.581569311076	145.2023743883273	22185.660177193902	607.3247137459604	119.94978753818344	671.7188102138273	2094.702079219435	810.6080378896186	High arginine supplementation with caffeine treatment.	B2	9	High arginine supplementation with caffeine treatment.	Yes	PosHigh	0.1980461904803432	5718.370162513136	0.2620294836206042	High arginine supplementation with caffeine treatment.
6910.426381146502	7233.63582263042	1814.1433167161908	2.606527753902573	1536.8087637009571	1304.3064880528475	1743.245761810041	6186.854276663147	28507.07273888166	6249.410942756809	4001.54140779123	5297.50700703159	1295.965599240359	2766.0472524414104	16.681777624976466	6178.513387850659	619.050341551861	620.3536054288123	8.340888812488233	271.0788864058676	1440.8885423573424	1917.3618157707328	23082.367177459622	650.5893273740822	1168.7670448499136	426.4279405384609	21587.262857821108	727.7425488895984	58.38622168741763	98.00544354673674	102.17588795298086	582.8196057726153	1925.7027045832208	96.96283244517572	442.0671070618764	137.62466540605584	2234.3155906452857	72.98277710927205	4225.702794626851	620.3536054288123	426.4279405384609	620.3536054288123	1050.9519903735174	1253.2185440763571	Low arginine supplementation without caffeine treatment.	H4	31	Low arginine supplementation without caffeine treatment.	None	PosLow	0.2322322627238262	64472.94790893408	2.1572985141324588	Low arginine supplementation without caffeine treatment.
8121.604033005583	6185.115850807148	489.831031935807	81.06760668401468	1132.6628990217262	2283.5945544792867	1728.68107774082	8866.05585776583	26808.258272309587	6662.387112693319	1284.5219368945986	5568.54532109774	1107.543358922454	799.2580940677503	371.0841151028841	10670.095555804466	51.38087747578395	51.38087747578395	228.35945544792867	130.16488960531933	842.6463906028567	4347.964031728562	14423.183206091177	389.3528715387184	432.7411680738248	189.5383480217808	10727.18541966645	2717.477519830351	429.3157762421058	21.694148267553224	26.2613373765118	820.9522423353036	2748.3060463158213	276.31494109199366	1511.739595065288	140.44106510047612	3049.740527507088	384.7856824297598	6527.655033979041	33.112121039949656	141.58286237771577	51.38087747578395	495.5400183220052	269.46415742855584	Negative control with alanine supplementation with caffeine.	G9	70	Negative control with alanine supplementation with caffeine.	Yes	NegHigh	0.1694810779308901	25450.86221204735	1.2033140961155424	Negative control with alanine supplementation with caffeine.
10123.014141024354	2960.169228181926	1382.4591067962178	34.81748861560845	5432.893615745334	3936.424301129379	2095.193579633379	3578.6916730003823	10711.497968213658	7611.37608971409	2057.6453075969384	3210.7186070432654	105.13516170203336	1167.409912405695	725.0229982309053	3304.9306350619704	2173.020907127092	2173.020907127092	258.05903326862733	311.309309974852	855.417906575635	1688.9895457846137	20274.70150796745	595.3107857413837	1518.9982778378196	34.81748861560845	23972.86495562923	1460.9691301451387	619.205140673664	633.5417536330322	1.706739638020022	346.12679859046045	1508.0751441544917	14.336612959368184	918.9086211099798	548.2047717320311	1387.237977782674	85.3369819010011	2837.9666700996927	2158.001598312516	34.81748861560845	2165.511252719804	955.0915014360044	1161.948345564031	Low arginine supplementation without caffeine treatment.	F5	37	Low arginine supplementation without caffeine treatment.	None	PosLow	0.229390354534278	58147.6415573429	2.106711771373857	Low arginine supplementation without caffeine treatment.
8942.42932790224	4428.122199592668	275.3955193482688	1332.3991853360487	2009.991038696537	2703.43299389002	2079.335234215886	4864.0	17911.605702647656	6982.9604887983705	2564.744602851324	8847.328716904276	2679.6578411405294	1208.570264765784	134.72586558044807	15453.84928716904	364.55234215885946	364.55234215885946	340.77718940936865	5.943788187372708	830.149083503055	920.2965376782076	9930.088798370673	203.0794297352342	960.9124236252544	5.943788187372708	8719.537270875764	2048.62566191446	395.26191446028514	1.485947046843177	200.10753564154783	720.1890020366599	2544.9319755600814	101.04439918533603	1757.3800407331976	10.896945010183298	2555.8289205702645	329.8802443991853	3863.462321792261	364.55234215885946	4.457841140529531	364.55234215885946	1794.0334012219955	272.7694872417627	Negative control with alanine supplementation with caffeine.	A11	80	Negative control with alanine supplementation with caffeine.	Yes	NegHigh	0.1712459603509973	16189.977220834198	0.788562649626963	Negative control with alanine supplementation with caffeine.
6894.521093884817	8845.877333042696	1062.8058454356374	29.465936441332204	1558.6464310690897	2355.242781758898	2412.1425210938846	4651.553690635133	31366.99737518505	5400.394902954506	1421.9854499877388	2804.3442957957545	44.70693804891783	1485.9976567395984	125.99227995604116	4007.36735602118	1303.2326457953006	1433.162184499968	209.30975541084257	34.54627031052741	742.2367782894198	1721.725148270256	17082.114601781966	384.0732405111577	1800.9783566297012	100.59061061006511	21165.68696584108	1317.8386056692368	325.1413676284933	124.97621318220212	96.01831012778943	255.5407936205189	1163.904489432622	48.77120514427399	458.7541483883273	478.059417091269	612.688264624942	92.46207641935278	2641.773611981508	1176.0972907186906	100.59061061006511	1222.328328928367	23.36953579829796	1017.5908739998	Baseline condition with no supplementation or treatment.	E6	44	Baseline condition with no supplementation or treatment.	None	None	0.2365043634665959	51538.370566801976	1.939842511003792	Baseline condition with no supplementation or treatment.
6358.925373134329	2743.8805970149256	335.2835820895523	184.11940298507463	2908.6567164179105	2075.4626865671644	1422.089552238806	5293.970149253732	10370.149253731344	5474.149253731343	1224.7164179104475	1818.9850746268655	79.5223880597015	1153.0746268656717	500.4179104477613	2076.537313432836	1356.8955223880598	1356.8955223880598	257.55223880597015	13.253731343283585	341.3731343283582	1156.2985074626863	9811.34328358209	307.34328358208955	664.4776119402985	136.11940298507463	13550.328358208955	699.5820895522388	126.08955223880598	48.0	101.37313432835822	133.2537313432836	454.9253731343284	161.1940298507463	187.34328358208955	247.8805970149254	1327.8805970149251	118.64711539504611	1702.2089552238806	1344.716417910448	134.32835820895522	1356.8955223880598	727.1641791044776	460.2985074626866	Baseline condition with no supplementation or treatment.	C3	18	Baseline condition with no supplementation or treatment.	None	None	0.2360346701385676	77617.8376129023	2.357539294357156	Baseline condition with no supplementation or treatment.
4726.3171876742745	9458.251581418996	797.0815413964579	323.5510696577588	1885.6960778491248	3317.521905206117	2427.194743040236	3956.198235415964	36532.62312036746	3794.422700587085	2145.210998303786	3722.52246288536	115.71444505121234	1593.6013621858708	292.65643627029914	3574.7899432325985	1425.6469006794996	1425.6469006794996	104.48003291031792	57.85722252560617	1561.583287584322	1776.1605594754049	19686.06039448926	603.2879319660294	1659.8843938171478	36.5118394579068	22120.55750542108	1256.5689979590388	426.9076613539872	395.4513073594829	54.48689888333785	350.5136587959053	1300.9449259155715	252.21255256307933	768.4337904371771	436.4569116737475	1208.8227463602375	89.31357652011049	2476.0644358531263	1420.5914152160972	36.5118394579068	1425.6469006794996	1104.9044340569644	909.9873834124464	Baseline condition with no supplementation or treatment.	F7	53	Baseline condition with no supplementation or treatment.	None	None	0.2388125902077338	57359.32423718909	2.11640995612938	Baseline condition with no supplementation or treatment.
8691.931550418296	12346.912887975845	557.6116714519084	32.633761942478095	2282.9444767585765	2014.7800851443	2549.6900091579623	3931.658884461165	51721.674960398	7325.570126478887	970.4997029850008	6721.136100935597	537.7476424434434	937.8659410425226	51.07893173605267	9458.115526459083	95.0635673976536	95.0635673976536	11.350873719122816	8.513155289342112	2829.2052744913617	8947.326209098559	24783.21390648978	259.6512363249344	1166.3022746398692	38.309198802039504	263.90781396960546	4453.799075540815	795.9800195534874	4.256577644671056	194.3837124399782	1230.1509393099352	3679.101944210682	192.96485322508784	2278.687899113905	160.33109128260978	5550.577248651057	334.8507747141231	12388.059805207662	95.0635673976536	29.79604351269739	95.0635673976536	1994.9160561358349	871.1795579426761	Negative control with alanine supplementation with caffeine.	F3	21	Negative control with alanine supplementation with caffeine.	Yes	NegHigh	0.1733937903195453	12577.066762925886	0.6168008368255276	Negative control with alanine supplementation with caffeine.
6363.032967032967	8411.525274725274	759.520879120879	271.4637362637362	1455.5076923076922	1240.8395604395605	2056.1934065934065	5990.492307692307	28851.204395604396	4964.320879120879	1545.9956043956042	2403.7054945054942	14.439560439560438	1042.5362637362637	180.29866777502463	9391.49010989011	96.26373626373626	96.26373626373626	438.0	5.775824175824176	1512.3032967032966	13871.604395604394	18421.02857142857	801.876923076923	494.7956043956044	664.2197802197802	1398.7120879120878	2683.8329670329667	785.5120879120878	225.25714285714284	55.83296703296703	198.3032967032967	1809.7582417582416	187.7142857142857	530.4131868131868	137.65714285714284	864.4483516483516	237.77142857142852	17789.53846153846	96.26373626373626	647.854945054945	96.26373626373626	1331.3274725274723	412.0087912087912	Low arginine supplementation with caffeine treatment.	D2	11	Low arginine supplementation with caffeine treatment.	Yes	PosLow	0.190861882653836	29163.7955749153	1.3728116539658717	Low arginine supplementation with caffeine treatment.
10765.85261739244	4651.997216549428	526.9028143930798	336.74240017602847	2733.5559543701133	2651.3511919742004	2163.0747117189594	4335.063192854343	22104.167315084127	8849.392192861218	2336.3980059272094	5093.724012074454	404.09088021123415	1075.5948429151968	36.64549648974428	10312.240795978849	380.32082843410274	380.32082843410274	286.23104014962416	39.6167529618857	1151.8570923668267	11488.858358946853	15991.302333065163	955.7541652054924	1492.5611678390435	336.74240017602847	14709.70037474816	2326.4938176867377	787.3829651174783	1.4856282360707138	173.32329420824993	655.6572615192083	1643.1048290942094	41.59759060997999	125.7831906539871	161.43826831968423	2209.624396449175	126.77360947803425	15220.756487956489	255.5280566041628	336.74240017602847	344.6657507684056	1927.3550315957395	535.8165838095041	Caffeine treatment without arginine supplementation.	D10	75	Caffeine treatment without arginine supplementation.	Yes	None	0.1831026031487983	32782.06686981014	1.496296032034313	Caffeine treatment without arginine supplementation.
8492.511002704174	8850.009856705754	1420.1559980062725	61.22304533360373	2926.6802206795924	2537.4765753445404	2154.832542009517	5338.430899356911	34270.69289415136	5949.568084026277	1728.4577620076338	5646.7326633582725	1955.8576446753048	846.1899480037372	12.025955333386449	11740.612211385189	31.70479133347336	31.70479133347336	505.0901240022308	6.559612000028971	1497.7780733399484	7014.4117653643125	15950.789846737114	983.9418000043456	982.848531337674	64.50285133361821	7031.904064031057	4292.17278535229	956.6100833375582	38.26440333350233	215.37392733428453	835.2572613370223	448.240153335313	165.08356866739575	1993.028779342136	143.21819533396587	2261.9728713433237	108.23359800047804	8787.693542705478	31.70479133347336	64.50285133361821	31.70479133347336	2217.1488560097923	994.8744866710606	Negative control with alanine supplementation with caffeine.	G4	30	Negative control with alanine supplementation with caffeine.	Yes	NegHigh	0.1664099220238628	24189.02183594829	1.1413524706508902	Negative control with alanine supplementation with caffeine.
7536.395604395605	7203.604395604396	505.0769230769231	134.0	1793.5384615384617	820.1978021978023	2571.032967032967	2282.4175824175827	24501.384615384617	6739.758241758243	1920.1758241758243	1649.2307692307693	901.1868131868132	1497.5604395604396	468.2637362637363	14695.824175824177	153.14285714285714	153.14285714285714	440.28571428571433	20.615384615384617	985.1208791208792	5253.978021978022	16667.53846153846	376.967032967033	1331.1648351648353	325.42857142857144	9508.10989010989	3230.725274725275	1407.7362637362637	23.56043956043956	204.6813186813187	546.3076923076924	4208.483516483517	147.25274725274727	781.9120879120879	182.5934065934066	1659.5384615384617	309.1055940687066	18363.89010989011	122.21978021978023	338.6813186813187	138.41758241758242	3117.3406593406594	291.5604395604396	Caffeine treatment without arginine supplementation.	H9	71	Caffeine treatment without arginine supplementation.	Yes	None	0.1785524191476701	34641.383755038114	1.524336017756954	Caffeine treatment without arginine supplementation.
10962.68085106383	11881.702127659571	329.8297872340425	115.48936170212764	2358.723404255319	1150.0	2705.1914893617018	6835.404255319148	41847.27659574468	8832.0	2722.808510638298	7555.744680851063	229.02127659574467	2348.936170212766	263.54900491859246	6400.851063829787	2400.074468085106	2392.0	176.17021276595742	24.468085106382976	2397.8723404255315	1658.9361702127658	31290.765957446805	716.4255319148936	627.3617021276596	94.93617021276594	214502.89361702127	2304.8936170212764	451.1914893617021	1.4680851063829785	92.0	852.4680851063829	2344.0425531914893	443.3617021276596	392.4680851063829	5945.744680851063	1807.7021276595744	191.82978723404253	2493.787234042553	2395.914893617021	94.93617021276594	2398.851063829787	1219.4893617021276	176.17021276595742	High arginine supplementation without caffeine treatment.	G5	38	High arginine supplementation without caffeine treatment.	None	PosHigh	0.2443039161750193	65484.3991628132	2.361977286095102	High arginine supplementation without caffeine treatment.
4552.915294117647	1810.0517647058823	714.4941176470588	86.33470588235295	1335.7070588235297	1746.5411764705882	1687.0	10971.45411764706	10819.62411764706	3503.998235294118	692.6623529411764	8634.46294117647	180.6082352941177	239.1570588235294	233.9877077920925	397.9335294117647	621.2129411764706	621.2129411764706	31.75529411764706	48.57278200480515	2092.8723529411764	426.7117647058824	22650.45588235294	408.1926601879384	470.3752941176471	354.27	57274.64235294118	815.7141176470589	140.91411764705882	1.488529411764706	7.938823529411765	467.3982352941177	1994.629411764706	220.30235294117648	232.21058823529413	509.0770588235294	2501.7217647058824	83.35764705882353	1392.2711764705882	621.2129411764706	354.27	621.2129411764706	1863.638823529412	553.7329411764706	Low arginine supplementation without caffeine treatment.	E11	84	Low arginine supplementation without caffeine treatment.	None	PosLow	0.2233171705236521	47770.403599016	1.8766513136622007	Low arginine supplementation without caffeine treatment.
5106.642250101174	4505.552003237556	1223.179279643869	3.2810602994738973	3243.0	627.3387292594092	1095.8741400242816	10982.365034399028	19343.81910157831	4509.489275596924	3127.506677458519	1055.1889923108054	1357.046539862404	1845.26831242412	41.99757183326589	12666.205180089031	255.922703358964	271.56959993328417	68.24605422905707	170.61513557264266	4253.566572237961	16481.42209631728	16010.26183731283	91.86968838526911	255.922703358964	118.1181707810603	8354.891946580332	2783.6515580736545	1393.7944152165117	229.6742209631728	157.49089437474706	706.0841764467827	2107.753136382032	175.8648320518009	1073.5629299878592	93.18211250505868	2791.526102792392	792.7041683528936	22040.850667745854	244.11088628085795	118.1181707810603	255.922703358964	1187.7438284095508	728.3953864832052	Caffeine treatment without arginine supplementation.	F6	45	Caffeine treatment without arginine supplementation.	Yes	None	0.1821630620351022	27364.322121182096	1.2934089345245168	Caffeine treatment without arginine supplementation.
3604.22896393818	6229.969089868346	1060.157985117344	7.7046365197481395	1787.4756725815682	2174.248425872925	1107.9267315397824	6203.773325701201	24197.181453921006	2692.0	107.86491127647396	4477.934745277618	6.163709215798511	16.950200343445907	198.9928098480273	24.65483686319405	1021.6348025186032	1021.6348025186032	73.96451058958213	9.245563823697768	2285.1951917572983	15757.522610188897	38057.82255294791	8.475100171722953	7.7046365197481395	57.01431024613623	187532.39381797367	772.0045792787636	326.6765884373212	2.3113909559244417	109.40583858042358	671.8443045220378	4018.738408700629	654.8941041785919	630.2392673153978	2422.337721808815	3235.9473382942188	893.7378362907841	18751.544361763023	935.342873497424	57.01431024613623	1021.6348025186032	3092.6410990269032	1175.7275329135662	High arginine supplementation with caffeine treatment.	D8	59	High arginine supplementation with caffeine treatment.	Yes	PosHigh	0.1463210356827407	10526.85913031449	0.4353238284154826	High arginine supplementation with caffeine treatment.
7337.152817913491	10796.018976680934	864.5474185223532	300.3591970453245	917.989708086724	1048.551250946516	5003.280678709956	3975.7004527823706	41862.224845853096	5819.121200414148	1848.156140377988	7101.736149959048	328.771553522585	867.2533572344731	656.19013768911	6203.3644975351945	1741.2715612492464	1852.891533124198	496.5397536740276	9.470785492420143	906.4894685602138	1539.6791271963034	26150.86819860611	1093.1992396964963	2128.2207970824124	54.79525892043083	19798.677071904312	2455.6393812489373	75.76628393936114	2701.879804051861	31.118295189380472	387.6257205111959	1062.757429185146	148.15014448857224	1493.6781690902626	372.7430575945357	1318.46863748049	43.29501939392066	1573.503361097804	1704.0649039575958	54.79525892043083	1704.0649039575958	1345.5280246016905	844.9293628594828	Negative control with alanine supplementation without caffeine.	E10	76	Negative control with alanine supplementation without caffeine.	None	NegHigh	0.225478070555114	61712.38333834194	2.233632113522025	Negative control with alanine supplementation without caffeine.
7233.787396357975	11520.200562191643	444.54198105015337	127.20531573429044	2556.962171063211	2870.2390922598943	2738.297408386561	6291.926760708335	42378.99223609476	5442.76361577996	2169.9332317014337	4402.115873230286	690.8331242803753	1343.0986794285454	982.4580768414348	3824.2789602670728	1814.5364652682629	1862.7459266835197	140.7377961315554	69.0156500260512	945.2437557489562	1910.7862320938095	23802.27977074931	458.7510854672816	2465.6179283816723	403.2679158384953	32270.229379337845	992.6074371393836	337.6353859117603	682.0370120221531	21.65196863562391	524.3836153940165	805.1825836372641	450.6315972289226	824.8046802132982	658.3551713269394	922.2385390736058	2.0298720595897413	2711.9090716118944	1790.347156558152	418.1536442754867	1798.4666447965108	122.46894759524773	268.61973588570913	Low arginine supplementation without caffeine treatment.	D7	51	Low arginine supplementation without caffeine treatment.	None	PosLow	0.2347315363238398	52564.82216164659	2.0033130137337287	Low arginine supplementation without caffeine treatment.
5991.529411764706	7328.470588235294	768.0	76.23529411764706	1296.9411764705883	1894.5882352941176	2707.764705882353	3251.764705882353	28124.70588235294	4759.058823529412	1832.470588235294	6476.705882352941	58.8235294117647	673.4117647058823	226.8235294117647	3941.176470588235	2360.235294117647	2456.9411764705883	100.70588235294116	75.76470588235294	1121.8823529411766	883.2941176470588	15352.470588235294	798.5882352941177	1093.1764705882354	163.2941176470588	12101.176470588236	1279.529411764706	118.58823529411764	1177.4117647058824	21.176470588235293	244.7058823529412	631.0588235294117	68.23529411764706	1173.6470588235295	316.2352941176471	1210.4477194789686	1.411764705882353	944.0	2314.3529411764707	152.0	2328.0	657.4117647058823	871.5294117647059	Negative control with alanine supplementation without caffeine.	A5	32	Negative control with alanine supplementation without caffeine.	None	NegHigh	0.2324552506478297	49059.02770075765	1.9617311709563887	Negative control with alanine supplementation without caffeine.
7003.0478300031255	9551.710042094815	409.0762302163564	311.57239756622124	1828.380140070955	1007.295233543501	1934.6813110053124	7437.416407786622	37125.50067094355	5741.729453502693	3363.5156706678185	7396.362162460249	118.03095531332144	1260.9518207385895	414.9411224058381	3933.876436094925	1635.5718093417402	1635.5718093417402	296.9101670925167	13.196007426334075	1938.3468686237384	1054.2143710593557	24738.11525523428	513.9111781033437	447.1980294479881	296.17705556883146	169946.24786309074	1878.9648352052352	192.80833072921453	123.16273597911804	93.83827503170896	394.4139997426518	1699.3525119023548	109.96672855278396	174.4805426370839	4253.513060421684	1341.5940883439644	2.199334571055679	1787.325894744582	1635.5718093417402	266.8525946214224	1635.5718093417402	306.44061690042463	187.67655006341795	High arginine supplementation without caffeine treatment.	D9	67	High arginine supplementation without caffeine treatment.	None	PosHigh	0.25136006159185	54614.96537083171	2.1012070778363743	High arginine supplementation without caffeine treatment.
7856.793770856508	10961.803781979976	657.2182424916574	43.67252502780868	1871.5274749721916	2420.096996662958	3781.4015572858734	6572.182424916574	36550.70789766407	6640.354171301447	2512.7679644048944	15674.17575083426	181.08120133481648	1828.9201334816464	960.7955506117908	7312.484983314795	1980.1761957730807	1980.1761957730807	744.5632925472747	6.3911012235817575	928.840044493882	401.5741935483871	19770.871635150168	122.49610678531702	1069.4442714126808	66.04137931034482	46610.30122358176	2225.168409343715	154.45161290322582	17.04293659621802	144.86496106785316	704.0863181312569	2680.001779755284	34.08587319243604	2008.936151279199	1129.094549499444	1681.924805339266	3.1955506117908787	1337.870522803115	1956.742157953281	17.04293659621802	1968.4591768631813	1581.797552836485	355.77130144605115	Negative control with alanine supplementation without caffeine.	F12	93	Negative control with alanine supplementation without caffeine.	None	NegHigh	0.2157611941167518	53177.21118254879	2.040943528727768	Negative control with alanine supplementation without caffeine.
8615.119670606986	4601.606986319564	931.405897197503	643.516801700093	1969.0382520919115	2326.20547217426	363.3252756010094	9180.12126444415	17358.018993226193	6961.68176384646	2949.708593438704	7962.365785628902	1365.548811263116	714.3344401646965	220.67056921064847	11888.1261787754	1467.1567273210253	1467.1567273210253	133.9377075308806	207.83437375481472	1929.0108912206133	13932.600610970912	16956.205870633552	451.0775667419312	24.63222207464471	133.9377075308806	11591.0	1808.9288086067208	266.3359011820959	2.309270819497941	172.42555452251295	1373.2463806614423	1785.8361004117412	63.12006906627706	358.7067339620136	261.71735954310003	2173.793598087396	351.0091645636871	18227.844335237085	1336.2980475494753	133.9377075308806	1424.0503386903972	420.2872891486253	340.23256740603	Low arginine supplementation with caffeine treatment.	A12	88	Low arginine supplementation with caffeine treatment.	Yes	PosLow	0.1768396804060384	23979.70707035349	1.0923562597231242	Low arginine supplementation with caffeine treatment.
7738.20507105447	13101.71074758635	509.464295962228	380.3796392641522	1879.747574757186	4856.332824179678	3321.0656054629194	7375.393166133843	45860.18859650394	6575.679346235113	3141.569189344293	5723.262323305808	296.3600402299017	1820.9338554332105	805.0605216554546	6475.619641930687	1515.4080407632089	1515.4080407632089	135.19517299147577	135.9589875281508	34.7535614187127	382.6710828741772	23514.794326076688	244.42065173600145	1400.835860261958	77.90908274085045	32231.445818611835	1250.3643965369822	100.05970430442558	588.1371932397534	216.9233284157013	595.7753386065034	1625.3973340444095	47.35650127385028	1479.5087575394837	643.8956544170287	2092.088015952837	54.99464664060032	2466.357138923589	1503.9508227130837	77.90908274085045	1515.4080407632089	553.7655390893782	212.34044119565124	Low arginine supplementation without caffeine treatment.	H10	79	Low arginine supplementation without caffeine treatment.	None	PosLow	0.2084803387187235	66410.7972917764	2.209607223986149	Low arginine supplementation without caffeine treatment.
3232.0	5542.068071312804	288.1037277147488	5.238249594813614	722.8784440842787	1240.4175040518635	1076.984116693679	5544.163371150729	25465.226580226903	2839.1312803889787	200.10113452188008	4918.716369529983	90.09789303079415	81.71669367909237	142.4803889789303	274.48427876823337	221.83987034035653	222.10178282009724	66.00194489465153	76.84875133446458	1058.12641815235	10095.154619124796	22994.8680713128	411.7264181523501	521.729659643436	319.53322528363043	112008.44343598056	933.456077795786	24.095948136142624	88.00259319286872	2.619124797406807	245.15008103727715	2521.693354943274	144.57568881685577	570.969205834684	3157.616855753646	2908.2761750405184	185.43403565640196	12807.520259319286	214.76823338735815	296.4849270664505	222.10178282009724	2164.444732576985	631.7329011345219	High arginine supplementation with caffeine treatment.	D12	91	High arginine supplementation with caffeine treatment.	Yes	PosHigh	0.1558011951434312	8524.487520060695	0.3324542070415588	High arginine supplementation with caffeine treatment.
2901.4379610999326	11287.983903420523	2672.1395036888	133.60697518443996	1101.3547954393025	956.9148222669348	1054.411804158283	11759.219315895372	42584.51509054326	2692.0	362.9054325955734	9700.949698189132	361.0999329309189	19.86049631120053	133.60697518443996	28.887994634473507	236.52045606975184	236.52045606975184	72.21998658618377	10.832997987927564	1847.0261569416496	19994.103286384976	40988.45338698859	406.3243272479429	429.7089201877934	10.832997987927564	208629.0972501677	2657.6955063715627	503.73440643863177	171.52246814218643	4.513749161636485	1724.2521797451377	3224.6224010731053	1218.712273641851	3152.4024144869213	2493.3950368879946	7030.61569416499	5.416498993963782	22841.37625754527	236.52045606975184	8.124748490945674	236.52045606975184	644.5633802816901	1845.220657276995	High arginine supplementation with caffeine treatment.	C11	82	High arginine supplementation with caffeine treatment.	Yes	PosHigh	0.3903903617394568	9849.456240636717	0.3898210721303892	High arginine supplementation with caffeine treatment.
7570.999999999999	2094.2027027027025	385.70270270270265	134.0	4546.04054054054	3315.5945945945946	1222.2972972972973	4312.445945945946	8805.067567567567	6106.959459459459	989.608108108108	1474.9054054054052	190.13513513513516	884.581081081081	320.20383214827945	3037.635135135135	114.08108108108108	114.08108108108108	727.9459459459459	5.4324324324324325	1497.5405405405404	11811.918918918918	18212.22972972973	573.1216216216216	533.2837837837837	20.824324324324323	15897.108108108108	2661.891891891892	4.979729729729729	429.1621621621621	114.98648648648648	470.8108108108108	2152.1486486486483	292.44594594594594	1373.5	194.66216216216216	1783.6486486486483	424.6351351351351	14150.58108108108	114.08108108108108	24.445945945945944	114.08108108108108	34.4054054054054	159.35135135135133	Caffeine treatment without arginine supplementation.	E4	28	Caffeine treatment without arginine supplementation.	Yes	None	0.1841641278555507	33179.59402242357	1.4936347293643748	Caffeine treatment without arginine supplementation.
5242.012065583135	6624.741626063457	414.6088636545466	322.8069010798062	1647.6352237270405	1820.4389179853756	1935.6413808242653	9849.210559897803	27649.191094160877	4242.090688911208	2143.245819065182	6820.3458077586565	101.40216781131458	1018.8217807314328	548.411724139299	3149.467330423611	883.2188817648229	1023.62188334972	99.00211650217103	76.8016418925933	844.2180479912404	750.0160341073564	21109.65128957201	201.0042971407715	874.2186893555346	194.4041560406268	142610.4487764819	1334.4285278838086	121.2025911117488	0.9000192409288277	130.20278352103708	364.8077989898181	1762.2376737386446	235.20502829606696	772.2165087169342	3868.8827103393874	2445.052271189982	19.200410473148324	754.8161367256434	825.6176503453779	194.4041560406268	836.4178812365238	731.4156364614939	184.20393797676672	High arginine supplementation without caffeine treatment.	C10	74	High arginine supplementation without caffeine treatment.	None	PosHigh	0.249959990532101	65161.17098281986	2.3573367043632185	High arginine supplementation without caffeine treatment.
7418.255724530406	6984.972506873281	1045.3817314902044	101.44329302289812	2848.149404956453	4232.2485724722665	1424.504546940188	10053.202276353988	26813.69753715417	6127.002960798262	2757.0223790206296	4079.223944013997	499.4792647991848	1292.9721415799895	9.45657816315152	5958.503931709381	2738.324144925308	2742.4076673139407	147.86649491473287	165.06027339319016	1920.5450560436811	816.7044777267222	22843.654086478386	696.348028377521	359.34997019975776	131.53240536019842	37135.98244669602	1254.2861400034608	36.96662372868322	1.289533385884298	11.17595601099725	540.7443331474824	2340.9329398419627	400.6150385480553	726.4371407148213	584.5884682675485	1820.821140868629	39.54569050045181	2083.026262665103	2665.8953530848057	110.04018226212678	2737.249533770404	1397.8541902985792	1377.2216561244304	Low arginine supplementation without caffeine treatment.	A3	16	Low arginine supplementation without caffeine treatment.	None	PosLow	0.246891194984984	69006.1543596759	2.2980816360552483	Low arginine supplementation without caffeine treatment.
