2'-Deoxyguanosine-5'-Diphosphate [[M+H]]/Adenosine 5'-diphosphate (ADP) [[M+H]]	2'-Deoxyguanosine-5'-Monophosphate [[M+H]]	2'-Deoxyuridine [[M+Na]]	5'-Deoxy-5'-Methylthioadenosine [[M+H]]	ATP [[M+H]]	Acetyl coenzyme A (Acetyl-CoA) [[M+H]]	Ademetionine [[M+H]]	Adenine [[M+H]]	Adenosine 5'-phosphosulfate [[M+Na]]	Adenosine phosphate [[M+H]]	Adenosine-3'-5'-Diphosphate [[M+H]]	Aminoadipate [[M+Na]]	Argininosuccinic acid [[M+H]]	Biotin [[M+H]]	Choline [[M+H]]	Cytidine [[M+H]]	D-(+)-Melibiose [[M+Na]]/D-(+)-Turanose [[M+Na]]/Isomaltose [[M+Na]]/Maltose [[M+Na]]/Palatinose [[M+Na]]	Flavin adenine dinucleotide [[M+H]]	Glucosamine 6-Phosphate [[M+H]]	Glucosamine [[M+H]]	Glutamic Acid [[M-H2O+H]]	Glutathione [[M+H]]	Guanosine-5'-Diphosphate [[M+H]]	Histidine [[M+H]]	Imidazoleacetic acid [[M+H]]	L-Arginine [[M+H]]	L-Citrulline [[M+H]]	L-Glutamine [[M+H]]	L-Histidinol [[M+H]]	L-Lysine [[M+H]]	L-Tryptophan [[M-H2O+H]]	L-Valine [[M+H]]	Levocarnitine [[M+H]]	N-(5-Amino-5-Carboxypentyl)Glutamic Acid [[M+H]]	N2-Acetyl-L-ornithine [[M+H]]	Nicotinamide [[M+H]]	O-acetyl-L-serine [[M+H]]	Pidolic Acid [[M+H]]	Proline [[M+NH4]]	Quinolinic Acid [[M-H2O+H]]	Sucrose [[M+Na]]	Thymine [[M+H]]	Trehalose [[M+Na]]	d-Desthiobiotin [[M+H]]	gamma-Glutamylcysteine [[M+H]]	Experimental group	Well	Unnamed: 0	Summary_x	Treatment	Supplement	mu	AUC	MaxOD	Summary_y
7560.260894495413	5751.252866972477	780.4701834862385	102.27350917431193	1322.3021788990825	678.1966743119266	2273.953555045872	2344.3119266055046	358.3199541284404	27447.018348623853	6651.404816513761	1445.610665137615	1215.676605504587	598.4088302752293	1026.3618119266057	6471.519495412844	1291.1123853211009	882.7436926605504	56.57683486238532	1049.5728211009175	4269.375	12859.624426605504	544.0080275229358	71.80905963302752	118.23107798165135	4205.5447247706425	967.6089449541284	461.3188073394495	84.13990825688073	54.40080275229358	55.85149082568808	1265.0	50.77408256880734	3185.711009174312	295.9403669724771	1824.9655963302755	175.53325688073394	6286.556766055046	71.80905963302752	17.408256880733944	1291.1123853211009	118.23107798165135	1291.1123853211009	1132.2620412844035	535.3038990825688	High glutamate supplementation with formic acid treatment.	B2	9	High glutamate supplementation with formic acid treatment.	Yes	PosHigh	0.2346926417356188	32943.701161309385	1.647239556907372	High glutamate supplementation with formic acid treatment.
3758.512936694613	2954.702896145688	634.4024011890504	3.504985641928455	120.33784037287695	484.85634713343626	1283.353166380968	8876.960302457466	193.87215981997144	13855.208242543182	3454.747514394147	250.0223091242298	960.3660658883966	31.544870777356092	56.07977027085528	1745.4828496803705	7826.165607007317	8.178299831166395	2.9208213682737125	1484.9455836303557	4384.737038052497	12544.34361246194	405.2146221948561	12.851614020404334	223.15075253611164	651.9273293986926	61.92141300740271	362.1818496659403	78.27801266973549	86.45631250090189	19.861585304261244	1881.0089611682708	121.50616892018644	2222.16089698264	50.23812753430786	2844.880012698596	894.9396672390654	4787.810386874269	531.5894890258156	4.67331418923794	7598.80887170089	257.0322804080867	7865.187780487453	240.6756807457539	507.05458953231647	Formic acid treatment without glutamate supplementation.	E4	28	Formic acid treatment without glutamate supplementation.	Yes	None	0.113521291213085	11370.30680965903	0.3537041136507586	Formic acid treatment without glutamate supplementation.
9430.005747126435	3493.637931034483	343.82758620689657	24.2816091954023	2041.5977011494251	338.0	2362.114942528736	5035.034482758621	398.2183908045977	20491.73563218391	8108.114942528736	2348.5172413793107	3528.6034482758623	723.5919540229886	1230.5919540229886	13114.011494252874	954.7528735632184	329.2586206896552	44.67816091954023	1653.0919540229886	8127.540229885058	17207.890804597704	322.45977011494256	687.6551724137931	169.0	6756.114942528736	3036.172413793104	2.42816091954023	622.580459770115	128.20689655172416	72.8448275862069	1428.7298850574714	2.42816091954023	4857.293103448276	49.53448275862069	1653.0919540229886	338.9712643678161	10377.959770114943	173.85632183908046	3.885057471264368	809.0632183908046	131.1206896551724	915.9022988505748	1193.6839080459772	504.0862068965517	High glutamate supplementation with formic acid treatment.	E9	68	High glutamate supplementation with formic acid treatment.	Yes	PosHigh	0.1923240062712904	45473.60988374209	1.9386373653301248	High glutamate supplementation with formic acid treatment.
7693.915918752953	2772.0595181861127	730.2881435994332	118.73878129428437	1856.0746339159189	297.2933396315541	1942.6735947094944	4770.085025980161	43.74586679263109	13948.682097307512	6428.8568729333965	2666.7123287671234	1878.3939537080776	982.0500708549836	1581.1006140765237	11197.156353330183	858.4348599049092	12.49881908360888	99.0977798771847	1831.9697685403876	619.584317430326	10677.56258856873	748.1435994331601	91.95559754369393	475.8478979688238	262950.15588096366	1485.5739253660845	161.5918752952291	168.73405762871988	18.74822862541332	74.10014170996693	872.2390174775626	10.713273500236184	713.3254605573926	6369.041095890411	1050.7935758148324	2.231931979215872	1250.7746811525744	12.49881908360888	27.675956542276808	809.6859880834439	466.027397260274	853.4236599103679	1542.7113840340105	307.11384034010393	Negative control with arginine supplementation and formic acid treatment.	G8	62	Negative control with arginine supplementation and formic acid treatment.	Yes	NegHigh	0.1732270586062605	54134.448232768016	2.1057248064224665	Negative control with arginine supplementation and formic acid treatment.
7948.4286372714705	6480.3384544476885	1341.5470886464896	156.98955292671687	2757.3074204947	530.9101244430789	3084.6068520510066	6193.0	189.3389153479797	30139.13980642188	6180.631126133047	2986.6073129512984	5405.197879858658	1054.2086341988015	1670.749423874635	7139.694576739899	701.2200030726686	317.78491319711173	90.38792441235212	1059.9173452143186	2824.860500844984	20836.795206636965	503.31802120141344	1703.0987862958982	31.39791058534337	35278.882624059	2052.281610078353	577.5312644031342	293.0471654632048	6.660162851436473	5.708711015516977	1463.332923644185	78.97050238131818	226.44553694884007	731.6664618220925	1893.3891534797972	4.75725917959748	4780.094023659549	12.36887386695345	40.912428944538334	682.1909663542788	25.6891995698264	691.7054847134737	1793.4867107082505	1298.731756030112	Baseline condition with no supplementation or treatment.	D5	35	Baseline condition with no supplementation or treatment.	None	None	0.2137362206223133	51300.728812124384	2.053939280314107	Baseline condition with no supplementation or treatment.
3580.5615788668465	3981.424855933499	658.431536539344	116.0871028609312	1320.4907950430922	1365.8373195981435	48.97424651945535	5728.172981794073	131.02317219112967	19517.14416849405	2900.3637105410776	582.249375286858	3052.72803304605	979.4849303891068	1456.530368708246	6803.792544239889	1523.643225049722	12.697026875414348	4.534652455505125	2406.99352338212	3792.7833137844864	28250.884797796927	4.534652455505125	627.5958998419093	921.4413789586412	10768.89265133357	972.2294864602987	4.534652455505125	14.5108878576164	50.78810750165739	81.62374419909224	2060.5460757815285	321.0533938497628	968.6017644958946	743.6830027028404	1888.2292824723336	330.12269876077306	10059.673007292567	246.6850935794788	87.06532714569839	1523.643225049722	386.35238920903663	1523.643225049722	4687.0167780100965	513.3226579631801	Formic acid treatment without glutamate supplementation.	B3	17	Formic acid treatment without glutamate supplementation.	Yes	None	0.2222472387740097	5209.9769090792215	0.2836442042285217	Formic acid treatment without glutamate supplementation.
5787.121621621622	7751.918918918918	562.6216216216216	73.7027027027027	628.2972972972973	153.97297297297297	2196.4864864864862	3842.027027027026	63.48648648648648	34635.891891891886	5302.216216216216	2324.9189189189187	2269.459459459459	448.78378378378375	1017.9729729729728	2539.459459459459	3565.459459459459	13.864864864864863	6.567567567567568	1070.5135135135135	2481.081081081081	25087.378378378377	1227.4054054054054	108.0	63.48648648648648	11809.945945945943	1393.054054054054	601.2972972972973	901.216216216216	40.86486486486486	39.4054054054054	1027.4594594594594	102.16216216216216	2910.891891891892	29.189189189189182	615.8918918918919	213.08108108108107	8236.459459459458	32.108108108108105	27.0	3507.081081081081	63.48648648648648	3536.27027027027	1552.8648648648648	772.7837837837837	High glutamate supplementation without formic acid treatment.	C7	50	High glutamate supplementation without formic acid treatment.	None	PosHigh	0.2353682319990624	56248.48394892157	2.3612537011134807	High glutamate supplementation without formic acid treatment.
7175.322580645161	5483.467741935484	468.14516129032256	39.193548387096776	1429.8387096774193	1500.241935483871	1517.6612903225807	3289.3548387096776	283.06451612903226	25282.74193548387	5828.225806451613	2633.2258064516127	4106.612903225807	450.7258064516129	1512.5806451612902	6722.419354838709	3285.725806451613	319.35483870967744	36.29032258064516	526.2096774193549	1040.0806451612902	19865.322580645163	960.967741935484	895.6451612903226	47.17741935483871	14243.225806451614	1687.5	291.7741935483871	155.32258064516128	8.709677419354838	23.225806451612904	1278.145161290323	259.83870967741933	1891.4516129032256	821.6129032258065	844.1129032258065	1.814516129032258	1763.7096774193549	74.75806451612904	2.903225806451613	3245.8064516129034	47.17741935483871	3285.725806451613	1485.0	515.3225806451613	Low glutamate supplementation without formic acid treatment.	A3	16	Low glutamate supplementation without formic acid treatment.	None	PosLow	0.2672542381129105	43740.49959139716	1.8710758247840584	Low glutamate supplementation without formic acid treatment.
4702.5	6339.7476340694	670.6703470031546	21.08044164037855	509.8343848580441	22.641955835962143	1538.872239747634	3621.932176656151	186.27144496116244	30187.973186119874	4148.162460567824	1473.288643533123	3572.744479495268	404.4321766561514	979.8501577287066	6046.182965299685	305.27602523659306	37.10076339349377	74.95268138801262	2705.3233438485804	771.3880126182966	21844.022082018928	138.19400630914825	60.89905362776025	313.86435331230285	224669.10094637223	1976.8769716088327	35.13406940063091	247.5	142.87854889589906	43.722397476340696	1428.0047318611987	67.14511041009463	804.9605678233438	5580.851735015773	1202.365930599369	1.9518927444794951	1050.1182965299683	66.36435331230284	14.834384858044164	271.7034700315457	313.86435331230285	305.27602523659306	1485.0	1036.064668769716	Negative control with arginine supplementation without formic acid treatment.	C2	10	Negative control with arginine supplementation without formic acid treatment.	None	NegHigh	0.2483707632214633	41478.10267826894	1.9095486657910736	Negative control with arginine supplementation without formic acid treatment.
3726.0894941634247	5757.964980544748	432.1673151750973	175.2295719844358	900.7587548638134	239.21789883268485	1312.252918287938	6857.5797665369655	105.20962641715076	30006.587548638134	3514.43579766537	2529.015564202334	5144.661478599222	1214.7937743190662	1529.8132295719845	13912.046692607006	127.97665369649806	99.61456630756292	2.4610894941634243	3004.4980544747086	146.6809338521401	18707.23346303502	386.8832684824903	83.67704280155642	241.1867704280156	271844.07003891055	2573.315175097277	183.1050583657588	141.75875486381324	39.37743190661479	2.4610894941634243	1265.0	2.4610894941634243	1018.8910505836576	5486.260700389105	3817.642023346304	2.4610894941634243	654.6498054474708	13.782101167315176	3.937743190661479	127.97665369649806	265.79766536964985	127.97665369649806	1424.47859922179	168.33852140077823	Negative control with arginine supplementation without formic acid treatment.	A5	32	Negative control with arginine supplementation without formic acid treatment.	None	NegHigh	0.2355577353786551	38586.54936417269	1.7915731612023489	Negative control with arginine supplementation without formic acid treatment.
5760.510675129833	6208.234275822273	443.2313906520485	83.85458742065782	2090.3750721292554	1464.460473167917	2359.9076745527987	4502.691863819965	208.13906520484707	32942.87362954414	5100.155799192152	476.1742642815926	2737.2533179457587	443.2313906520485	203.6468551644547	5303.802654356607	64.38834391229082	10.481823427582228	19.466243508366997	1855.2827466820545	865.4991344489324	18925.68090017311	1078.130409694172	190.17022504327755	137.7611079053664	80123.05828043855	2401.8349682631274	449.2210040392383	5.989613387189844	181.1858049624928	3.7435083669936526	2334.451817657242	35.93768032313906	2087.3802654356605	1579.7605308713214	2595.0	104.81823427582228	6034.535487593768	134.7663012117715	125.78188113098672	52.40911713791114	137.7611079053664	64.38834391229082	348.89497980380844	546.5522215810732	Low glutamate supplementation with formic acid treatment.	D2	11	Low glutamate supplementation with formic acid treatment.	Yes	PosLow	0.193507443239952	8378.389200036527	0.4387723741164469	Low glutamate supplementation with formic acid treatment.
3720.581314878893	3324.539792387543	1817.6885813148788	4.73356401384083	339.2387543252595	39.44636678200692	183.0311418685121	5277.923875432526	59.95847750865052	18358.33910034602	3641.688581314879	648.4982698961937	4302.809688581315	45.75778546712802	105.71626297577856	1462.6712802768166	123.0726643598616	60.12850959010209	67.8477508650519	672.1660899653979	5719.723183391004	15399.8615916955	3.944636678200692	118.33910034602076	25.24567474048443	19366.588235294115	934.0899653979238	3.944636678200692	52.069204152249135	213.01038062283737	143.58477508650518	3381.342560553633	7.889273356401384	864.6643598615916	370.79584775086505	2302.089965397924	730.5467128027682	8190.643598615917	135.6955017301038	110.44982698961935	123.0726643598616	25.24567474048443	123.0726643598616	3677.979238754325	1544.719723183391	Low glutamate supplementation with formic acid treatment.	F8	61	Low glutamate supplementation with formic acid treatment.	Yes	PosLow	0.1158631824685301	19191.301077186108	0.6698886344402293	Low glutamate supplementation with formic acid treatment.
8219.905063291139	4968.227848101266	631.993670886076	5.981012658227848	1796.2974683544303	897.1518987341773	801.4556962025316	3486.930379746836	283.1012658227848	20903.63924050633	7272.911392405063	213.3227848101266	3606.550632911392	63.79746835443038	47.848101265822784	649.9367088607595	1361.8516230288296	13.955696202531646	42.52638996087544	1351.7088607594935	273.13291139240505	21864.58860759494	65.79113924050633	468.5126582278481	105.66455696202532	12915.0	496.4240506329114	73.76582278481013	7.974683544303797	91.70886075949367	362.8481012658228	2723.354430379746	75.75949367088607	2761.23417721519	69.77848101265823	2053.481012658228	657.9113924050633	1503.227848101266	143.54430379746836	49.84177215189874	1322.077190101678	127.59493670886076	1380.959001216784	420.6645569620253	315.0	Low glutamate supplementation with formic acid treatment.	H5	39	Low glutamate supplementation with formic acid treatment.	Yes	PosLow	0.1809581304305962	8426.849468212571	0.4195989209259571	Low glutamate supplementation with formic acid treatment.
2242.074454428755	4030.867779204108	702.0000000000001	562.3209242618742	545.198973042362	199.15532734274717	1588.7368421052631	6565.817715019256	153.32794625672827	21855.720154043647	1900.5365853658536	1097.607188703466	7457.961489088576	786.7086007702183	291.9743260590501	2396.1720154043646	167.61489088575098	49.563543003851095	2.252888318356868	2547.5661103979464	785.8074454428755	24921.450577663672	179.69720711034782	91.9178433889602	228.89345314505775	270543.9512195122	3707.353016688062	2.252888318356868	540.6931964056483	123.45827984595635	2.252888318356868	1860.885750962773	2.252888318356868	2401.5789473684213	6401.807445442876	3433.4017971758667	15.319640564826702	2147.4531450577665	54.97047496790758	130.66752246469835	167.61489088575098	257.7304236200257	167.61489088575098	1424.7265725288833	323.51476251604623	Negative control with arginine supplementation without formic acid treatment.	G11	86	Negative control with arginine supplementation without formic acid treatment.	None	NegHigh	0.1520342216974816	36690.141934716135	1.6347021176848433	Negative control with arginine supplementation without formic acid treatment.
2886.8684052269587	6063.422567379806	655.4701272202344	113.86365124963096	154.8320424948715	1413.4667105176975	199.78328063854383	1328.5588162463166	224.43890701623795	36248.1789808558	2469.8208068939985	1030.3987474128874	2409.8858227024352	437.02592639681467	59.93498419156316	4050.297339920551	14.98374604789079	17.481037055872587	34.14780199463816	1925.4113671539665	2170.145885936183	28821.23552311793	6.243227519954496	297.177629949834	84.90789427138114	157259.4093546298	169.81578854276228	427.0367623648875	1311.077779190444	219.76160870239823	77.41602124743575	4824.766227420834	6.243227519954496	1723.1307955074408	3633.558416613516	4053.1033059544575	6.243227519954496	2961.787135466413	27.47020108779978	9.989164031927192	90.9531519597427	84.90789427138114	82.69187238841334	3750.931093988661	484.2553267872478	Low glutamate supplementation with formic acid treatment.	E7	52	Low glutamate supplementation with formic acid treatment.	Yes	PosLow	0.2490021865417292	17035.09651511661	0.5381437426499446	Low glutamate supplementation with formic acid treatment.
7035.130186886285	5155.91194171682	352.52898321191003	169.94425087108013	1797.7573645866328	804.7773202407349	4816.02343997466	5294.957237884067	29.494456762749447	23748.65568577764	6330.072220462464	4434.0	4623.607222046247	912.9236617041496	3092.704466265442	10897.499524865378	428.3718720304086	60.3934114665822	7.022489705416534	3582.874247703516	1066.01393728223	16466.33386126069	108.14634146341464	446.6303452644916	154.49477351916377	385947.60722204624	2568.8267342413683	3.511244852708267	528.0912258473234	44.94393411466582	60.3934114665822	2266.859676908457	120.7868229331644	1446.632879315806	9491.597085840987	2068.825467215711	3.511244852708267	1435.3968957871398	160.112765283497	5.617991764333228	428.3718720304086	154.49477351916377	428.3718720304086	2297.75863161229	168.53975292999684	Negative control with arginine supplementation and formic acid treatment.	F3	21	Negative control with arginine supplementation and formic acid treatment.	Yes	NegHigh	0.244293451041881	53745.6204651896	2.0195772677833785	Negative control with arginine supplementation and formic acid treatment.
4476.875	7211.09375	712.5	156.75	733.28125	296.875	3044.15625	3211.59375	353.875	31413.53125	3836.21875	928.03125	197.71875	104.5	776.625	2487.21875	3350.53125	531.40625	9.5	451.25	424.53125	23408.59375	848.46875	271.34375	213.15625	14179.9375	1700.5	309.9375	19.0	165.0625	1.484375	1113.28125	6.53125	3560.125	353.875	2442.6875	198.90625	6956.96875	1.1875	2.375	3244.25	235.125	3335.6875	797.40625	817.59375	High glutamate supplementation without formic acid treatment.	B8	57	High glutamate supplementation without formic acid treatment.	None	PosHigh	0.248847410811126	54392.38788586325	2.127354282496721	High glutamate supplementation without formic acid treatment.
6331.564765717996	7863.64895574072	337.46347797857374	318.7155069797641	902.9022833026728	659.9285791580998	2014.282004112109	5014.707282761606	181.14700475739696	33345.14121848285	5217.18536954875	1712.81463045125	6056.344551455471	218.97630126609675	167.98182014933448	4506.262309273888	839.9091007466724	168.73173898928687	10.498863759333403	683.1760631966238	2407.989395087112	19124.430256465752	362.21079969700247	548.9405908451466	20.247808678714424	39681.95541608051	1727.8130072502977	104.23871875338166	29.24683475814306	138.73498539119143	51.74439995671464	479.9480575695271	11.998701439238175	662.9282545179093	599.9350719619089	988.3930310572448	27.746997078238287	3210.4025538361648	135.73531003138189	36.74602315766692	776.1659993507196	23.997402878476358	824.1608051076723	1403.8480683908667	332.21404609890703	Low glutamate supplementation without formic acid treatment.	E11	84	Low glutamate supplementation without formic acid treatment.	None	PosLow	0.1775329376473418	50026.00323497235	1.960398302103792	Low glutamate supplementation without formic acid treatment.
7506.810914681015	8731.7650525237	940.9297975915962	152.32590315142198	550.5946707660773	407.7891365616193	3287.700743018191	6193.0	139.17712856795558	39964.92211119652	6281.85677683833	2159.537022802972	1804.1099154496544	274.50397130412506	2575.259800153728	13990.182167563413	33.003945682808094	11.107097104791189	20.62746605175506	2343.5974891109404	1540.7130412503202	35728.3579297976	343.77815743208214	6.346912631309249	158.67281578273125	399428.6658980272	1750.1611580835256	79.33640789136562	6.346912631309249	4.760184473481937	19.040737893927748	2603.82090699462	65.05585447091981	1351.8923904688702	10039.229054573403	4298.446579554189	3.966820394568281	3674.862413528055	3.1734563156546245	103.13733025877532	36.494747630028186	158.67281578273125	36.494747630028186	2597.4739943633103	506.1662823469126	Negative control with arginine supplementation without formic acid treatment.	A7	48	Negative control with arginine supplementation without formic acid treatment.	None	NegHigh	0.2439154592300051	27319.84394181152	1.4832765821361886	Negative control with arginine supplementation without formic acid treatment.
9016.29	3696.82	783.52	165.99999999999997	1957.14	346.94	2017.73	4867.95	622.5	19418.68	8229.449999999999	1419.3	1288.9899999999998	400.89	693.88	6334.56	91.3	5.81	2.075	2608.69	4411.45	14200.47	327.85	505.47	151.89	7599.48	1950.5	584.3199999999999	140.26999999999998	75.52999999999999	2.075	929.6	49.8	4627.25	9.13	2523.2	748.66	6577.749999999999	119.52	29.88	91.3	169.32	91.3	894.7399999999999	839.1299999999999	High glutamate supplementation with formic acid treatment.	E1	4	High glutamate supplementation with formic acid treatment.	Yes	PosHigh	0.2286226750863655	30166.636474216477	1.613847788500065	High glutamate supplementation with formic acid treatment.
9905.914664235142	3410.933168847887	467.6206822570264	162.76796824715726	1225.7057498390905	405.5710148036902	5456.773653722377	4802.104698562541	249.99721089894877	15366.73503540013	9053.855824930271	1826.4184724308088	1609.6942716155331	955.0253164556964	1499.0839948508903	6565.574232997211	312.0468783522849	60.25112636773225	275.176786097404	2272.456661660588	205.932954301652	12441.407959665308	281.6048139995625	461.3257884574126	249.99721089894877	295904.0728384467	960.420939712508	9.891975970821711	163.66723878995924	303.0541729242652	345.319888435958	1299.4459343488522	76.43799613816778	346.21915897875994	7157.2942501609095	1915.4462561682044	2.2481763570049345	858.803368375885	17.086140313237504	27.87738682686119	312.0468783522849	252.69502252735467	312.0468783522849	1891.165951512551	142.98401630551385	Negative control with arginine supplementation and formic acid treatment.	B6	41	Negative control with arginine supplementation and formic acid treatment.	Yes	NegHigh	0.2481535283536299	43799.704714063904	1.7756758747401369	Negative control with arginine supplementation and formic acid treatment.
6107.297520661157	7437.768595041322	675.6446280991736	135.3181818181818	1065.5123966942149	329.3057851239669	901.8057851239668	7961.061983471074	98.41322314049586	36706.23966942149	5717.429752066116	3871.2355371900826	2207.6735537190084	739.99173553719	1242.4669421487604	7936.4586776859505	909.3760330578511	6.62396694214876	110.71487603305783	2748.0	5946.429752066116	31449.64876033058	654.8264462809917	557.3595041322315	387.0289256198347	37463.26446280992	871.5247933884298	1036.1776859504132	264.9586776859504	2.838842975206612	2.365702479338843	1529.190082644628	41.63636363636363	564.9297520661157	618.8677685950413	2070.462809917355	607.5123966942149	7679.070247933884	15.140495867768594	12.301652892561982	871.5247933884298	410.6859504132231	909.3760330578511	982.2396694214876	368.103305785124	Baseline condition with no supplementation or treatment.	H1	7	Baseline condition with no supplementation or treatment.	None	None	0.2212982218536735	33125.36485575855	1.7839497479111373	Baseline condition with no supplementation or treatment.
11199.904761904763	9643.57142857143	1190.5238095238096	3.285714285714286	1232.142857142857	516.952380952381	3523.3809523809527	6001.904761904762	104.04761904761904	43484.2380952381	9917.380952380952	3375.5238095238096	5694.142857142858	62.42857142857143	2723.857142857143	6653.571428571429	710.8095238095239	158.80952380952382	122.66666666666669	1324.142857142857	2642.809523809524	29305.28571428572	1059.095238095238	2367.904761904762	138.0	34629.2380952381	1754.571428571429	280.3809523809524	59.142857142857146	31.761904761904763	23.0	868.5238095238095	122.66666666666669	58.04761904761905	826.9047619047619	674.6666666666667	429.33333333333337	6200.142857142858	255.1904761904762	26.28571428571429	710.8095238095239	143.47619047619048	710.8095238095239	441.3809523809524	1629.7142857142858	Baseline condition with no supplementation or treatment.	G2	14	Baseline condition with no supplementation or treatment.	None	None	0.2302069623835662	62524.22825054928	2.2888230340444293	Baseline condition with no supplementation or treatment.
6237.183017785427	6117.432587492828	1344.1078600114745	10.886402753872632	870.9122203098107	79.83362019506598	2103.978772231784	6155.172117039587	26.12736660929432	28761.150315547904	5499.810671256454	1426.8445209409065	1723.6804360298336	382.4756167527252	844.0590935169248	3264.469305794607	5211.683878370625	404.974182444062	7.983362019506598	685.8433734939758	5698.668961560527	25525.71141709696	1058.8841078600117	243.12966150315543	576.2535857716581	11204.285714285714	2505.324153757889	198.85829030407345	1807.142857142857	61.689615605278256	1.814400458978772	1265.0	1.814400458978772	3029.323006310958	21.04704532415376	1672.1514629948365	56.60929432013769	8593.726333907056	275.7888697647734	2.9030407343660354	4967.828456683878	576.2535857716581	5091.933448078026	1335.3987378083764	1452.9718875502008	High glutamate supplementation without formic acid treatment.	F2	13	High glutamate supplementation without formic acid treatment.	None	PosHigh	0.2518223698890133	59388.90972022004	2.356048912880672	High glutamate supplementation without formic acid treatment.
5797.195519348269	6284.006788866259	1310.4052953156822	2.344195519348269	1072.0787508486085	980.6551255940258	1833.160896130346	4699.33061778683	216.44738628649012	28747.65105227427	4823.572980312288	1779.244399185336	4053.1140529531567	732.9517990495586	1248.6748133061778	3978.881194840461	3453.0	5.469789545145961	129.7121520706042	1311.9680923285812	1719.85811269518	24380.414799728445	372.72708757637474	11.720977596741344	168.00067888662593	13169.690427698572	1599.5227427019688	47.6653088934148	35.16293279022403	33.600135777325185	28.91174473862865	1567.4854039375423	141.43312966734555	422.7365919891378	69.54446707399865	1608.1181262729124	16.409368635437882	2241.8323150033943	67.98167006109979	3.1255940257976915	3453.0	195.3496266123557	3453.0	914.2362525458248	1519.038696537678	Low glutamate supplementation without formic acid treatment.	C1	2	Low glutamate supplementation without formic acid treatment.	None	PosLow	0.2547107548232825	50283.2814173853	1.9551557503570065	Low glutamate supplementation without formic acid treatment.
4082.16921647702	5320.7384694694	1497.5588407446987	53.894482660580415	1560.9848622350623	125.09020905043954	2357.3337987251844	7794.353307593585	193.7220691748272	24848.90575278027	3613.5213910204434	188.51623054080324	4244.257938063505	137.4230465624547	42.28401432690914	477.4569951080157	1173.3813975717285	12.332837512015166	25.685117411094943	1479.9405014418198	4591.339222330217	25608.256176734347	51.09318397834854	89.85353044468192	303.0354360095155	13266.609495067742	463.3623236657127	77.52069293266675	7.047335721151523	72.23519114180311	4.404584825719702	2309.764282607412	28.18934288460609	2526.469856032821	95.13903223554556	1455.2748264177894	181.46889481965167	4943.706008387793	509.1700058531976	112.75737153842437	1222.7127476197893	110.99553760813647	1222.7127476197893	523.2646772955006	1337.2319530885015	Formic acid treatment without glutamate supplementation.	A1	0	Formic acid treatment without glutamate supplementation.	Yes	None	0.1365143935787615	10062.332382498516	0.3689136323699392	Formic acid treatment without glutamate supplementation.
11514.319754035358	3048.251345119139	724.3850883935434	165.2959262106072	2770.165257494235	107.92851652574942	2677.794004611837	2655.4304381245192	472.5518831667948	19786.894696387397	9979.012298232128	1874.650269023828	2349.1468101460414	842.0368946963873	1120.1229823212911	8919.173712528824	878.9853958493466	6.806302843966179	74.86933128362797	1721.9946195234434	5900.0922367409685	18369.23904688701	1193.0476556495005	460.8839354342813	165.2959262106072	8775.269023827825	3780.415065334358	197.3827824750192	57.3674096848578	71.95234435049962	26.252882398155265	1265.0	2.430822444273636	3899.039200614912	110.8455034588778	1584.8962336664104	186.6871637202152	8415.507302075326	31.114527286702536	3.889315910837817	878.9853958493466	165.2959262106072	878.9853958493466	2104.119907763259	588.2590315142198	High glutamate supplementation with formic acid treatment.	D8	59	High glutamate supplementation with formic acid treatment.	Yes	PosHigh	0.1837240949430277	44359.16652434145	1.9524792265622024	High glutamate supplementation with formic acid treatment.
10634.4	5031.981818181818	467.3454545454545	195.87272727272727	1780.0363636363636	934.690909090909	883.1454545454545	7374.436363636363	182.12727272727275	20912.56363636364	8727.218181818182	2396.2909090909093	1170.6545454545455	1453.581818181818	1265.7272727272727	12419.01818181818	432.9818181818182	308.1272727272727	2.863636363636364	2723.890909090909	4986.163636363636	12218.563636363637	121.41818181818182	9.163636363636364	348.2181818181818	4935.763636363637	1845.3272727272729	131.72727272727272	1003.4181818181818	241.6909090909091	2.863636363636364	2555.509090909091	61.85454545454545	4577.236363636363	129.43636363636364	1884.2727272727277	1229.0727272727272	7762.745454545455	17.181818181818183	4.581818181818182	432.9818181818182	334.4727272727273	432.9818181818182	3287.454545454545	315.0	High glutamate supplementation with formic acid treatment.	H3	23	High glutamate supplementation with formic acid treatment.	Yes	PosHigh	0.2271556363780911	27416.155464417472	1.571346038473249	High glutamate supplementation with formic acid treatment.
9939.248484848486	8885.30303030303	1642.8848484848486	20.484848484848484	1611.1333333333334	212.01818181818183	1104.1333333333334	6096.290909090909	446.56969696969696	34570.2303030303	7920.466666666667	2357.806060606061	4014.0060606060606	1097.9878787878788	1313.0787878787878	9265.29696969697	765.1090909090909	60.30032716671037	56.333333333333336	2417.212121212121	4442.139393939394	27113.745454545457	330.830303030303	562.309090909091	169.0	24494.757575757576	851.1454545454545	414.8181818181818	25.60606060606061	16.387878787878787	73.74545454545455	1401.1636363636364	2.560606060606061	1501.539393939394	156.70909090909092	1819.0545454545452	189.0661963611075	5170.375757575757	21.509090909090908	21.509090909090908	732.3333333333334	169.0	752.8181818181819	1470.8121212121212	1484.1272727272728	Baseline condition with no supplementation or treatment.	E6	44	Baseline condition with no supplementation or treatment.	None	None	0.2040285975302232	47875.9985937324	1.94598445035734	Baseline condition with no supplementation or treatment.
3953.94459833795	2899.684210526316	348.2991689750692	67.8808864265928	1163.8060941828255	140.44321329639888	861.3850415512466	3047.1495844875344	383.8781163434903	14915.069252077565	3566.7894736842104	737.7950138504156	1657.6980609418283	142.31578947368422	559.9002770083102	1329.5290858725762	4022.3872576177287	42.601108033241	2.3407202216066483	80.98891966759003	1609.4792243767313	14928.64542936288	489.2105263157895	1.8725761772853184	57.581717451523545	6034.84487534626	1483.0803324099722	190.5346260387812	541.1745152354571	161.97783933518005	25.2797783933518	776.6509695290858	7.490304709141274	1007.4459833795014	169.0	585.6481994459833	424.606648199446	3651.05540166205	374.0470914127424	20.130193905817173	3845.3351800554015	60.390581717451525	3985.7783933518	112.35457063711912	370.77008310249306	High glutamate supplementation without formic acid treatment.	B1	1	High glutamate supplementation without formic acid treatment.	None	PosHigh	0.2559059168426302	60018.98590451604	2.21791812266837	High glutamate supplementation without formic acid treatment.
11708.88188976378	5765.55905511811	338.53543307086613	166.0	2730.5039370078744	524.1417322834645	3219.3543307086616	11524.582677165356	24.83464566929134	25820.188976377955	9641.070866141732	5385.196850393701	4717.275590551181	1354.1417322834643	1998.5354330708665	18186.8031496063	77.11811023622047	77.11811023622047	26.141732283464567	2855.984251968504	1254.8031496062993	16826.12598425197	185.60629921259843	47.05511811023622	66.66141732283465	413924.2677165354	2432.488188976378	3.267716535433071	48.36220472440945	43.13385826771654	16.99212598425197	2518.7559055118118	169.9212598425197	1320.1574803149606	8485.606299212599	2645.5433070866143	3.267716535433071	2734.4251968503936	66.66141732283465	61.43307086614173	77.11811023622047	66.66141732283465	77.11811023622047	1775.023622047244	115.0236220472441	Negative control with arginine supplementation and formic acid treatment.	H7	55	Negative control with arginine supplementation and formic acid treatment.	Yes	NegHigh	0.2417802226260822	37489.04675796263	1.697833333333329	Negative control with arginine supplementation and formic acid treatment.
4074.680365296804	2012.5505544683629	192.8082191780822	5.50880626223092	1751.800391389433	1342.3124592302677	167.10045662100458	12451.738421395958	179.7008333787035	12413.17677756034	3116.148075668624	1272.5342465753426	10740.335942596215	2815.0000000000005	1309.259621656882	19258.7866927593	1494.355512067841	12.853881278538816	4.5906718851924335	1406.5818656229617	1975.8251793868235	12558.242009132422	4.5906718851924335	44.07045009784736	282.7853881278539	16071.024135681671	403.9791258969341	4.5906718851924335	211.17090671885197	130.3750815394651	409.4879321591651	3073.9138943248536	4.5906718851924335	1268.8617090671887	405.8153946510111	2499.439900016493	222.18851924331375	4256.470971950424	49.57925636007828	156.08284409654274	1450.652315720809	49.57925636007828	1491.0502283105025	1577.35485975212	75.2870189171559	Low glutamate supplementation with formic acid treatment.	A12	88	Low glutamate supplementation with formic acid treatment.	Yes	PosLow	0.1739582523636367	6852.437121474147	0.2556203123900083	Low glutamate supplementation with formic acid treatment.
5836.332916145181	7013.1226533166455	1056.38986232791	302.0200250312891	682.9461827284105	618.3247809762203	1295.148936170213	7996.04818523154	162.5738423028786	34896.23717146433	4777.222152690863	1424.3917396745933	2148.831664580726	451.6695869837296	637.3710888610764	2771.91802252816	3324.2609511889864	12.924280350438048	14.284730913642052	833.275969962453	6998.837922403004	26689.31914893617	508.1282853566959	834.6364205256571	36.732165206508135	10784.291614518148	1878.7822277847308	368.68210262828535	393.17021276595744	42.17396745932415	1.7005632040050065	1665.191489361702	91.15018773466834	4193.588861076345	124.48122653316646	1929.799123904881	429.9023779724656	9959.178347934918	14.284730913642052	50.33667083854819	3261.0	17.005632040050063	3320.8598247809764	1016.9367959949938	1198.5569461827283	High glutamate supplementation without formic acid treatment.	E3	20	High glutamate supplementation without formic acid treatment.	None	PosHigh	0.2710147830756383	39496.11131149506	1.858190487643956	High glutamate supplementation without formic acid treatment.
6666.5915949732	3590.3299400927885	278.51538218999144	191.8496914553399	1422.206206927616	1901.4600693662449	5018.4620062159365	3624.403630467096	128.14670510337373	13977.620377460476	5717.713391288681	2574.785820458538	1951.8298725282648	859.2495833521012	1095.543218773929	7445.842079185622	154.07233908382506	172.5906490698617	11.851718391063466	1167.3942615197514	1053.3214720057656	9350.265078149634	414.0694112877798	448.8838340615288	173.33138146930318	215032.39336065945	1371.8364037655963	35.5551551731904	586.6600603576416	131.10963470113958	27.407098779334262	1232.5787126706005	119.5226058666762	223.7011846313229	5225.867078059547	1811.090716634386	37.7773523715148	1360.7254177739742	1.4814647988829333	2.9629295977658665	154.07233908382506	173.33138146930318	154.07233908382506	1266.652403044908	100.73960632403946	Negative control with arginine supplementation and formic acid treatment.	E5	36	Negative control with arginine supplementation and formic acid treatment.	Yes	NegHigh	0.2067817044482394	57851.06689615798	2.075404656612231	Negative control with arginine supplementation and formic acid treatment.
8245.359745102502	10184.758670191348	506.7837747938586	207.3764114773901	795.1474238896377	22.087428441378822	1028.29250188197	8345.366712767633	111.20269766143402	49112.62421876368	7240.995290698692	3129.052362528667	3915.610230913325	1919.152115684249	1072.4673587647276	10905.054253251868	105.52882477547662	58.899809177010205	3.067698394635948	4033.4098492673447	3284.8914409761733	39322.98510180144	606.1772027800633	112.8913009226029	143.56828486896237	352112.8758950298	2770.7451900351884	117.7996183540204	68.71644403984524	3.681238073563138	63.80812660842772	2583.0020482834684	35.585301377777	407.3903468076539	7399.288527861907	2067.628717984629	25.76866651494197	3278.7560441869014	114.11838028045727	141.1141261532536	89.57679312336968	143.56828486896237	105.52882477547662	1533.849197317974	267.50330001225467	Negative control with arginine supplementation without formic acid treatment.	D6	43	Negative control with arginine supplementation without formic acid treatment.	None	NegHigh	0.2093121571588625	35973.390886822795	1.7575900362672203	Negative control with arginine supplementation without formic acid treatment.
6457.073170731707	2177.682926829268	359.390243902439	29.8780487804878	2320.243902439024	24.756097560975608	1560.4878048780488	4982.804878048781	320.9756097560975	11962.31707317073	5932.073170731707	2315.9756097560976	1873.780487804878	1461.4634146341464	1613.4146341463413	13518.536585365851	371.3414634146341	5.975609756097561	140.0	2858.90243902439	3160.243902439024	9857.19512195122	326.9512195121951	46.09756097560975	118.65853658536584	5812.560975609756	1162.682926829268	833.170731707317	58.90243902439024	10.24390243902439	15.365853658536585	1322.3170731707316	2.1341463414634143	2967.3170731707314	38.41463414634146	1367.560975609756	897.1951219512194	6132.682926829268	159.6341463414634	175.0	328.6585365853658	118.65853658536584	357.6829268292683	1713.2926829268292	315.0	High glutamate supplementation with formic acid treatment.	G7	54	High glutamate supplementation with formic acid treatment.	Yes	PosHigh	0.1560545281582964	27720.79846262148	1.2732079764196893	High glutamate supplementation with formic acid treatment.
9259.097222222224	6166.875	793.3279914529915	106.7681623931624	2292.1367521367524	967.6709401709402	5018.103632478633	8659.033119658121	16.21794871794872	30710.037393162394	8141.410256410257	4811.324786324787	3742.291666666667	1154.1773504273506	1325.8173076923078	9721.308760683762	50.00534188034188	9.460470085470089	9.460470085470089	2357.008547008548	1415.0160256410256	26102.788461538465	150.01602564102566	283.8141025641026	75.6837606837607	429664.8183760684	3178.7179487179487	277.056623931624	28.38141025641026	286.51709401709405	3.3787393162393164	1265.0	3.3787393162393164	439.2361111111112	10403.814102564103	2113.7393162393164	3.3787393162393164	1938.044871794872	356.7948717948718	58.114316239316246	50.00534188034188	75.6837606837607	50.00534188034188	2400.2564102564106	39.19337606837607	Negative control with arginine supplementation and formic acid treatment.	D1	3	Negative control with arginine supplementation and formic acid treatment.	Yes	NegHigh	0.2366255786372141	52345.60903239437	1.9388915517859704	Negative control with arginine supplementation and formic acid treatment.
6896.121144139091	6407.259674705552	453.942793045429	179.03757711721815	970.1043185642176	467.2753785754346	2172.5765563656755	3505.8351093662363	145.38867077958497	26102.02804262479	6309.487380818844	2947.771172181716	1132.0	741.5457094784072	1312.9422321929333	6259.966348850252	624.0919798093101	163.16545148625912	18.411665731912507	968.1996634885024	2636.6775098149187	13208.782950084127	319.98205272013456	822.8109927089175	116.18395961862028	29143.127313516543	1309.7678070667414	368.8681996634885	47.61637689287717	61.58384744812114	67.93269770050476	904.076275939428	20.316320807627594	1165.6489063376332	860.9040942232192	685.040942232193	60.94896242288278	3510.9141895681432	20.316320807627594	37.458216489063375	624.0919798093101	127.6118900729108	624.0919798093101	794.2411665731912	522.5103757711721	Low glutamate supplementation without formic acid treatment.	H4	31	Low glutamate supplementation without formic acid treatment.	None	PosLow	0.2349479181432752	43534.40982408681	1.89227548302631	Low glutamate supplementation without formic acid treatment.
3048.730367273813	3724.6664676022697	740.2054344580472	2.2161839355031354	613.8829501343685	369.3639892505226	851.014631233204	4600.059122126008	205.3663780232905	14352.745894296806	2474.0	319.86921469095256	2332.1642281278	524.4968647357421	97.51209316213796	2299.6601970737534	415.1651239175874	5.171095849507316	11.819647656016722	1104.3983278590624	1604.51716930427	14182.838459241566	17.729471484025083	690.7106598984772	178.0334428187519	15748.94177366378	75.35025380710661	52.44968647357421	2.9549119140041804	143.31322782920276	28.071663183039718	1593.4362496267545	49.494774559570025	1458.249029561063	102.68318901164528	1372.5565840549418	78.30516572111078	3923.3842938190505	180.24962675425505	158.82651537772472	415.1651239175874	178.0334428187519	415.1651239175874	1520.302179755151	777.1418333830995	Low glutamate supplementation with formic acid treatment.	G3	22	Low glutamate supplementation with formic acid treatment.	Yes	PosLow	0.146119396550031	11801.355670781264	0.4981186197828752	Low glutamate supplementation with formic acid treatment.
5918.475247524752	3259.188118811881	714.950495049505	166.0	1160.3564356435645	128.1980198019802	440.4752475247525	4692.376237623762	151.2079207920792	19924.930693069306	5349.80198019802	1497.2871287128712	4804.138613861386	1579.4653465346537	790.5544554455445	14839.742574257423	491.4257425742574	11.504950495049505	60.81188118811881	2120.19801980198	1023.940594059406	22602.29702970297	4.108910891089109	149.56435643564356	348.43564356435644	6965.425742574257	1048.5940594059405	1204.7326732673266	73.96039603960396	26.297029702970296	70.67326732673267	2015.009900990099	4.108910891089109	379.66336633663366	72.31683168316832	3412.039603960396	170.93069306930693	5915.188118811881	299.1287128712871	197.2277227722772	330.35643564356434	368.15841584158414	448.6930693069307	642.6336633663366	866.1584158415841	Low glutamate supplementation with formic acid treatment.	B10	73	Low glutamate supplementation with formic acid treatment.	Yes	PosLow	0.1483162862251481	13499.836179914491	0.5910319382337029	Low glutamate supplementation with formic acid treatment.
7823.291666666667	10706.0	747.6805555555555	850.0833333333334	796.7777777777778	2391.7361111111118	5023.347222222223	6536.944444444444	148.46471814951522	33881.29166666667	6922.708333333334	4211.138888888889	4368.25	2506.763888888889	2477.305555555556	13817.361111111111	1606.1805555555557	176.75	353.5	1488.3472222222224	85.56944444444444	13563.458333333334	290.375	591.9722222222223	161.31944444444446	259753.7638888889	906.1944444444443	23.847222222222225	152.90277777777777	101.0	3.5069444444444446	1902.1666666666667	3010.3611111111118	871.125	7605.861111111111	2446.4444444444443	34.042034418830575	245.48611111111111	2.805555555555556	11.222222222222223	1606.1805555555557	161.31944444444446	1606.1805555555557	2794.333333333333	203.4027777777778	Negative control with arginine supplementation and formic acid treatment.	C12	90	Negative control with arginine supplementation and formic acid treatment.	Yes	NegHigh	0.2551779111942522	42475.518960014655	1.7205352644987886	Negative control with arginine supplementation and formic acid treatment.
8312.321124676286	10487.775619681835	866.0577136514984	27.49389567147614	2419.4628190899	1635.8867924528302	4242.078986311506	6193.0	21.76600073991861	45093.4256381798	7175.906770255272	2904.0427302996677	1130.6864594894562	1121.521827598964	2114.73880873104	11784.57103218646	1258.9913059563448	8.01905290418054	2.8639474657787645	2215.549759526452	3476.83222345542	30054.264705882357	863.7665556788753	1435.4104698483168	100.81095079541252	47125.68275989641	2292.3035516093228	575.0806511283758	56.13337032926378	172.98242693303737	2.8639474657787645	2333.544395116537	18.329263780984093	955.4128745837958	813.361080281169	701.0943396226415	119.1402145763966	4441.409729929708	304.72401035886054	49.25989641139475	1231.4974102848687	100.81095079541252	1231.4974102848687	46.96873843877174	587.6820199778025	Baseline condition with no supplementation or treatment.	A8	56	Baseline condition with no supplementation or treatment.	None	None	0.2380668769052445	49295.05713214053	1.9366366248638025	Baseline condition with no supplementation or treatment.
3818.943396226415	7293.915094339623	759.4056603773585	197.23584905660377	257.2641509433962	180.08490566037736	2018.0943396226412	6414.452830188679	33.34905660377358	28224.735849056604	3303.462264150943	2944.245283018868	4520.226415094339	1538.8207547169811	1509.2830188679245	8339.169811320755	20.86698113207547	168.6509433962264	25.72641509433962	3211.990566037736	1081.4622641509434	25767.386792452828	21.91509433962264	3.811320754716981	37.16037735849056	270740.9811320755	1560.7358490566037	45.73584905660377	3.811320754716981	101.0	2.382075471698113	1851.3490566037733	23.82075471698113	373.50943396226415	7066.188679245282	2648.867924528302	2.382075471698113	1524.5283018867924	114.33962264150944	40.971698113207545	10.004716981132075	37.16037735849056	10.004716981132075	1600.754716981132	420.1981132075472	Negative control with arginine supplementation without formic acid treatment.	B4	25	Negative control with arginine supplementation without formic acid treatment.	None	NegHigh	0.254062357311545	34332.20676898857	1.7099462884305745	Negative control with arginine supplementation without formic acid treatment.
7015.260559517279	8551.57981349424	271.2589138782227	200.3894679100384	875.6856829402085	1302.5315414152496	3015.6171146461875	9363.727372462974	319.31980252331323	37397.07350521119	5816.182117388919	2442.95940756994	8158.132199670872	1098.069116840373	1689.4624245748766	10113.965990126166	97.75095995611628	454.5419637959408	298.1404278661547	835.7707076247943	1669.0976412506857	15851.947339550192	363.3077345035656	1173.0115194733955	399.1497531541416	58284.82446516731	1414.1305540318158	329.0948985189249	1755.444322545255	26.88151398793198	18.735600658255624	1229.2183214481624	67.61108063631377	885.46077893582	1896.368623148656	885.46077893582	80.64454196379594	2354.983543609435	28.510696653867253	36.65660998354361	97.75095995611628	360.049369171695	97.75095995611628	1485.0	83.90290729566648	Baseline condition with no supplementation or treatment.	F11	85	Baseline condition with no supplementation or treatment.	None	None	0.1910700041236165	52121.26519488632	2.131199346698053	Baseline condition with no supplementation or treatment.
7156.222157092614	10682.798944900353	345.5392731535756	168.32063305978895	413.0158264947245	646.588511137163	2471.421453692849	4314.05041031653	180.18464243845253	33814.65123094959	6096.617819460727	1743.267878077374	10473.695779601409	619.1529894490035	1137.461899179367	6917.45896834701	442.6758499413834	43.00703399765533	4.449003516998828	64.13980070339977	355.9202813599062	12925.09671746776	77.11606096131301	2441.76143024619	318.10375146541617	40137.42672919109	797.1131301289566	24.469519343493552	557.6084407971864	45.97303634232122	1.8537514654161784	1265.0	10.381008206330598	1041.0668229777257	944.6717467760844	2323.862837045721	1.8537514654161784	1316.1635404454864	97.13657678780774	94.17057444314186	384.0973036342321	318.10375146541617	418.2063305978898	1488.191676436108	223.93317702227432	Baseline condition with no supplementation or treatment.	B12	89	Baseline condition with no supplementation or treatment.	None	None	0.234740004861297	30245.29886448328	1.4469820363576429	Baseline condition with no supplementation or treatment.
4281.628875814915	8231.401971696614	1386.507234854508	31.51152806487518	182.17602162505963	32.49626331690253	1704.576721259342	6193.0	169.2840930886208	30437.18190491334	3831.604865638416	1799.1113054539674	3074.3434568293846	127.03084751152808	264.89378279535697	5838.495309270154	240.27540149467325	53.17570360947686	11.816823024328192	3618.902051200509	2016.7377961520117	28274.703291461283	272.064967765851	538.6501828589601	216.64175544601687	273850.9346477977	1503.6907298457625	2.4618381300683736	3.938941008109397	19.69470504054699	2.4618381300683736	1369.766735570043	100.44299570678965	2465.777071076483	7218.109397360471	1223.041183017968	86.65670217840675	2680.449356018445	16.74049928446494	19.69470504054699	240.27540149467325	316.1000159007792	240.27540149467325	1603.1489903005247	1442.6371442200668	Negative control with arginine supplementation without formic acid treatment.	H8	63	Negative control with arginine supplementation without formic acid treatment.	None	NegHigh	0.2330322849024926	24364.171283242016	1.4101506817762164	Negative control with arginine supplementation without formic acid treatment.
6154.275365850915	10230.874780189495	327.74932791415296	3.474374500856745	2048.7228306718607	523.4724247957496	2595.357752139989	8556.226270776544	33.58562017494854	40899.17849925199	4898.868046208011	3448.8957545171293	9847.535460261635	2434.3784002669595	2245.6040523870765	16893.566947999116	535.0536731319388	8.106873835332406	550.1092959689847	565.1649188060305	2678.7427401605505	19835.20402539116	336.6173999191248	2136.7403180268984	150.55622837045897	37168.85841016546	1057.3679730940694	12.739373169808069	27.794996006853964	110.02185919379691	119.28685786274823	1850.6834841230263	164.45372637388596	655.4986558283059	808.3711338660028	1041.1542254234046	2.895312084047288	2637.0502461502697	37.059994675805285	68.32936518351599	456.3011844458525	150.55622837045897	519.9980502948929	1399.0147990116495	434.2968126070932	Low glutamate supplementation without formic acid treatment.	H10	79	Low glutamate supplementation without formic acid treatment.	None	PosLow	0.214400793770879	41307.07849890023	1.8700248492455065	Low glutamate supplementation without formic acid treatment.
4202.64	5506.02	1174.68	7.0200000000000005	4504.5	2220.6600000000003	741.7800000000001	10071.36	193.72881796313055	27850.68	4062.24	3435.1200000000003	19307.34	2108.34	1333.8	15659.28	2127.06	16.38	5.8500000000000005	1366.5600000000002	7073.820000000001	24207.300000000003	464.9608344783831	60.84	269.1	11070.54	212.94	198.9	182.52	353.34000000000003	18.72	3119.2200000000003	5.8500000000000005	1160.64	81.9	1960.92	28.08	7740.72	554.58	9.36	2136.42	117.0	2136.42	4495.14	2208.96	Formic acid treatment without glutamate supplementation.	B11	81	Formic acid treatment without glutamate supplementation.	Yes	None	0.1477133115834177	9220.902929989566	0.3848408542441153	Formic acid treatment without glutamate supplementation.
14862.857142857143	6288.428571428572	583.7142857142857	411.4285714285714	1652.142857142857	158.14285714285714	2990.5714285714284	4894.714285714285	239.14285714285717	27088.714285714286	13082.142857142857	2705.142857142857	4173.428571428572	1722.857142857143	2638.285714285714	13113.0	1347.428571428571	122.14285714285714	255.8571428571429	1284.428571428571	1573.7142857142858	19387.285714285717	1184.142857142857	392.1428571428571	225.0	6998.142857142857	2399.142857142857	9.0	147.85714285714286	397.2857142857143	6.428571428571429	1567.2857142857142	3.2142857142857144	5774.142857142857	101.57142857142856	1856.5714285714284	855.0	8687.571428571428	312.42857142857144	27.0	1119.857142857143	185.14285714285717	1292.142857142857	1410.428571428571	312.42857142857144	High glutamate supplementation with formic acid treatment.	A6	40	High glutamate supplementation with formic acid treatment.	Yes	PosHigh	0.2444118258849742	27406.2978302867	1.5201134240776022	High glutamate supplementation with formic acid treatment.
8414.978971962617	5200.2126168224295	702.0	2.460280373831776	1837.0093457943924	159.91822429906543	1932.960280373832	4389.140186915888	238.64719626168224	27336.995327102803	7217.642523364486	3262.3317757009345	3978.273364485981	1555.717289719626	1967.4042056074768	6971.6144859813085	589.6471962616822	16.401869158878505	203.3831775700935	1668.890186915888	1408.1004672897195	23604.75	735.6238317757009	738.9042056074766	45.10514018691589	22017.04906542056	1416.3014018691588	312.4556074766355	160.73831775700936	142.69626168224298	4.920560747663552	1646.7476635514015	2.050233644859813	1112.0467289719627	510.9182242990654	1842.75	127.1144859813084	4279.247663551402	13.94158878504673	30.343457943925237	567.5046728971962	48.38551401869159	578.9859813084112	910.3037383177568	981.6518691588784	Baseline condition with no supplementation or treatment.	D4	27	Baseline condition with no supplementation or treatment.	None	None	0.2398102164295122	43101.74855899299	1.8539007828762857	Baseline condition with no supplementation or treatment.
8048.918918918918	8838.486486486487	1062.4864864864865	2.189189189189189	1139.108108108108	268.5405405405405	3188.9189189189187	4532.351351351351	303.56756756756755	38329.78378378378	7027.297297297297	1857.162162162162	1735.2972972972973	322.5405405405405	785.1891891891892	2915.27027027027	2905.0540540540537	5.108108108108108	91.94594594594594	933.3243243243244	5979.405405405405	27236.43243243243	1374.8108108108106	24.08108108108108	11.675675675675675	14129.027027027028	1968.8108108108104	127.7027027027027	1166.108108108108	344.4324324324324	37.94594594594594	1225.9459459459458	1.824324324324324	3159.0	386.7567567567567	1432.4594594594594	259.05405405405406	8391.162162162162	27.0	27.0	2619.0	11.675675675675675	2762.7567567567567	1438.2972972972973	1267.5405405405404	High glutamate supplementation without formic acid treatment.	C10	74	High glutamate supplementation without formic acid treatment.	None	PosHigh	0.2846510974678721	53088.984069970815	2.200600466980958	High glutamate supplementation without formic acid treatment.
4296.076758304832	5470.368903774009	899.4180286157232	458.1235280890898	912.5072722754114	625.4788577379613	2362.6084805737346	4073.559616090131	186.64723191093077	25727.843359093004	3888.440312903111	1468.8001278121633	4633.592255529651	689.0551840850187	255.24025136392143	4234.370323909158	18.324941123563598	6.544621829844139	2.3373649392300497	2845.975550006509	2619.71862388904	31143.050450301183	87.88492171504987	504.8708268736908	75.73062403105362	231859.12240381545	2344.844507035586	2.3373649392300497	62.64138037136534	2.80483792707606	57.96665049290524	1133.154522538728	2.3373649392300497	2783.334169635144	5984.589190404619	1501.523236961384	133.69727452395887	3179.75126332856	65.4462182984414	88.8198676907419	19.63386548953242	111.25857110735038	19.63386548953242	1477.2146415933914	402.9617155232606	Negative control with arginine supplementation without formic acid treatment.	E10	76	Negative control with arginine supplementation without formic acid treatment.	None	NegHigh	0.1799751445469772	39754.699264410745	1.7905999999999964	Negative control with arginine supplementation without formic acid treatment.
2881.3563205406604	5320.134674854253	850.4038519651754	36.796320517723935	1662.9892633982456	316.8572044581784	1462.6537405795264	4681.30966586599	150.66658377072193	31720.4725263068	2474.552554816935	2012.554308316623	3035.696442712225	552.9669277802402	977.1467337484468	8218.867035639394	159.45072224347038	186.02584261738207	11.243320158193423	4414.536342112491	695.0416097792299	26440.20053201341	321.96780453008444	273.92816385416705	141.05256198460842	300170.0731033905	2758.701918814914	29.641480417055394	27.597240388292956	29.641480417055394	109.36684153879058	2323.278792688514	60.305080848492	1399.2822996878908	6592.674092758872	1463.6758605939076	109.36684153879058	1745.7809845631243	2.0442400287624407	4.088480057524881	159.45072224347038	141.05256198460842	159.45072224347038	1883.7671865045893	511.06000719061024	Negative control with arginine supplementation without formic acid treatment.	A9	64	Negative control with arginine supplementation without formic acid treatment.	None	NegHigh	0.2475661547135235	31346.14502121952	1.590982631962717	Negative control with arginine supplementation without formic acid treatment.
8629.209075993438	3702.9415856661135	684.9160005139104	84.24100541080182	384.5785029623561	32.963871682487664	578.6990806481168	6343.7139726742935	117.20487709328948	23510.56581443204	8083.473867027808	1164.7234661145642	9640.10114092306	340.6266740523725	1153.7355088870684	6211.858485944343	2073.0612635875577	25.638566864157077	46.07902653161419	1889.9286431292928	1014.5547173387872	23459.28868070372	9.15663102291324	87.90365781996711	651.9521288314228	253067.30555886697	633.6388667855963	9.15663102291324	58.60243854664474	10.987957227495889	406.5544174173479	6457.256197358417	9.15663102291324	1311.229562481176	7057.931192461526	4611.279383139108	1076.8198082945971	1842.314161810144	32.963871682487664	14.650609636661184	2054.748001541732	673.9280432864145	2073.0612635875577	1292.9163004353495	384.5785029623561	Formic acid treatment without glutamate supplementation.	G12	94	Formic acid treatment without glutamate supplementation.	Yes	None	0.8892393517657218	9985.96963908811	0.1993288334113449	Formic acid treatment without glutamate supplementation.
