2'-Deoxyguanosine-5'-Diphosphate [[M+H]]/Adenosine 5'-diphosphate (ADP) [[M+H]]	2'-Deoxyguanosine-5'-Monophosphate [[M+H]]	2'-Deoxyuridine [[M+Na]]	5'-Deoxy-5'-Methylthioadenosine [[M+H]]	ATP [[M+H]]	Acetyl coenzyme A (Acetyl-CoA) [[M+H]]	Ademetionine [[M+H]]	Adenine [[M+H]]	Adenosine phosphate [[M+H]]	Adenosine-3'-5'-Diphosphate [[M+H]]	Alpha-D-Glucose [[M+Na]]	Aminoadipate [[M+Na]]	Argininosuccinic acid [[M+H]]	Asparagine [[M+NH4]]	Biotin [[M+H]]	Choline [[M+H]]	Cytidine [[M+H]]	D-(+)-Melibiose [[M+Na]]/D-(+)-Turanose [[M+Na]]/Isomaltose [[M+Na]]/Maltose [[M+Na]]	D-Fructose [[M+Na]]/D-Mannose [[M+Na]]	D-Galactose [[M+Na]]/Galactose [[M+Na]]	D-Glucose [[M+Na]]	Deoxyadenosine [[M+H]]	Glucosamine [[M+H]]	Glutamic Acid [[M-H2O+H]]	Glutathione [[M+H]]	Histidine [[M+H]]	Imidazoleacetic acid [[M+H]]	Inositol [[M+Na]]	L-Arginine [[M+H]]	L-Citrulline [[M+H]]	L-Glutamine [[M+H]]	L-Histidinol [[M+H]]	L-Lysine [[M-H2O+H]]	L-Tryptophan [[M+NH4]]	Linoleic acid [[M+Na]]	Lipoamide [[M+H]]	N-(5-Amino-5-Carboxypentyl)Glutamic Acid [[M+H]]	N1-Acetylspermine [[M+Na]]	N2-Acetyl-L-ornithine [[M+H]]	Nicotinamide [[M+H]]	Nicotinamide ribotide [[M+H]]	O-acetyl-L-serine [[M+H]]	Oleic acid [[M+Na]]	Palatinose [[M+Na]]	Pidolic Acid [[M+H]]	Proline [[M+NH4]]	Pyridoxal [[M+H]]	Quinolinic Acid [[M-H2O+H]]	Sucrose [[M+Na]]	Tetracosanoic acid [[M+Na]]	Thymine [[M+H]]	Trehalose [[M+Na]]	Xanthurenic acid [[M+H]]	d-Desthiobiotin [[M+H]]	gamma-Glutamylcysteine [[M+H]]	Experimental group	Well	Unnamed: 0	Summary_x	Treatment	Supplement	mu	AUC	MaxOD	Summary_y
15723.887264465482	8613.599867191457	894.3757732420158	22.835126125328063	4460.461303147415	3312.0447517611246	2350.11506373168	4282.537612087567	26444.97898030701	14319.527007757806	1190.433304890075	2932.4107799275453	9601.219072111897	222.6424797219486	577.5383982530889	1399.6029387648991	6905.7227257346285	1075.1538550675295	232.9613644422682	376.013118506594	1197.7515273439087	36.155616365102766	1929.5681575902213	4351.994454052106	37248.84802835285	3139.829842232609	227.3997976647253	1162.1028627431997	43309.67108745034	2756.3900160448084	39.01000713076878	285.4390765666008	49.47610660487747	464.31423121500393	81.82586861575889	20.48365736849188	1529.9534503969803	4.757317942776679	1198.8441215797234	1654.5951804977292	153.96623705224664	53.28196095909881	477.6347214547786	1075.1538550675295	4510.888873340848	47.5731794277668	2282.561148944251	15.223417416885376	1064.687755593421	132.2534388091917	256.8951689099407	1075.1538550675295	152.23417416885374	483.34350298611065	772.5884339069328	Growth with 10 mM proline supplementation, no lactic acid.	A3	16	Growth with 10 mM proline supplementation, no lactic acid.	None	PosLow	0.2605950751497718	35321.42174153424	1.7144572018388418	Growth with 10 mM proline supplementation, no lactic acid.
5501.310008528797	3152.023358621521	1944.474715770159	234.1634250396177	1144.0337269092436	651.2191983944924	2108.2360653076694	5531.919606573191	13667.185526822132	5024.565518987353	694.0726356566447	2613.2944330401783	4731.478617712276	263.2425431817925	376.498055946052	1131.0246477403757	8921.93258998988	88.00259437763411	190.5447478263556	352.01037751053644	694.0726356566447	84.1763946220848	3514.747095447596	264.0077831329023	42928.43077736103	902.983142309637	279.3125821550996	673.4111569766784	13291.45271082719	305.3307404928349	9.948119364428203	57.39299633323964	1.5304799022197235	505.0583677325088	154.5784701241921	14.539559071087377	735.3955930165772	22.191958582185997	345.1232179505477	1248.1063602601846	449.9610912525988	52.03631667547061	215.79766621298103	88.00259437763411	299.97406083506587	104.83787330205108	1929.9351566990715	208.9105066529923	79.58495491542563	4.5914397066591714	378.02853584827176	88.00259437763411	260.4064491941049	1607.0038973307098	2024.8249106366943	Growth with 20 mM alanine supplementation and 50 mM (S)-lactic acid.	G9	70	Growth with 20 mM alanine supplementation and 50 mM (S)-lactic acid.	Yes	NegHigh	0.180767294677558	11041.988759081216	0.5531919421173359	Growth with 20 mM alanine supplementation and 50 mM (S)-lactic acid.
907.9936051159071	261.75059952038373	1020.3836930455636	365.2677857713829	63.58912869704237	571.4434201919904	51.7585931254996	5550.0	1922.4620303756997	887.2901678657074	1326.8084387675656	75.41966426858514	2327.657873701039	1018.9048760991208	297.242206235012	200.90773492851585	3139.364417959076	1562.3134175245746	527.4905440681961	834.3653871031597	1335.9643243031826	162.66986410871303	35.4916067146283	168.58513189448442	3275.5795363709035	2141.3269384492405	19.224620303757	1412.8921749575948	18272.2621902478	28.09752198241407	73.94084732214229	316.466826538769	17.74580335731415	983.4132693844924	165.62749800159872	31.3727134865741	1082.4940047961632	60.10205863727005	229.2166266986411	971.5827338129496	319.73861032873066	2.957633892885692	906.5147881694644	1551.9459020444126	205.5555555555556	109.4324540367706	1363.4692246203035	155.2757793764988	1559.324641366588	56.19504396482814	59.15267785771383	1552.9670180402163	199.4248602360084	167.1063149480416	598.9208633093525	Growth with 10 mM proline supplementation and 50 mM (S)-lactic acid.	H5	39	Growth with 10 mM proline supplementation and 50 mM (S)-lactic acid.	Yes	PosLow	0.1953523883389585	26149.299528473093	1.3587664858896216	Growth with 10 mM proline supplementation and 50 mM (S)-lactic acid.
13281.37454710145	10281.408514492754	868.8632246376811	25.97373188405797	1764.5380434782608	2397.1240942028985	4231.204710144927	5550.0	33475.11322463768	12331.657608695652	1087.568419266057	4676.109601449275	8141.508152173913	149.1394927536232	826.9701086956521	2187.658514492753	9329.596920289854	25.55480072463768	233.9539084587985	377.37971043100754	1103.1241697390224	2.5135869565217392	2904.86865942029	2485.0996376811595	37211.97916666666	2950.951086956521	45.244565217391305	1008.137208388306	46367.30072463768	2087.115036231884	31.838768115942027	143.27445652173913	1.6757246376811594	964.3795289855072	113.94927536231884	19.85250631646431	2290.715579710145	13.405797101449275	573.0978260869565	2390.421195652174	127.48804254101216	3.351449275362319	371.1730072463768	422.9483807228602	5009.578804347826	33.51449275362319	641.802536231884	4.6082427536231885	362.1324688649824	67.29172697139083	30.163043478260867	417.6645054842561	365.3849209702631	1376.6077898550725	913.269927536232	Baseline growth without any supplementation or treatment.	E6	44	Baseline growth without any supplementation or treatment.	None	None	0.2447689107715416	50726.7102298944	2.115001402398451	Baseline growth without any supplementation or treatment.
654.1052631578948	4644.421052631579	1390.3157894736844	15.05263157894737	73.89473684210527	1286.3157894736844	344.8421052631579	8938.526315789473	18637.894736842107	654.1052631578948	1231.9921947924795	139.57894736842107	3730.3157894736846	1376.6315789473686	32.8421052631579	217.51714192655592	2889.7491124087264	290.84030572986177	101.26315789473684	101.26315789473684	1273.3257595275163	32.8421052631579	3100.842105263158	218.94736842105263	17212.0	30.10526315789474	175.1578947368421	1210.593781124801	19289.263157894737	117.6842105263158	4.105263157894737	520.0	5.473684210526316	4981.052631578948	823.7894736842105	6.842105263157896	2944.842105263158	169.6842105263158	161.47368421052633	2361.894736842105	830.0285438548585	432.42105263157896	1130.3157894736844	368.95709413374686	147.78947368421055	202.5263157894737	12148.842105263158	52.0	295.4867642544203	179.3817741081131	175.1578947368421	359.02842534137307	302.4088835311106	1395.7894736842106	440.6315789473685	Growth with 20 mM alanine supplementation and 50 mM (S)-lactic acid.	D1	3	Growth with 20 mM alanine supplementation and 50 mM (S)-lactic acid.	Yes	NegHigh	0.1866269394386306	14537.684813807784	0.7318393069689297	Growth with 20 mM alanine supplementation and 50 mM (S)-lactic acid.
5678.171250513899	270.6656976744186	2653.5852713178297	222.9011627906977	185.7509689922481	84.91472868217055	1560.3081395348838	6023.638565891473	1210.0348837209303	5113.164631869356	1306.411720560936	1236.3583166874198	4144.900193798449	3173.687984496124	997.748062015504	740.8032319035339	10001.828200766447	215.74135601087968	515.2516838541306	783.6732821377465	1382.234388643361	329.04457364341084	63.68604651162791	63.68604651162791	180.4437984496124	413.9593023255814	84.91472868217055	1330.5364883481882	27682.2015503876	84.91472868217055	7.960755813953488	849.1472868217055	100.83624031007751	4776.4534883720935	84.91472868217055	55.5607349885095	5270.02034883721	58.37887596899225	902.218992248062	2738.5	683.4733385641764	10.614341085271318	2451.9127906976746	380.6384066506226	691.2161274787459	201.67248062015503	15.921511627906977	1491.3149224806202	307.7897281391159	350.2732558139535	42.45736434108528	385.929114164803	420.47911676396615	944.6763565891472	1210.0348837209303	Growth with 10 mM proline supplementation, no lactic acid.	D7	51	Growth with 10 mM proline supplementation, no lactic acid.	None	PosLow	0.2472922416298394	41676.99628377767	1.8275270464575215	Growth with 10 mM proline supplementation, no lactic acid.
2932.4140625	4364.953125	685.2421875	27.7265625	335.359375	1023.2421875	856.8828125	3621.6171875	13681.078125	2878.28125	3133.1015625	2115.140625	2034.6015625	808.03125	1153.953125	650.9140625	11756.0625	945.34375	1334.8359375	1952.7421875	3172.7109375	14.5234375	1588.3359375	2248.4921875	12676.3203125	35.6484375	169.0	3071.046875	12886.25	2979.9453125	245.578125	21.125	89.78125	1396.890625	466.0703125	21.125	1122.265625	31.770708470096075	398.734375	1181.6796875	147.875	38.2890625	254.8203125	945.34375	2298.6640625	91.1015625	666.7578125	125.4296875	945.34375	29.046875	169.0	945.34375	174.35135026189454	1297.8671875	219.171875	Growth with 20 mM proline supplementation and 50 mM (S)-lactic acid.	D12	91	Growth with 20 mM proline supplementation and 50 mM (S)-lactic acid.	Yes	PosHigh	0.1800203938869048	21554.62720716378	1.0885348111789936	Growth with 20 mM proline supplementation and 50 mM (S)-lactic acid.
5798.968125658875	7827.006652294216	1040.206274422001	23.27734320384897	189.12841353127288	370.98265731134296	781.2458312791811	5198.121704209523	33983.46624366925	5614.204213978323	106.20287836756091	1742.8910723881916	8555.878461364737	106.20287836756091	128.02538762116933	772.5168275777377	7047.215654965276	1151.1373631278436	34.91601480577346	71.28686356178747	106.20287836756091	154.2123987254994	3871.313141590132	2556.143250572665	26979.8956072112	2176.431589559879	36.37084875601401	106.20287836756091	32377.32956260368	1510.117640349702	256.05077524233866	71.28686356178747	203.6767530336785	1852.0036186562336	645.9462739068089	53.82885615890074	1249.7023632566415	197.85741723271624	1296.2570496643395	2166.247751908195	140.3294465895262	46.55468640769794	427.7211813707248	1155.138156491005	4328.131001965668	117.8415499694854	1287.5280459628962	69.83202961154691	1147.8639867398024	7.274169751202803	36.37084875601401	1155.138156491005	126.57055367092876	2634.704283885655	424.8115134702437	Growth with 20 mM proline supplementation, no lactic acid.	B1	1	Growth with 20 mM proline supplementation, no lactic acid.	None	PosHigh	0.2524935127219132	38768.40076989535	1.8036458112657856	Growth with 20 mM proline supplementation, no lactic acid.
3611.748031496063	10050.330708661417	1107.1496062992126	354.5826771653543	268.5984251968504	163.7795275590551	4109.228346456693	4759.433070866141	35679.370078740154	3337.826771653543	1209.6507613345989	2314.2047244094488	5637.291338582677	175.24409448818895	482.3307086614173	350.4881889763779	6255.559055118109	499.5275590551181	12.69291338582677	9.826771653543306	1215.9363527954783	77.79527559055117	5086.992125984251	367.6850393700787	34080.881889763776	1350.3622047244094	130.2047244094488	1164.0871687016183	5331.023622047243	2180.7244094488187	26.20472440944881	58.96062992125984	120.3779527559055	1170.2047244094488	817.259842519685	16.37795275590551	3538.4566929133857	76.9763779527559	50.77165354330708	1746.708661417323	245.66929133858267	89.25984251968504	468.4094488188976	499.5275590551181	1619.779527559055	140.85039370078738	1065.3858267716537	50.77165354330708	499.5275590551181	74.51968503937007	108.91338582677164	499.5275590551181	826.267716535433	1060.4724409448818	1460.9133858267714	Growth with 20 mM alanine supplementation, no lactic acid.	E10	76	Growth with 20 mM alanine supplementation, no lactic acid.	None	NegHigh	0.221481527688265	33922.39617512729	1.678420907769711	Growth with 20 mM alanine supplementation, no lactic acid.
13733.594355933094	4768.299501420764	406.88002759055024	73.3870369398481	3756.6731314524777	3056.244956102535	4318.687781434859	3524.4356727820723	20541.867694314697	13044.31357859933	79.88968578261945	2550.896246035733	7898.860444297828	822.1206036932351	187.6478666056876	393.87472990500754	6523.085739134347	773.8152122897908	40.87379272599135	66.88438809707675	79.88968578261945	130.98192669010865	2190.463710179264	3163.074187090921	25864.75024704039	2889.033985859843	494.2013120506227	79.88968578261945	40003.36673089467	1887.626064073055	143.05827454096973	273.1112513963968	1.8578996693632432	601.0305430390091	346.49828833624485	2.3223745867040537	1975.876298367809	25.470672317909383	664.1991317973594	3383.2352979104658	124.17380492096622	1.8578996693632432	267.537552388307	773.8152122897908	3120.342494695567	154.20567255714917	706.930824192714	35.30009371790162	736.6572189025259	169.0688699120551	565.7304493211076	773.8152122897908	256.3348002786282	1784.512632423395	103.11343164966	Growth with 20 mM proline supplementation, no lactic acid.	E3	20	Growth with 20 mM proline supplementation, no lactic acid.	None	PosHigh	0.2365589473665986	37547.20101961829	1.8769333333333675	Growth with 20 mM proline supplementation, no lactic acid.
712.5633251458397	8901.732268959164	1123.893997543752	44.70985569542523	167.66195885784464	53.65182683451028	337.55941050046056	2973.2054037457783	28859.09410500461	628.1734725207245	6728.274408965305	1367.0038378876266	1663.2066318698187	241.9920939514891	12.854083512434755	315.7633558489408	1623.5266349401288	5835.474478047283	4472.662189131102	5593.76182069389	6950.147067853853	24.031547436291063	3640.5	1843.163801043905	33740.851473748844	287.8196960393	233.60899600859685	6555.582591341726	4802.397374884863	1205.489484187903	78.24224746699416	42.47436291065397	25.149293828676697	616.4371354006754	211.25406816088423	1.3971829904820383	670.6478354313786	153.13125575683142	59.799431992631256	1103.7745624808106	17.883942278170096	103.39154129567086	308.4980042984341	5753.599554805035	7387.185907276635	238.07998157813935	436.4799662265889	53.65182683451028	4969.500460546515	3.912112373349708	309.61575069081977	5628.970832054038	38.00337734111145	1050.681608842493	1266.9655357691126	Growth with 50 mM (S)-lactic acid, no proline supplementation.	A1	0	Growth with 50 mM (S)-lactic acid, no proline supplementation.	Yes	None	0.2032760889135868	21890.455490201424	1.1492811958286424	Growth with 50 mM (S)-lactic acid, no proline supplementation.
2136.6758241758243	4189.285714285714	1747.1703296703297	20.315934065934066	491.0851648351649	315.2472527472528	831.5521978021977	5015.934065934066	14244.972527472528	1864.862637362637	528.9148351648352	781.1126373626373	3691.195054945055	196.15384615384616	89.67032967032966	69.3543956043956	3864.230769230769	1395.4945054945051	371.9917582417583	469.3681318681319	528.9148351648352	479.1758241758242	4039.368131868132	81.26373626373626	23957.390109890108	830.8516483516484	160.42582417582418	492.4862637362637	2687.3076923076924	671.8269230769231	113.489010989011	11.208791208791208	35.72802197802198	765.0	630.4945054945055	28.021978021978025	1235.0686813186812	71.45604395604396	143.61263736263737	1491.4697802197802	1209.1483516483515	35.027472527472526	1132.7884615384614	1395.4945054945051	547.8296703296703	93.17307692307692	411.2225274725275	95.27472527472528	1314.2307692307693	135.20604395604394	189.14835164835165	1395.4945054945051	11.208791208791208	247.9945054945055	1932.815934065934	Growth with 20 mM alanine supplementation and 50 mM (S)-lactic acid.	B6	41	Growth with 20 mM alanine supplementation and 50 mM (S)-lactic acid.	Yes	NegHigh	0.1886420494283916	15209.729963579332	0.7991534914984828	Growth with 20 mM alanine supplementation and 50 mM (S)-lactic acid.
386.697311956801	2312.488402846144	672.3915946711539	43.287012532477725	51.94441503897327	926.3420681950232	600.246573783691	6638.303855258417	10247.478766855224	340.5244985888248	236.63566851087825	49.058614203474754	2343.270278424794	477.11907146908777	96.19336118328384	9.138369312411964	316.4761582930038	296.035069041556	257.79820797120067	257.79820797120067	224.1305315570513	28.85800835498515	4991.473511800597	259.7220751948663	20429.546048105814	821.4913045052439	300.1232868918455	44.24894614431056	5653.283836741591	30.781875578650823	64.44955199280017	8.657402506495544	73.10695449929571	1082.175313311943	760.889486959775	34.629610025982174	1554.4847167218666	10.58126973016122	364.5728388846457	1650.6780779051503	190.462855142902	167.37644845891387	748.3843500059481	295.31361883268136	294.3516852208485	5.77160167099703	2978.1464622344674	30.781875578650823	295.31361883268136	150.06164344592275	300.1232868918455	295.31361883268136	296.87507000061163	1895.0092153106916	570.426631816873	Growth with 10 mM proline supplementation and 50 mM (S)-lactic acid.	D2	11	Growth with 10 mM proline supplementation and 50 mM (S)-lactic acid.	Yes	PosLow	0.2145441592331151	35095.266294870955	1.6029999999997555	Growth with 10 mM proline supplementation and 50 mM (S)-lactic acid.
2962.476437462952	5527.709395376408	1944.3485477178424	82.7165085951393	13.78608476585655	223.64093064611737	1308.146265560166	4302.279638411381	19006.415530527564	2623.4408713692947	2141.438500296384	539.1890930646117	4317.597510373444	451.3666271487848	42.89004149377593	355.3746295198577	5587.959691760521	3445.5	2479.452874925904	2842.9970361588616	1941.2849733254295	430.9427978660344	3218.79549496147	183.814463544754	40123.63381742738	783.2538529934795	45.9536158861885	1738.0678719620628	5237.691019561352	1406.180646117368	1.5317871962062832	97.0131890930646	18.3814463544754	1188.6668642560758	279.8064611736811	47.99599881446355	1046.7212507409602	2.5529786603438054	82.7165085951393	2096.506075874333	401.3282454060462	262.4462062833432	754.6604919976289	3445.5	711.770450503853	181.77208061647892	294.1031416716064	22.46621221102549	3127.9094546532306	188.9204208654416	60.25029638411381	3405.6735328986365	378.86203319502073	405.41301126259634	3046.2141375222286	Growth with 20 mM alanine supplementation and 50 mM (S)-lactic acid.	F3	21	Growth with 20 mM alanine supplementation and 50 mM (S)-lactic acid.	Yes	NegHigh	0.1743769472554129	21429.056370547358	1.040595197676521	Growth with 20 mM alanine supplementation and 50 mM (S)-lactic acid.
3279.5618869687064	5874.655067725362	2450.8395609528257	8.095866417561886	630.0056048575432	1049.5186828584774	2262.4266697804765	8057.595049042504	25521.11489957964	3179.467538533396	167.80523120037367	2968.975011676787	1900.3206445586172	353.2741709481551	571.126576366184	1053.9346099953293	6219.097384399814	3151.5	61.822979915927135	141.09035183591496	188.41289117234936	51.51914992993928	8457.972442783746	1209.964035497431	34737.154834189634	613.8138720224194	759.5394675385334	118.47557275201954	11315.07730032695	303.22699673049976	2.2079635684259693	63.29495562821112	2.9439514245679588	167.80523120037367	30.911489957963568	39.74334423166744	1000.943484353106	26.49556282111163	334.13848668846333	2003.358944418496	317.94675385333954	2.9439514245679588	553.4628678187763	3151.5	1707.491826249416	76.54273703876693	609.3979448855675	86.84656702475479	3151.5	29.43951424567959	1040.6868285847736	3151.5	42.687295656235406	2381.6567024754786	2132.892807099486	Baseline growth without any supplementation or treatment.	F11	85	Baseline growth without any supplementation or treatment.	None	None	0.2443559024997161	33311.91860408128	1.6555451290487948	Baseline growth without any supplementation or treatment.
7402.99400119976	8000.181163767246	1175.3449310137971	69.40131973605278	378.3491301739652	1446.233953209358	1871.5968806238752	7371.091781643671	35542.430713857226	6843.8656268746245	1155.5764720326172	2551.058188362328	6134.181163767246	228.3527294541092	619.0149970005998	810.4283143371325	5750.235152969406	2083.1589682063586	238.39070820262157	385.3487498849016	1202.5011466632304	67.1625674865027	4440.565086982603	2788.365926814637	30224.27474505099	2329.4217156568684	915.6496700659868	1093.872126193275	33561.1349730054	823.860827834433	738.7882423515297	132.0863827234553	2.23875224955009	728.7138572285543	6.716256748650269	14.722813930737004	885.4265146970606	21.109972887180916	933.5596880623876	1127.2117576484702	64.48243696023596	2.23875224955009	363.7972405518896	2083.1589682063586	4074.529094181164	74.998200359928	417.52729454109175	21.26814637072585	2002.5638872225556	47.01379724055189	1069.004199160168	2083.1589682063586	155.59328134373123	1866.0	1220.119976004799	Growth with 10 mM proline supplementation, no lactic acid.	H2	15	Growth with 10 mM proline supplementation, no lactic acid.	None	PosLow	0.2373550576976614	44735.24941719703	2.023256540836348	Growth with 10 mM proline supplementation, no lactic acid.
3013.7361419068734	8898.458980044346	2269.223946784922	61.529933481153	136.59645232815964	1288.4368070953435	1762.2172949002218	5550.0	38831.54101995565	2318.447893569845	2266.762749445676	758.0487804878048	5983.170731707317	265.80931263858093	468.85809312638577	11.690687361419068	7554.645232815964	3181.0975609756097	2080.9423503325943	2413.20399113082	2271.6851441241683	118.13747228381376	2455.0443458980044	1094.0022172949002	47449.42350332594	1497.6385809312635	50.45454545454545	1733.9135254988912	22219.68957871397	1384.4235033259422	103.37028824833702	3.69179600886918	2.4611973392461195	914.3348115299334	1011.5521064301552	3.0764966740576494	617.760532150776	3.0764966740576494	52.91574279379157	1436.1086474501108	255.96452328159648	995.5543237250554	1864.356984478936	3181.0975609756097	1214.60088691796	102.13968957871396	1171.529933481153	19.68957871396896	2962.050997782705	28.303769401330378	147.67184035476717	3170.022172949002	98.44789356984478	265.80931263858093	2275.376940133038	Growth with 20 mM alanine supplementation and 50 mM (S)-lactic acid.	G4	30	Growth with 20 mM alanine supplementation and 50 mM (S)-lactic acid.	Yes	NegHigh	0.1680457485014784	26459.893338892583	1.2574000000001075	Growth with 20 mM alanine supplementation and 50 mM (S)-lactic acid.
3714.638399636916	5130.58686962138	611.1287028470682	6.122418698832195	930.6076422224936	552.1308499310489	1404.816799622951	4074.191352313788	17281.91823624906	3335.04844030932	1291.2737619355175	671.239722799239	2580.3211897987326	755.8404175467383	234.87824462792605	104.637701398223	5964.34897969871	1168.8253879588738	172.5408906034528	326.1579415923333	1281.2552586101558	171.42772356730148	2523.549670955016	2844.1417773665926	15234.804056766803	308.3472690139124	207.04906872414332	1258.9919178871296	12527.581824846824	1079.7720250667692	305.0077679054585	142.48538062736748	17.810672578420935	749.1614153298304	145.82488173582138	30.59401768240799	1473.8331558643322	2.7829175903782706	261.59425349555744	1674.2032223715678	248.2448408482516	74.58219142213765	1343.5926126346292	1168.8253879588738	2992.192993174717	62.337354024473264	544.3386806779897	17.810672578420935	958.4368181262764	27.82917590378271	213.7280709410512	1168.8253879588738	183.2403352638022	2254.163248206399	191.46473021802504	Growth with 20 mM proline supplementation and 50 mM (S)-lactic acid.	H3	23	Growth with 20 mM proline supplementation and 50 mM (S)-lactic acid.	Yes	PosHigh	0.2627234079743581	20012.25917594113	0.6690702305431758	Growth with 20 mM proline supplementation and 50 mM (S)-lactic acid.
3760.993163455563	6867.900559353636	945.1771286513364	6.378495960223741	15.65630826600373	908.0658794282164	288.7719080174021	2271.9042883778743	25324.9484151647	3334.213797389684	487.08514605344936	1218.8725916718458	4296.786824114357	256.29956494717214	700.474829086389	1358.0397762585458	8656.198881292728	1489.088875077688	131.04909881914233	293.4108141702921	487.08514605344936	143.80609073958982	1262.9422001243008	1802.2150403977623	23193.371037911747	1641.0130515848357	679.5997513983841	487.08514605344936	24008.658794282164	3922.19515226849	447.6544437538845	3.479179614667496	2.3194530764449968	632.0509633312616	49.86824114356744	36.23663149941087	992.7259167184588	2.899316345556246	201.79241765071475	3243.7551274083285	33.632069608452454	129.88937228091984	694.6761963952766	1489.088875077688	2252.188937228092	2.3194530764449968	364.1541330018645	6.378495960223741	1431.102548166563	2.899316345556246	679.5997513983841	1489.088875077688	157.12531810029492	1866.0	639.0093225605966	Growth with 10 mM proline supplementation, no lactic acid.	H4	31	Growth with 10 mM proline supplementation, no lactic acid.	None	PosLow	0.2353591909192493	44998.04782164653	2.014636421722835	Growth with 10 mM proline supplementation, no lactic acid.
9687.391406987725	4671.990084985836	1627.609537299339	17.569877242681777	1691.5	2359.1553352219075	1511.0094428706327	7885.680358829084	18104.95986779981	9310.437677053826	1181.5128433380796	1523.787535410765	6304.391406987725	400.9126534466478	533.4853635505194	431.26062322946177	6839.474032105761	1031.8309726156751	261.40147531334765	354.0696700600113	1256.9328633537796	108.61378659112373	2199.429178470255	1403.9929178470256	33727.77525967894	17.569877242681777	359.3838526912181	1117.9235449482126	39166.45089707271	1616.4287063267234	132.57271010387157	257.1591123701605	3.1945231350330503	1576.4971671388105	107.0165250236072	36.73701605288008	1418.3682719546744	3.9931539187913128	1388.0203021718603	1471.0779036827196	109.62002410111388	3.1945231350330503	541.471671388102	1031.8309726156751	1296.9763928234183	233.20018885741263	17.569877242681777	8.784938621340888	1003.0802644003776	43.126062322946176	448.8305004721436	1031.8309726156751	71.87677053824363	3205.7039660056657	1261.8366383380549	Growth with 20 mM proline supplementation, no lactic acid.	A4	24	Growth with 20 mM proline supplementation, no lactic acid.	None	PosHigh	0.2670982105084304	44200.24601689514	1.9121900979428683	Growth with 20 mM proline supplementation, no lactic acid.
3264.62669245648	3790.2258220502895	745.5	3.9654255319148937	649.6088007736944	1043.2674081237913	805.3418762088976	6025.283849129594	14597.812862669249	2901.970502901354	872.3936170212767	1461.4395551257255	1565.261605415861	404.4734042553192	348.2364603481625	999.2872340425532	3716.685203094778	2342.4850096711803	368.063588007737	506.8534816247583	881.7664410058028	2.162959381044488	3816.181334622824	2987.7678916827854	37244.71856866538	736.127176015474	157.8960348162476	832.0183752417796	11558.85493230174	1259.56334622824	429.7079303675048	40.3752417794971	48.30609284332689	863.0207930367505	271.8118955512573	17.3036750483559	714.4975822050291	38.93326885880078	185.29352030947777	1261.7263056092845	25.234526112185687	112.47388781431336	507.5744680851064	2342.4850096711803	6695.080270793037	18.024661508704064	873.1146034816248	36.770309477756285	2038.949709864604	66.33075435203095	177.362669245648	2296.3418762088977	150.68617021276597	1354.0125725338492	900.512088974855	Growth with 50 mM (S)-lactic acid, no proline supplementation.	B3	17	Growth with 50 mM (S)-lactic acid, no proline supplementation.	Yes	None	0.3889669910877611	25964.22630207484	1.5229225123548722	Growth with 50 mM (S)-lactic acid, no proline supplementation.
3817.6837888338014	3397.091507013129	599.7795261466404	38.57503176461795	1552.9561174917162	869.8047484989661	2315.746261740452	8414.334348140212	12241.972983881013	3556.3690575251	2275.9268741124592	632.1327785943845	2820.9547422706096	403.1712997334264	1051.4807045516827	569.9149854256458	10129.05672787065	1148.540461894915	1219.4687461072772	1645.0384513814492	2275.9268741124592	75.90570766586113	1302.840588953387	1260.5324895986446	14936.003428087395	1745.831276314806	70.92828421236204	1901.3757592366528	19054.82133585789	1893.909624056404	380.7728941926804	124.43558633747726	107.01460425023043	1000.4621141533172	545.0278681581503	14.93227036049727	822.5192256907246	3.1108896584369314	57.24036971523954	1239.3784399212734	87.2021920801073	73.41699593911159	520.1407508906549	1148.540461894915	2300.8139913799546	11.199202770372953	495.2536336231595	6.843957248561249	883.4926629960885	77.1500635292359	70.92828421236204	1136.0969032611674	146.83399187822317	663.2416751787538	124.43558633747726	Growth with 20 mM proline supplementation and 50 mM (S)-lactic acid.	A6	40	Growth with 20 mM proline supplementation and 50 mM (S)-lactic acid.	Yes	PosHigh	0.2139310105801115	21290.49156483778	1.2483374718713274	Growth with 20 mM proline supplementation and 50 mM (S)-lactic acid.
5659.601123595506	5877.0224719101125	788.0337078651685	90.19662921348312	2671.7191011235955	1024.443820224719	1039.634831460674	3363.8595505617977	20238.224719101123	5237.101123595506	293.37640449438203	1652.9719101123594	2694.505617977528	328.50561797752806	1753.6123595505617	1539.9887640449438	14446.651685393255	815.5674157303371	63.61235955056179	160.45505617977528	293.37640449438203	68.35955056179775	3040.1011235955057	2654.629213483146	20856.308988764045	1141.2247191011236	169.0	293.37640449438203	17914.949438202246	1708.0393258426966	187.98876404494385	112.03370786516854	67.41011235955055	1388.0786516853932	5.6966292134831455	23.735955056179773	807.0224719101124	18.98876404494382	380.7247191011236	3422.724719101124	102.39735060149202	58.86516853932584	354.1404494382022	815.5674157303371	3021.112359550561	65.51123595505618	102.53932584269664	33.23033707865169	815.5674157303371	84.5	166.15168539325842	815.5674157303371	182.4719149224168	1810.5786516853927	343.6966292134831	Growth with 10 mM proline supplementation and 50 mM (S)-lactic acid.	F8	61	Growth with 10 mM proline supplementation and 50 mM (S)-lactic acid.	Yes	PosLow	0.2042761752945516	35774.75376335608	1.7174559111430772	Growth with 10 mM proline supplementation and 50 mM (S)-lactic acid.
884.557438794727	702.2598870056497	2342.937853107345	308.662900188324	457.81544256120526	1027.4952919020716	1307.156308851224	8234.463276836159	5147.834274952919	884.557438794727	1202.4583578994195	105.64971751412428	3244.0677966101694	217.5141242937853	58.00376647834275	19.67984934086629	1986.6290018832392	63.18267419962335	287.9472693032015	287.9472693032015	1316.974929931704	198.87005649717517	7003.954802259887	343.879472693032	11004.143126177025	171.939736346516	122.22222222222224	1270.7384193441849	18387.19397363465	445.3860640301318	6.214689265536723	6.214689265536723	4.143126177024482	3300.0	180.22598870056495	44.59757109682997	3413.9359698681733	33.145009416195855	49.717514124293785	3316.5725047080978	1926.553672316384	14.500941619585689	3043.1261770244823	380.53776853136895	343.879472693032	428.8135593220339	3132.2033898305085	11.393596986817323	263.3661428763222	302.4482109227872	132.58003766478342	341.083933478706	66.29001883239171	3246.139359698682	743.6911487758946	Growth with 20 mM alanine supplementation, no lactic acid.	A9	64	Growth with 20 mM alanine supplementation, no lactic acid.	None	NegHigh	0.2130027412839372	21956.70250477944	1.1994017798935723	Growth with 20 mM alanine supplementation, no lactic acid.
10892.290909090909	4619.945454545455	698.0727272727272	35.345454545454544	3219.3818181818183	1589.0727272727272	2952.818181818181	6126.545454545454	17736.054545454546	10061.672727272728	466.8545454545454	1802.6181818181817	6042.599999999999	419.7272727272727	1737.8181818181818	2082.436363636364	14756.727272727272	1011.7636363636364	334.3090909090909	334.3090909090909	486.0	55.96363636363636	3830.563636363636	3494.781818181818	24816.927272727276	198.8181818181818	122.23636363636363	263.6181818181818	32538.436363636363	717.2181818181818	425.6181818181818	4.418181818181818	2.9454545454545453	695.1272727272727	47.127272727272725	42.70909090909091	774.6545454545454	42.70909090909091	1011.7636363636364	1987.0450834766605	54.49090909090909	2.9454545454545453	680.4	1011.7636363636364	3443.2363636363634	81.0	331.3636363636364	8.1	1002.9272727272728	104.56363636363636	114.87272727272727	1011.7636363636364	159.08179154563547	2294.509090909091	166.4181818181818	Growth with 20 mM proline supplementation and 50 mM (S)-lactic acid.	G7	54	Growth with 20 mM proline supplementation and 50 mM (S)-lactic acid.	Yes	PosHigh	0.2018074986027741	25067.596752918715	1.3934166666644947	Growth with 20 mM proline supplementation and 50 mM (S)-lactic acid.
3356.0149253731347	2830.5641791044777	1352.6179104477612	29.707462686567165	1413.889552238806	479.0328358208956	1030.4776119402986	3959.44776119403	10025.340298507464	3253.89552238806	362.0597014925373	791.889552238806	2531.632835820896	376.9134328358209	255.2985074626866	248.8	4139.549253731344	727.8328358208956	62.2	106.67718368071831	366.7014925373135	76.12537313432837	3291.029850746269	472.534328358209	20299.48059701493	29.707462686567165	148.53731343283584	336.9940298507463	5152.388059701493	258.08358208955224	1.392537313432836	25.994029850746276	1.856716417910448	1102.889552238806	697.1970149253732	11.140298507462688	683.2716417910449	92.8358208955224	74.26865671641792	1229.1462686567163	180.10149253731345	650.779104477612	910.7194029850748	727.8328358208956	630.3552238805971	344.4208955223881	566.2985074626866	176.38805970149255	727.8328358208956	97.47761194029852	159.67761194029853	727.8328358208956	218.6094302169646	1866.0	1138.1671641791045	Growth with 20 mM alanine supplementation and 50 mM (S)-lactic acid.	A11	80	Growth with 20 mM alanine supplementation and 50 mM (S)-lactic acid.	Yes	NegHigh	0.1749738671017525	22664.116248870407	1.0602823755813626	Growth with 20 mM alanine supplementation and 50 mM (S)-lactic acid.
12917.732708333331	11116.027916666668	713.1510416666667	39.93645833333333	2469.214166666666	1447.981875	4890.504583333333	7082.445625	36233.778125	11840.589375	36.513333333333335	2909.65625	6548.438125000001	342.3125	787.31875	1408.0454166666668	11470.891875	377.6847916666667	36.513333333333335	36.513333333333335	36.513333333333335	98.12958333333334	2559.3564583333336	3204.045	22875.603333333333	3724.36	512.3277083333334	12.551458333333334	43601.48416666667	1018.9502083333334	1443.4177083333334	33.09020833333334	18.256666666666668	464.4039583333334	209.95166666666668	18.788589170406752	2722.525416666667	15.974583333333332	1037.206875	2738.5	36.513333333333335	2.282083333333333	403.92875	351.44083333333333	3118.466875	180.28458333333333	152.89958333333334	100.41166666666668	297.811875	146.05333333333334	524.8791666666667	325.19687500000003	296.5099291419792	677.7787500000001	441.583125	Growth with 20 mM proline supplementation, no lactic acid.	C10	74	Growth with 20 mM proline supplementation, no lactic acid.	None	PosHigh	0.2409878277235745	33174.3036432322	1.633328115046185	Growth with 20 mM proline supplementation, no lactic acid.
3737.193717277487	3224.3979057591623	474.5951134380454	140.50087260034906	345.1012216404887	127.55148342059336	1617.3787085514834	6107.579406631763	15077.621291448517	3500.867364746946	1228.8402457888544	152.80279232111693	2534.195462478185	351.5759162303665	170.93193717277487	6.150959860383945	36.25828970331588	807.6227844063379	241.25954814429616	351.3675318345436	1196.5560953411791	42.08551483420594	3019.797556719023	1655.5794066317628	15418.837696335078	997.7504363001746	506.9685863874346	1193.0835233628404	22246.403141361257	91.94066317626528	87.40837696335079	1.942408376963351	51.79755671902269	521.2129144851658	302.3682373472949	9.06457242582897	1788.958115183246	69.27923211169285	82.22862129144852	2422.8307155322864	140.21922570795738	129.49389179755673	145.03315881326353	770.6287785596558	1671.1186736474694	114.6020942408377	1309.830715532286	3.56108202443281	772.288286863279	82.8760907504363	563.9458987783595	766.0692732016047	323.0338976694057	787.3228621291449	282.2966841186737	Growth with 10 mM proline supplementation and 50 mM (S)-lactic acid.	F1	5	Growth with 10 mM proline supplementation and 50 mM (S)-lactic acid.	Yes	PosLow	0.2015032806865309	28898.611138370667	1.448721613760819	Growth with 10 mM proline supplementation and 50 mM (S)-lactic acid.
10801.713925645874	8358.82201982013	842.0890187317409	28.718107349487312	1900.953428424128	1942.6410036088675	3088.5861259093776	5784.382654522541	27406.338317007507	10248.658761528328	1162.4318658627733	2995.020679383628	6943.297244658304	203.80592312539383	30.570888468809077	1799.9768574210918	8543.173741192646	959.7406198086728	236.49757504983168	368.3638823990804	1164.5889598406347	88.0071031677837	2718.956292604686	2856.0620954344963	24670.706994328924	1531.3235951194365	737.4068854900613	1059.341563251711	32799.784155353154	1945.4201752878505	379.82012946096125	56.50982413931374	72.25846365354872	544.7176490805981	17.60142063355674	7.411124477287048	1373.8371999770866	23.159763991522027	416.8757518473965	1123.7117488686488	173.30017436732646	76.89041645185313	395.5687689751962	959.7406198086728	4005.7127799736495	10.190296156269692	457.3323247032541	51.87787134100934	923.6113879818984	21.306982872200265	789.2847568310707	959.7406198086728	25.01254511084379	1870.3825399553189	675.3387179927823	Growth with 10 mM proline supplementation, no lactic acid.	G6	46	Growth with 10 mM proline supplementation, no lactic acid.	None	PosLow	0.2434847469678084	50266.83016190758	2.113942797226607	Growth with 10 mM proline supplementation, no lactic acid.
4018.173327137546	4130.404275092937	1410.1398698884757	158.80297397769516	781.7992565055762	1471.2179368029738	1983.510223048327	3128.723977695167	15976.49535315985	3612.7676579925646	14.506040892193308	275.61477695167287	1921.6686802973975	429.83689591078064	4.58085501858736	7.253020446096654	586.349442379182	23.286013011152413	231.34712128960305	339.3875290907331	14.506040892193308	103.83271375464685	2560.6979553903343	1604.8262081784385	15920.76161710037	1317.759293680297	430.6003717472119	14.506040892193308	25409.23931226765	589.403345724907	240.4948884758364	61.07806691449814	1.5269516728624537	422.2021375464684	123.68308550185871	6.107806691449814	821.4999999999999	1.9086895910780668	435.9447026022305	1750.6500929368028	108.4135687732342	248.12964684014867	345.8545539033457	368.6546645645888	1556.7272304832711	49.62592936802974	1296.381970260223	115.28485130111522	243.5987634651505	66.42239776951672	429.83689591078064	353.0872994733692	204.64308364682	123.68308550185871	1755.9944237918214	Growth with 20 mM alanine supplementation, no lactic acid.	H8	63	Growth with 20 mM alanine supplementation, no lactic acid.	None	NegHigh	0.21982711380747	23400.252207238187	1.309373932226474	Growth with 20 mM alanine supplementation, no lactic acid.
2781.796726504752	6170.306758183738	1568.3701161562828	548.9619852164731	1088.190601900739	1462.600844772967	2001.8294614572333	2770.765575501584	22890.93611404435	2458.0	2824.6235480464625	1299.08025343189	5594.740232312565	72.67581837381204	469.1483632523759	6.164466737064414	4599.989968321013	1743.5707497360083	1622.2280887011614	2085.536430834213	2788.2856388595565	235.54751847940864	1774.7175290390703	1513.214361140443	24672.791446673706	750.7671594508976	164.16948257655753	2158.212249208025	8074.802534318901	3507.9060190073915	83.05807814149946	144.7027455121436	8.43558606124604	552.8553326293559	147.29831045406547	33.09345300950369	1500.236536430834	1.6222280887011615	341.3167898627244	1049.2571277719112	83.70696937697993	105.12038014783526	428.2682154171066	1722.8062302006335	2044.656282998944	232.9519535374868	199.8585005279831	10.382259767687431	1506.7254487856387	55.15575501583949	165.46726504751848	1691.659450897571	839.0163674762407	979.1768743400212	1582.645723336853	Growth with 20 mM alanine supplementation, no lactic acid.	C2	10	Growth with 20 mM alanine supplementation, no lactic acid.	None	NegHigh	0.2075361600830024	29518.684710947928	1.5570520197637436	Growth with 20 mM alanine supplementation, no lactic acid.
6998.624096385542	7163.866265060241	755.3927710843374	287.7686746987952	865.5542168674699	1851.386746987952	3493.69156626506	4442.42891566265	26102.642168674694	6818.768674698795	614.8807228915663	1546.756626506024	7396.554216867469	323.73975903614456	1807.546987951807	998.1975903614458	12480.8421686747	1142.0819277108433	322.6156626506024	505.8433734939759	614.8807228915663	143.88433734939758	201.2132530120482	2633.757831325301	19469.34939759036	2424.6759036144576	120.27831325301204	599.1433734939759	32897.80481927711	3453.224096385542	512.5879518072289	13.489156626506023	2.248192771084337	64.07349397590362	192.22048192771084	11.240963855421686	1009.4385542168676	17.985542168674698	654.2240963855421	1256.7397590361445	77.72670938836639	2.248192771084337	592.3987951807229	1142.0819277108433	2430.2963855421685	47.212048192771086	111.2855421686747	78.6867469879518	1142.0819277108433	89.92771084337349	12.365060240963857	1142.0819277108433	166.97754150581372	1866.0	494.6024096385542	Growth with 20 mM proline supplementation, no lactic acid.	B8	57	Growth with 20 mM proline supplementation, no lactic acid.	None	PosHigh	0.2476121750296483	29193.437314285897	1.526945099451493	Growth with 20 mM proline supplementation, no lactic acid.
9609.628318584071	9497.982300884956	290.5486725663717	71.9646017699115	1498.4778761061946	1729.1681415929202	1942.371681415929	9018.442477876106	32937.59292035398	8855.681415929203	756.6371681415928	2994.265486725664	6432.424778761062	358.4778761061947	421.0265486725664	1542.1946902654863	6649.663716814159	803.716814159292	203.787610619469	425.0619469026548	756.6371681415928	76.0	2497.238938053097	4549.911504424778	30634.05309734513	1281.9115044247787	182.2654867256637	756.6371681415928	32873.69911504425	1733.203539823009	459.3628318584071	4.035398230088496	6.725663716814159	398.8318584070796	214.5486725663717	6.053097345132743	319.46902654867256	59.858407079646014	391.43362831858406	2185.8407079646017	93.4867256637168	152.0	491.646017699115	803.716814159292	4453.734513274336	1.3451327433628315	125.76991150442475	3.699115044247788	803.716814159292	109.6283185840708	230.69026548672565	803.716814159292	140.56637168141592	1039.787610619469	445.91150442477874	Baseline growth without any supplementation or treatment.	D4	27	Baseline growth without any supplementation or treatment.	None	None	0.2300609126431542	51871.896617399616	2.075254259763172	Baseline growth without any supplementation or treatment.
8734.692823204128	15249.067851389482	688.6231530851323	65.91107322386267	1636.9556096195147	3659.5401849667032	3782.508605160477	4761.337229902915	49289.67780311067	7929.003734094524	1377.2463061702647	4218.308686327211	2210.480321403275	426.94635491278206	851.9252151024638	1386.1000324242164	8713.050381250025	1570.552662714877	515.4836174522991	763.3879525629467	1392.9862639550677	151.49709367872913	3026.006884128381	1900.5999025149652	44365.038511190425	3288.6674296622823	159.36707257113062	1280.8390647383462	40239.20207684893	8074.598343603952	389.5639551738749	18.69119986945359	1.967494723100378	735.8430264395414	245.93684038754728	45.2523786313087	847.990225656263	5.902484169301134	1294.6115278000489	2995.5107159203258	93.0856373200284	577.459701229961	615.8258483304184	1561.2070627801502	7350.560285503013	1.967494723100378	78.69978892401512	36.398652377357	1528.743399848994	13.772463061702648	159.36707257113062	1556.2883259723992	382.6777236430236	2167.1954374950665	730.9242896317905	Baseline growth without any supplementation or treatment.	C3	18	Baseline growth without any supplementation or treatment.	None	None	0.2549899522718826	56420.294198069445	2.106217296530488	Baseline growth without any supplementation or treatment.
4844.351955307262	6930.888268156424	995.117318435754	116.12849162011172	1306.68156424581	773.2458100558658	2923.983240223464	6913.893854748603	22679.98882681564	4386.446927374302	19.8268156424581	180.32960893854747	2962.692737430167	340.83240223463685	80.25139664804469	17.938547486033517	713.7653631284916	343.26280872049114	6.608938547486033	13.217877094972064	19.8268156424581	82.13966480446926	2995.7374301675977	1314.2346368715082	19020.5251396648	2680.3966480446925	169.0	19.8268156424581	31600.16759776536	206.7653631284916	22.65921787709497	2.832402234636872	27.37988826815642	1345.391061452514	270.0223463687151	11.329608938547484	585.36312849162	16.994413407821227	728.8715083798883	2796.525139664804	45.31843575418994	176.55307262569832	475.8435754189944	447.2113626540109	1641.8491620111731	99.13407821229048	912.0335195530726	13.217877094972064	28.796089385474858	17.938547486033517	169.0	444.1388681801792	193.3300917052828	33.04469273743017	871.4357541899441	Growth with 50 mM (S)-lactic acid, no proline supplementation.	F6	45	Growth with 50 mM (S)-lactic acid, no proline supplementation.	Yes	None	0.1969159288414729	38878.12115358829	1.6839770801885203	Growth with 50 mM (S)-lactic acid, no proline supplementation.
3244.4892086330933	6083.280575539568	808.115107913669	24.05755395683453	263.53956834532374	312.2014388489209	1722.848920863309	3068.431654676259	18476.748201438848	3080.460431654676	197.3812949640288	1906.5611510791368	3485.611510791367	346.1007194244604	910.906474820144	657.2086330935251	7422.848920863309	369.0647482014388	102.79136690647482	168.9496402877698	197.3812949640288	76.0	2343.971223021583	614.5611510791367	16626.5035971223	693.2949640287769	267.9136690647482	197.3812949640288	3759.539568345324	296.89208633093523	205.58273381294964	137.7841726618705	83.65467625899281	575.1942446043165	191.36690647482013	88.02877697841727	2647.971223021583	26.79136690647482	5.741007194244604	1003.3093525179856	38.82014388489208	52.489208633093526	858.9640287769784	369.0647482014388	891.7697841726618	463.1079136690647	54.67625899280576	3.0071942446043165	361.41007194244605	6.561151079136691	293.0647482014388	369.0647482014388	302.35971223021585	802.1007194244604	961.2086330935252	Growth with 20 mM alanine supplementation, no lactic acid.	F12	93	Growth with 20 mM alanine supplementation, no lactic acid.	None	NegHigh	0.2266298650226742	21973.72937937751	1.2171592979141288	Growth with 20 mM alanine supplementation, no lactic acid.
1951.758389261745	2671.5973154362414	813.4765100671141	30.7248322147651	310.1744966442953	1384.0805369127518	478.4295302013423	3969.3557046979854	11103.369127516778	1932.738255033557	1451.3825503355704	535.489932885906	1032.9395973154362	368.6979865771812	8.778523489932885	713.9865771812081	4757.959731543624	4137.6107382550335	841.2751677852349	1202.6577181208054	1461.6241610738257	146.30872483221475	288.2281879194631	724.228187919463	11826.13422818792	16.093959731543624	23.40939597315436	1423.5838926174497	7853.852348993289	731.5436241610738	114.12080536912752	4.389261744966443	130.21476510067114	968.5637583892616	503.3020134228188	38.73895742894125	1130.96644295302	49.74496644295302	218.0	1719.1275167785234	20.483221476510067	2.926174496644295	542.8053691275168	4137.6107382550335	1239.234899328859	383.3288590604027	26.335570469798657	20.483221476510067	3865.476510067114	82.3929647491958	23.40939597315436	4137.6107382550335	11.70469798657718	2658.4295302013425	311.63758389261744	Growth with 10 mM proline supplementation and 50 mM (S)-lactic acid.	G3	22	Growth with 10 mM proline supplementation and 50 mM (S)-lactic acid.	Yes	PosLow	0.2070324808816528	36432.43610835043	1.6700337580803093	Growth with 10 mM proline supplementation and 50 mM (S)-lactic acid.
1219.05	9778.32	1751.22	119.88	47.79	723.33	946.08	3973.86	30103.65	1160.73	3704.13	1100.79	4400.7300000000005	225.18	760.59	335.34000000000003	7695.0	2129.49	2260.71	2540.1600000000003	3522.69	467.37	2366.82	573.48	32408.1	567.8100000000001	303.75	2527.2000000000003	5500.71	3224.61	24.3	98.01	81.81	807.57	482.7600000000001	109.35	1602.99	23.49	156.33	1453.14	325.62	162.81	431.73	2129.49	526.5	81.0	531.36	224.37	1892.97	4.86	311.85	2129.49	746.82	712.8000000000001	1817.64	Growth with 20 mM alanine supplementation, no lactic acid.	B4	25	Growth with 20 mM alanine supplementation, no lactic acid.	None	NegHigh	0.2178805602209328	26795.812976700843	1.461400708165792	Growth with 20 mM alanine supplementation, no lactic acid.
2718.8464521146875	3170.705162705397	1169.516662705366	161.57795997903082	633.7213495281469	1635.3648070604938	792.501422754294	3367.2567070954738	10793.547620936904	2447.4514370849733	3896.756775078704	2314.551816323	1948.7281233834624	565.8725957707184	633.7213495281469	234.3230155540057	5730.771541593937	3500.855799545668	2168.0124976407187	2898.610675987462	3975.797075847668	197.95048776651828	4019.863792205585	8328.609391646407	35978.72522701909	917.7068549458374	76.94188570430039	3545.6219875918064	10944.63350559262	3853.389530409008	79.73977245718405	25.880452464173768	1.398943376441825	718.3574238028773	116.1123002446715	29.77112002502534	436.4703334498495	27.287336716635437	299.37388255855063	1502.9482334886163	71.34611219853309	239.91878905977305	479.8375781195461	3460.286441628855	8320.915203075978	5.595773505767301	512.013275777708	33.57464103460381	3002.132485844157	164.37584673191446	104.22128154491598	3382.645084236334	102.12286648025324	1133.1441349178783	1753.575522369828	Growth with 50 mM (S)-lactic acid, no proline supplementation.	E4	28	Growth with 50 mM (S)-lactic acid, no proline supplementation.	Yes	None	0.2112531854628618	34213.3885853293	1.665890167864977	Growth with 50 mM (S)-lactic acid, no proline supplementation.
12435.2	4825.6	748.8	121.6	1355.2	2811.2	2158.4	3611.2	19960.0	11617.6	1241.409485420126	3617.6	6801.6	376.0	1766.4	2280.0	17513.6	529.6	260.8333136586517	393.71859724424894	1243.6876869937712	356.8	2696.0	1945.6	2382.4	3782.4	33.6	1175.0842967257329	33561.6	998.4	486.4	1065.6	3.2	2009.6	732.8	27.110745314550982	3336.0	51.2	433.6	2056.0	76.8	3.2	875.2	529.6	3345.6	97.6	284.8	25.6	412.8	101.0413509432656	33.6	529.6	341.72738598614256	147.2	312.0	Growth with 20 mM proline supplementation and 50 mM (S)-lactic acid.	C11	82	Growth with 20 mM proline supplementation and 50 mM (S)-lactic acid.	Yes	PosHigh	0.2053941264974421	29431.15074597869	1.4528001737052414	Growth with 20 mM proline supplementation and 50 mM (S)-lactic acid.
995.98623853211	8996.559633027522	1831.9954128440363	187.5	499.7133027522936	195.2408256880734	1790.7110091743118	5166.571100917431	35643.0619266055	805.0458715596329	2988.818807339449	1995.4128440366967	3515.1949541284403	131.5940366972477	1215.3096330275228	386.1811926605504	11273.22247706422	2170.871559633028	1625.573394495413	2008.3142201834864	3045.584862385321	832.5688073394494	3360.3784403669724	182.3394495412844	31768.34862385321	1518.0619266055046	374.1399082568807	2752.293577981651	5522.649082568807	2845.183486238532	1.290137614678899	248.5665137614679	13.761467889908255	627.8669724770642	190.0802752293578	30.10321100917431	1993.6926605504584	144.49541284403668	237.38532110091745	2140.768348623853	218.4633027522936	448.9678899082568	1026.0894495412842	2172.591743119266	860.9518348623852	253.72706422018348	346.6169724770642	4.730504587155963	2081.422018348624	70.52752293577981	359.5183486238532	2172.591743119266	776.6628440366972	1370.1261467889908	2349.7706422018346	Growth with 20 mM alanine supplementation, no lactic acid.	A5	32	Growth with 20 mM alanine supplementation, no lactic acid.	None	NegHigh	0.2134801806973743	30541.675052675982	1.557518454091178	Growth with 20 mM alanine supplementation, no lactic acid.
3881.5	7992.25	712.25	9.625	532.0	833.0	1905.75	3384.5	34132.0	3711.75	477.75	1954.75	5124.0	959.0	1660.75	2140.25	19600.0	1984.9375	306.25	463.75	477.75	124.25	850.5	1398.25	23527.0	196.0	56.0	393.75	24008.25	3179.75	360.5	288.75	17.5	1681.75	94.5	40.1580223545409	1177.75	49.0	560.0	1123.5	65.96728405897044	3.5	392.0	1988.0	3174.5	260.75	61.25	9.625	1832.25	4.375	56.0	1977.5	215.25	2604.0	110.25	Growth with 10 mM proline supplementation, no lactic acid.	H10	79	Growth with 10 mM proline supplementation, no lactic acid.	None	PosLow	0.2428831188408738	43984.51460259924	1.994775632816029	Growth with 10 mM proline supplementation, no lactic acid.
4243.682311372233	7110.434247631751	653.4005009851645	226.637608326006	815.8953899736216	77.82649946289263	1660.013576455765	3196.017895525602	24240.81649204647	3948.625802419509	1150.2927667867098	2924.0527655343944	5918.234904211176	559.3245126234261	1434.2312043875927	1751.5238560440011	9697.523927579556	3438.9049927504534	644.8481384068247	798.7906648169419	1182.7917445844012	35.064686571193384	2096.184067951097	6279.999841274952	37879.26909572503	1300.814348165491	60.21840812397864	965.561735094569	19378.798366260264	5051.025338767515	206.1119381379904	269.39942121770525	9.407598836173834	809.0534999109498	247.16327851402164	17.959961414513685	817.6058624892896	23.946615219351575	227.49284458384	901.41901575702	16.249488898845716	469.5247055508577	324.9897779769143	3433.7735752034496	6600.713437962696	20.52567018801564	16.249488898845716	9.407598836173834	3157.5322639230726	124.00925738592782	3.42094503133594	3373.0518008972367	369.4620633842815	1913.163508774624	1091.281464996165	Baseline growth without any supplementation or treatment.	A8	56	Baseline growth without any supplementation or treatment.	None	None	0.2482611350836014	34124.70228456791	1.650040805402078	Baseline growth without any supplementation or treatment.
4032.6894712002136	2305.973200911087	558.253339626126	22.109043153509944	907.5762214515833	1696.8690620318882	1091.0812796257158	3322.9891859725444	10668.718773726225	3768.48640551577	3117.375084644902	1262.4263640654178	1410.5569531939343	411.228202655285	82.90891182566229	78.4871031949603	7932.724683479368	1411.66240535161	1054.6013584224245	1573.0584203722326	3117.375084644902	82.90891182566229	1474.6731783391133	2296.024131492008	16249.041265672133	789.292840580305	6.079986867215235	3031.1498163462134	16941.054316376994	1947.806701824226	309.5266041491392	106.12340713684772	2.2109043153509944	1442.615065766524	60.79986867215234	39.76488024857642	1899.166806886504	15.47633020745696	372.5373771366425	2238.5406192928817	23.21449531118544	218.87952721974844	694.2239550202122	1395.0806229864777	3121.796893275604	242.09402253093387	311.7375084644902	6.079986867215235	977.2197073851396	6.632712946052983	4.421808630701989	1311.0662590031395	239.8831182155829	2493.900067715921	315.0538649375167	Growth with 20 mM proline supplementation and 50 mM (S)-lactic acid.	B2	9	Growth with 20 mM proline supplementation and 50 mM (S)-lactic acid.	Yes	PosHigh	0.219246659633855	31842.95566995634	1.6018452291849925	Growth with 20 mM proline supplementation and 50 mM (S)-lactic acid.
11742.805009947118	7670.551897881857	1469.727673080018	80.71301397502016	3388.0695401142184	1625.522560520173	4656.953201675	8684.15718966118	26077.811701278024	10625.962142153236	100.4220057596181	4564.97790668021	6175.484092507356	352.8848052861346	540.5894889489722	1335.518824261089	8321.887150191904	595.0238472111952	100.4220057596181	100.4220057596181	100.4220057596181	21.58603862122632	3934.290169573076	5055.82565445853	44082.444958217406	2625.988524443097	27.21717913111145	165.18012162329703	36453.18809074137	2822.139918870763	73.20482662850665	244.01608876168885	1.877046836628376	779.9129606190901	366.96265656084745	4.69261709157094	1939.9279056554265	2.3463085457854698	289.06521284076985	2685.1154997968915	143.31103667080754	139.839989328814	275.92588498437124	595.0238472111952	4933.8176100776855	1.877046836628376	382.9175546721887	27.21717913111145	577.1919022632255	10.323757601456066	18.77046836628376	595.0238472111952	535.8968718574013	1342.088488189289	1621.768466846917	Baseline growth without any supplementation or treatment.	G2	14	Baseline growth without any supplementation or treatment.	None	None	0.2391545674332213	43656.65504845565	1.9064178307798196	Baseline growth without any supplementation or treatment.
3773.043110856488	5003.3236894872525	836.6273274133486	87.68146662847322	801.0067315955313	177.18963047837295	488.6415067315955	6386.133486107132	16983.71741621312	3773.043110856488	428.3604984245202	1471.404611859066	3952.9727871670007	508.7351761672873	30.140504153537663	1011.0769120595816	4029.6940704669146	832.9739329704955	167.14279576052706	324.2387568032082	423.7937553709539	19.18032082497852	5737.655972500716	5974.213262675451	28310.153537668288	1230.2805786307647	279.4846748782584	374.47293039243766	12753.999999999998	344.3324262389	221.0303637926096	160.7493554855342	162.57605270696075	676.7913205385275	272.17788599255226	7.3067888857061	406.44013176740185	2.2833715267831565	158.9226582641077	1273.207963334288	115.0819249498711	10.960183328559152	1717.0953881409337	832.9739329704955	7096.71870524205	42.01403609281008	44.754081924949865	10.960183328559152	808.3135204812374	62.10770552850186	284.9647665425379	832.9739329704955	252.99756516757373	1218.4070466914925	743.4657691205957	Growth with 50 mM (S)-lactic acid, no proline supplementation.	G12	94	Growth with 50 mM (S)-lactic acid, no proline supplementation.	Yes	None	0.199775339179872	33615.85680183068	1.5796860151237826	Growth with 50 mM (S)-lactic acid, no proline supplementation.
2801.416232948424	6865.510219565118	579.3274357768234	8.801936178929639	1222.6689528549534	83.2183056916984	470.50349756460247	9709.335781375656	23027.465396112468	2714.197047175394	1403.5087325311442	347.2763910595875	5076.316647193602	401.6883601656981	97.62147398449235	806.5774243964614	6614.25495045749	2411.730513026721	358.4788552873161	804.9770723639288	1403.5087325311442	9.60211219519597	2134.8696113985707	1270.6795138309333	17986.356493634583	494.5087780525924	276.86090162815043	1382.7041561082196	19012.18214648802	1640.360833345978	337.6742788643916	12.802816260261292	19.20422439039194	700.9541902493057	59.21302520370848	16.003520325326615	1088.23938212221	148.8327390255375	33.60739268318589	1067.434805699285	100.41869883248664	25.605632520522583	483.30631382486376	2411.730513026721	1542.7393593614856	113.62499430981896	228.8503406521706	59.21302520370848	2170.077356114289	86.41900975676373	300.86618211614035	2382.924176441133	300.86618211614035	1608.3537926953247	177.63907561112543	Growth with 10 mM proline supplementation, no lactic acid.	E11	84	Growth with 10 mM proline supplementation, no lactic acid.	None	PosLow	0.2510181057636643	41509.24336239585	1.8428365578674557	Growth with 10 mM proline supplementation, no lactic acid.
6272.164211223308	7081.1481542790925	668.5118357887767	9.308392650223473	1861.6785300446943	555.1186889587817	2782.3631849031617	8103.378910776361	23005.269326270485	5791.512663466314	72.77470617447443	392.6449263366992	4283.553054130111	661.7420956795232	389.2600562820725	864.8342989571263	11342.69955305413	1125.4692931633836	230.91956702969983	319.79488427113915	72.77470617447443	120.16288693924848	1499.4974341996358	3151.314020857474	15978.27909286542	1579.0418804833637	253.8652540970038	72.77470617447443	23751.63317331568	568.6581691772885	252.1728190696905	741.2865419632511	3.3848700546267176	2083.3875186227447	277.55934447939086	60.92766098328092	1012.0761463333886	4.231087568283397	565.2732991226618	1807.520609170667	206.1205596392206	3.3848700546267176	692.2059261711637	1125.4692931633836	2838.2135408045024	3.3848700546267176	10.154610163880152	84.62175136566793	1125.4692931633836	167.55106770402253	242.0182089058103	1125.4692931633836	32.156265518953816	1607.8132759476907	286.02151961595763	Growth with 20 mM proline supplementation, no lactic acid.	H12	95	Growth with 20 mM proline supplementation, no lactic acid.	None	PosHigh	0.2726376348864552	32467.41683622487	1.792291310159567	Growth with 20 mM proline supplementation, no lactic acid.
12281.14376292351	11721.342008863598	628.7914068489847	368.6018591873359	1724.741319726839	1493.133199649235	3228.7157505286427	7432.156738320054	41489.39162088042	11489.733888785991	61.10512104175087	3297.7054033177164	2583.169713716597	183.31536312525265	1960.2917056781048	2439.2770093279582	12482.199322480235	846.6015963687742	61.10512104175087	61.10512104175087	61.10512104175087	140.93600498339313	3836.810261540905	4607.523239841698	35945.58023604416	2831.532463757262	203.02669249355932	40.4082252050288	39717.34311066965	2947.829307030272	234.5648194828501	225.69472126711207	15.769063494645383	966.8407055154452	320.3091022349844	7.884531747322693	1688.2753603954716	13.797930557814713	939.2448443998156	2684.6830599633768	84.36564093082882	54.20615576284352	736.2181519062565	846.6015963687742	4667.642794415035	31.53812698929077	500.667765954991	5.420615576284352	712.5645566642884	11.826797620984038	208.94009130405132	846.6015963687742	319.3235357665691	1677.4341292429028	625.8347074437387	Growth with 50 mM (S)-lactic acid, no proline supplementation.	B11	81	Growth with 50 mM (S)-lactic acid, no proline supplementation.	Yes	None	0.2464328390258035	30865.22794894316	1.5456021326964278	Growth with 50 mM (S)-lactic acid, no proline supplementation.
10601.675889328064	8642.561264822134	206.13438735177863	35.19367588932806	2723.320158102767	1828.395256916996	1696.0	8986.118577075098	30065.454545454544	9731.88932806324	90.49802371541502	1789.8498023715415	8074.434782608696	521.201581027668	2109.9446640316205	851.3517786561265	9388.332015810276	3075.2569169960475	60.33201581027668	90.49802371541502	117.57254472479386	18.43478260869565	566.4505928853755	6360.0	30888.3162055336	1449.6442687747035	159.2094861660079	125.8674810839182	42984.88537549407	4209.833992094862	1489.8656126482213	115.63636363636364	75.41501976284584	1397.691699604743	56.9802371541502	4.189723320158103	2939.509881422925	40.87577111142906	943.5256916996047	1758.00790513834	110.56434516497856	3.351778656126482	574.8300395256917	3075.2569169960475	5699.699604743083	226.24505928853756	145.80237154150197	58.65612648221344	2932.806324110672	88.46215538189271	184.34782608695653	3041.7391304347825	242.7985201874558	3398.703557312253	56.9802371541502	Growth with 20 mM proline supplementation, no lactic acid.	F2	13	Growth with 20 mM proline supplementation, no lactic acid.	None	PosHigh	0.2368104642398294	45939.14559832132	2.0140885651119382	Growth with 20 mM proline supplementation, no lactic acid.
4471.625188001929	6566.487190478252	415.5240679809002	45.69040581532721	1218.1234606991952	1433.6442428469652	1231.9167907566523	5502.67660979686	19767.56613859345	3755.234108142742	962.0847715076446	1220.7097100849685	4350.071466870587	101.72580917374738	1071.5693288387115	1297.4351085295746	8432.897163877939	813.806473389979	143.1057993461192	315.5224250643351	962.0847715076446	89.65664537347226	253.45243980577732	2134.5178263915127	17972.709064866824	1173.2951380124591	221.55536404790743	962.0847715076446	27369.41516650959	2922.461805923759	67.2424840301042	1272.4346978004332	1.724166257182159	1117.259734654039	120.69163800275112	43.10415642955397	1109.5009864967192	38.793740786598576	416.3861511094914	692.2527522586367	256.11247998526136	1.724166257182159	155.1749631463943	813.806473389979	2860.391820665201	20.689995086185903	66.38040090151311	4.741457207250937	737.081074945373	53.449153972646926	221.55536404790743	800.8752264611128	13.793330057457272	1374.1605069741806	314.660341935744	Growth with 10 mM proline supplementation, no lactic acid.	B9	65	Growth with 10 mM proline supplementation, no lactic acid.	None	PosLow	0.2466207617686333	40854.93395620644	1.88655689773846	Growth with 10 mM proline supplementation, no lactic acid.
699.0432881504154	1732.8165520531063	1767.3304448066144	48.20988194140796	308.4336765115077	525.9259848153595	482.0988194140796	4868.102396947172	6689.66895893787	694.6605716102873	3127.0682513813254	957.0757244504512	1461.0881265651706	126.00310052867988	293.64200818857574	336.9213340223397	4488.9974162261	3445.5	1925.1082402512225	2425.8336049608456	3252.523512342489	315.5555908892157	2029.7455976467784	439.9151727153476	20917.062527328377	727.5309456612473	6.026235242675995	3093.650037762849	3014.7611400405453	1443.5572604046588	68.47994593949994	214.2052708987558	69.02778550701593	558.7963588663195	344.0432484000477	25.200620105735972	451.4198036331836	101.8981595579759	201.6049608458878	1040.3473387128831	341.3040505624677	196.67440473824385	780.6713837102993	3456.319831458441	892.9784950510792	298.5725642962197	273.91978375799977	6.026235242675995	3294.707159041221	23.55710140318798	8.765433080255992	3450.293596215765	494.1512898994316	1325.7717533887187	2472.947807767221	Growth with 20 mM alanine supplementation and 50 mM (S)-lactic acid.	G8	62	Growth with 20 mM alanine supplementation and 50 mM (S)-lactic acid.	Yes	NegHigh	0.1858634819172844	15142.159086061934	0.7903773317462344	Growth with 20 mM alanine supplementation and 50 mM (S)-lactic acid.
