,1
YPL045W_ilp1,0.0
YPL045W_ilp2,0.0
YPL045W_ilp3,-0.0
YPL045W_ilp4,0.0
YPL045W_ilp5,0.0
YPL045W_ilp6,0.03766937859275907
YPL045W_ilp7,0.0
YPL045W_ilp8,0.0
YPL045W_ilp9,-0.0
YPL045W_ilp10,-0.0
YPL045W_ilp22,0.0
YPL045W_ilp23,0.0
YPL045W_ilp25,-0.0
YPL045W_ilp26,0.0
YPL045W_ilp27,0.0
YPL045W_ilp28,-0.0
YPL045W_ilp30,0.0
YPL045W_ilp32,0.0
YPL045W_ilp36,-0.0
YPL045W_ilp38,0.0
YPL045W_ilp39,-0.0
YPL045W_ilp40,0.0
YPL045W_ilp42,0.0
YPL045W_ilp43,0.0
YPL045W_ilp45,0.0
YPL045W_ilp46,-0.0
YPL045W_ilp47,-0.0
YPL045W_ilp48,-0.0
YPL045W_ilp49,0.0
YPL045W_ilp51,-0.0
YPL045W_ilp52,-0.0
YPL045W_ilp53,0.0
YPL045W_ilp54,-0.0
YPL045W_ilp55,-0.0
YPL045W_ilp56,0.0
YPL045W_ilp57,-0.0
YPL045W_ilp58,0.0
YPL045W_ilp59,0.0
YPL045W_ilp60,-0.0
YPL045W_ilp61,0.0
YPL045W_ilp62,-0.0
YPL045W_ilp63,0.0
YPL045W_ilp64,0.0
YPL045W_ilp65,0.0
YPL045W_ilp66,-0.0
YPL045W_ilp67,0.0
YPL045W_ilp68,-0.0
YPL045W_ilp70,-0.0
YPL045W_ilp71,-0.0
YPL045W_ilp72,-0.0
YPL045W_ilp73,0.0
YPL045W_ilp74,0.0
YPL045W_ilp75,0.0
YPL045W_ilp76,0.0
YPL045W_ilp77,-0.0
YPL045W_ilp78,-0.0
YPL045W_ilp79,0.0
YPL045W_ilp81,0.01186303176411176
YPL045W_ilp82,0.0
YPL045W_ilp83,0.0
YPL045W_ilp84,0.0
YPL045W_ilp85,0.0
YPL045W_ilp86,0.0
YPL045W_ilp87,-0.0
YPL045W_ilp88,0.0
YPL045W_ilp89,0.0
YPL045W_ilp90,-0.0
YPL045W_ilp91,0.0
YPL045W_ilp92,-0.0
YPL045W_ilp93,0.0
YPL045W_ilp94,-0.0
YPL045W_ilp95,0.0
YPL045W_ilp96,0.0
YPL045W_ilp97,0.0
YPL045W_ilp98,0.0
YPL045W_ilp99,0.0
YPL045W_ilp100,0.0
YPL045W_ilp109,0.0
YPL045W_ilp110,-0.0
YPL045W_ilp121,-0.0
YPL045W_ilp132,0.0
YPL045W_ilp134,-0.0
YPL045W_ilp137,0.0
YPL045W_ilp140,0.0
YPL045W_ilp142,-0.0
YPL045W_ilp143,0.0
YPL045W_ilp144,-0.0
YPL045W_ilp145,0.0
YPL045W_ilp146,0.0
YPL045W_ilp158,-0.0
YPL045W_ilp160,-0.0
YPL045W_ilp163,-0.0
YPL045W_ilp174,-0.0
YPL045W_ilp177,0.0
YPL045W_ilp184,0.0
YPL045W_ilp185,0.0
YPL045W_ilp192,0.0
YPL045W_ilp295,0.0
YPL045W_ilp313,0.0
YPL045W_ilp339,0.0
YPL045W_ilp343,0.0
YPL045W_ilp603,-0.0
YLR417W_ilp4,0.0
YLR417W_ilp5,-0.0
YLR417W_ilp11,-0.0
YLR417W_ilp12,-0.0
YLR417W_ilp23,-0.0
YLR417W_ilp28,-0.0
YLR417W_ilp33,-0.0
YLR417W_ilp34,0.0
YLR417W_ilp41,-0.0
YLR417W_ilp42,-0.0
YLR417W_ilp45,-0.0
YLR417W_ilp46,-0.0
YLR417W_ilp47,-0.0
YLR417W_ilp54,-0.0
YLR417W_ilp55,-0.0
YLR417W_ilp57,0.0
YLR417W_ilp58,0.020021337737834283
YLR417W_ilp63,-0.0
YLR417W_ilp64,-0.0
YLR417W_ilp67,0.0
YLR417W_ilp68,0.0
YLR417W_ilp70,0.0
YLR417W_ilp72,0.0
YLR417W_ilp75,-0.0
YLR417W_ilp79,-0.0
YLR417W_ilp80,0.0015763243870397013
YLR417W_ilp81,0.0
YLR417W_ilp83,0.0
YLR417W_ilp84,0.0
YLR417W_ilp85,-0.0
YLR417W_ilp87,-0.0
YLR417W_ilp88,-0.0
YLR417W_ilp89,0.0
YLR417W_ilp91,-0.0
YLR417W_ilp93,-0.0
YLR417W_ilp94,-0.0
YLR417W_ilp96,0.0
YLR417W_ilp97,-0.0
YLR417W_ilp98,-0.0
YLR417W_ilp99,-0.0
YLR417W_ilp100,-0.0
YLR417W_ilp112,0.0
YLR417W_ilp113,0.0
YLR417W_ilp114,-0.0
YLR417W_ilp115,-0.0
YLR417W_ilp116,0.0
YLR417W_ilp135,-0.0
YLR417W_ilp156,-0.0
YLR417W_ilp450,-0.0
YLR417W_ilp473,0.006159659399782823
YLR056W_ilp19,0.0
YLR056W_ilp20,-0.0
YLR056W_ilp22,0.0
YLR056W_ilp31,0.0
YLR056W_ilp34,0.0
YLR056W_ilp37,0.0
YLR056W_ilp40,-0.0
YLR056W_ilp41,0.0
YLR056W_ilp43,-0.0
YLR056W_ilp44,0.0
YLR056W_ilp47,0.0
YLR056W_ilp50,-0.0
YLR056W_ilp55,-0.0
YLR056W_ilp56,0.0
YLR056W_ilp57,0.0
YLR056W_ilp58,0.0
YLR056W_ilp61,0.0
YLR056W_ilp62,0.0
YLR056W_ilp77,0.0
YLR056W_ilp80,0.0
YLR056W_ilp83,0.0
YLR056W_ilp86,-0.0
YLR056W_ilp88,-0.0
YLR056W_ilp101,-0.0
YLR056W_ilp102,-0.0
YLR056W_ilp122,0.0
YLR056W_ilp150,-0.0
YLR056W_ilp402,0.0
YPL002C_ilp32,-0.0
YPL002C_ilp66,-0.0
YPL002C_ilp76,0.0
YPL002C_ilp82,0.0
YPL002C_ilp93,-0.0
YPL002C_ilp96,-0.0
YPL002C_ilp168,-0.0
YCL008C_ilp21,-0.0
YCL008C_ilp23,-0.0
YCL008C_ilp37,-0.0
YCL008C_ilp53,-0.0
YCL008C_ilp92,-0.0
YCL008C_ilp127,-0.0
YPL084W_ilp10,0.0
YPL084W_ilp23,-0.0
YPL084W_ilp36,-0.0
YPL084W_ilp37,0.0
YPL084W_ilp45,0.0
YPL084W_ilp50,-0.0
YPL084W_ilp53,-0.0
YPL084W_ilp63,-0.0
YPL084W_ilp64,-0.0
YPL084W_ilp67,-0.0
YPL084W_ilp73,-0.0
YPL084W_ilp83,-0.0
YPL084W_ilp85,-0.0
YPL084W_ilp103,0.0
YPL084W_ilp144,0.0
YPL084W_ilp173,0.0
YGR105W_ilp2,-0.0
YGR105W_ilp25,0.0
YGR105W_ilp46,0.0
YGR105W_ilp49,0.0
YGR105W_ilp51,0.0
YGR105W_ilp56,0.0
YGR105W_ilp57,0.0
YGR105W_ilp69,-0.0
YGR105W_ilp73,0.0
YGR105W_ilp74,0.0
YGR105W_ilp80,0.0
YGR105W_ilp86,-0.0
YGR105W_ilp87,0.0
YGR105W_ilp91,0.0
YGR105W_ilp92,0.0
YGR105W_ilp102,0.0
YGR105W_ilp113,0.0
YGR105W_ilp120,-0.0
YGR105W_ilp135,-0.0
YML008C_ilp8,-0.0
YML008C_ilp18,0.0
YML008C_ilp25,0.0
YML008C_ilp37,-0.0
YML008C_ilp45,-0.0
YML008C_ilp61,-0.0
YML008C_ilp90,0.0
YML008C_ilp101,-0.0
YML008C_ilp102,0.0
YML008C_ilp103,-0.0
YML008C_ilp107,-0.0
YML008C_ilp114,0.0
YML008C_ilp124,0.0
YNR006W_ilp61,-0.0
YNR006W_ilp69,0.0
YNR006W_ilp72,-0.0
YNR006W_ilp90,0.0
YNR006W_ilp93,-0.0
YNR006W_ilp136,-0.0
YHR030C_ilp10,-0.0
YHR030C_ilp28,0.0
YHR030C_ilp29,-0.0
YHR030C_ilp34,-0.0
YHR030C_ilp54,0.0
YHR030C_ilp58,-0.0
YHR030C_ilp73,-0.0
YHR030C_ilp74,-0.0
YHR030C_ilp89,-0.0
YHR030C_ilp135,0.0
YMR077C_ilp61,-0.0
YLR337C_ilp46,-0.0
YLR337C_ilp55,-0.0
YLR337C_ilp56,-0.0
YLR337C_ilp65,0.0
YLR337C_ilp69,-0.0
YLR337C_ilp94,-0.0
YKL119C_ilp45,0.0
YKL119C_ilp101,-0.0
YKL119C_ilp584,-0.0
YBR127C_ilp24,0.0
YBR127C_ilp58,-0.0
YBR127C_ilp104,0.0
YML097C_ilp33,0.0
YML097C_ilp35,-0.0
YML097C_ilp91,-0.0
YOR036W_ilp17,-0.0
YOR036W_ilp23,-0.0
YOR036W_ilp41,-0.0
YOR036W_ilp49,-0.0
YOR036W_ilp56,0.0
YOR036W_ilp68,0.0
YOR036W_ilp117,-0.0
YEL027W_ilp53,0.0
YJL095W_ilp24,0.0
YJL095W_ilp29,0.0
YJL095W_ilp40,0.0
YJL095W_ilp43,0.0
YJL095W_ilp88,-0.0
YNR052C_ilp21,-0.0
YNR052C_ilp75,0.0
YNR052C_ilp85,0.0
YNR052C_ilp87,0.0
YNR052C_ilp88,0.0
YNR052C_ilp120,-0.0
YNR052C_ilp123,-0.0
YHR026W_ilp29,0.0
YDR484W_ilp4,0.0
YDR484W_ilp65,-0.0
YDR484W_ilp68,-0.0
YDR484W_ilp85,0.0
YDR484W_ilp117,0.0
YKL212W_ilp65,0.0
YKL212W_ilp81,-0.0
YKL212W_ilp118,-0.0
YMR202W_ilp47,0.0
YMR202W_ilp55,-0.0
YMR202W_ilp93,0.0
YMR202W_ilp94,0.0
YKR001C_ilp49,-0.0
YKR001C_ilp52,0.0
YKR001C_ilp57,0.0
YGL012W_ilp60,-0.0
