,1,2,3,4,5,6,7,8,9,10
YPL045W_ilp1,0.0,0.0,0.0,0.0,0.0017849772648619194,0.0,0.0,0.00013627175590719346,0.0004606378084310323,0.0
YPL045W_ilp2,0.0,0.0,0.0003024249970111994,0.0,0.001440629091035911,0.0,0.0,0.0016395965914791728,0.0014663951115258635,0.0
YPL045W_ilp3,-0.0,-0.0,-0.0,0.0,-0.0,-0.0,0.0,-0.0,-0.0,0.0
YPL045W_ilp4,0.0,0.0,0.0014630925150638451,0.0,0.000534168757167149,0.0018645370701913327,0.0,0.0015780862992441757,0.0007514810027389044,0.0
YPL045W_ilp5,0.0,0.0,0.0,0.0,0.0,0.0,0.0,-0.0,0.0,0.0
YPL045W_ilp6,0.0,0.0,0.0,9.807133407783909e-05,0.0,0.0,0.0,0.0,0.0,0.0
YPL045W_ilp7,0.0,8.081010271156997e-05,0.0,0.0,0.0,0.0,0.0,0.0,0.0,0.0
YPL045W_ilp8,0.0,0.0,-0.0,0.0,-0.0,-0.0,0.0,0.0,0.0,0.0
YPL045W_ilp9,0.0,0.0,0.0,0.0,0.0,0.0,0.0,0.0,0.0,0.0
YPL045W_ilp10,0.0,0.0,0.0,0.0,0.0,0.0,0.0,0.0,0.0,0.0
YPL045W_ilp11,0.0,0.0,0.0,0.0,0.0,0.0,0.0,0.0,0.0,0.0
YPL045W_ilp12,0.0,0.0,0.0,0.0,0.0,0.0,0.0,0.0,0.0,0.0
YPL045W_ilp26,0.0,0.0,0.0,-0.0,-0.0,0.0,0.0,-0.0,-0.0,0.0
YPL045W_ilp27,0.0,0.0,0.0,0.0,-0.0,0.0,-0.0,-0.0,-0.0,0.0
YPL045W_ilp29,0.0,0.0,0.0,0.0,0.0,0.0,0.0,0.0,0.0,0.0
YPL045W_ilp30,0.0,0.0,0.0,0.0,0.0,0.0,0.0,0.0,0.0,0.0
YPL045W_ilp31,-0.0,-0.0,-0.0,-0.0,-0.0,-0.0,-0.0,-0.0,-0.0,-0.0
YPL045W_ilp32,0.0,0.0,0.0026868052745313504,0.0,0.003552309622752246,0.0,0.0,0.0008377473175539315,0.0,0.0
YPL045W_ilp34,-0.0,0.0,-0.0,0.0,-0.0,0.0,0.0,-0.0,-0.0,0.0
YPL045W_ilp36,0.0,0.0,-0.0,0.0,0.0,0.0,0.0,-0.0,0.0,0.0
YPL045W_ilp42,-0.0,-0.0,-0.0,-0.0,-0.0,-0.0,-0.0,-0.0,-0.001586035795572035,-0.0
YPL045W_ilp44,0.0,0.0,0.0,0.0,0.0,0.0,0.0,0.0,0.0,0.0
YPL045W_ilp45,0.0,0.0,0.0,0.0,0.0,0.0,0.0,0.0,0.0,0.0
YPL045W_ilp46,0.0,0.0,0.0,0.0,0.0,0.0,0.0,0.0,0.0,0.0
YPL045W_ilp48,-0.0,-0.0,-0.0,-0.0,-0.0,-0.0,-0.0,-0.0,-0.0,-0.0
YPL045W_ilp49,0.0,-0.0,-0.0,0.0,-0.0,-0.0,0.0,-0.0,0.0,0.0
YPL045W_ilp51,-0.0,-0.0,-0.0,-0.0,-0.0,-0.0,-0.0,-0.0,-0.0,-0.0
YPL045W_ilp52,-0.0,-0.0,-0.0,-0.0,-0.0,-0.0,-0.0,-0.0,-0.0,-0.0
YPL045W_ilp53,-0.0,-0.0,-0.0,-0.0,-0.0,-0.0,-0.0,-0.0,-0.0,-0.0
YPL045W_ilp54,0.0,0.0,0.0,0.0,0.0,0.0,0.0,0.0,0.0,0.0
YPL045W_ilp55,0.0,-0.0,-0.0,0.0,-0.0,-0.0,0.0,-0.0,-0.0,0.0
YPL045W_ilp57,0.0,0.0,0.0,0.0,0.0,0.0,0.0,0.0,0.0,0.0
YPL045W_ilp58,-0.0,-0.0,-0.0,0.0,-0.0,-0.0,-0.0,-0.0,-0.0,0.0
YPL045W_ilp59,0.0,0.0,0.0,0.0,0.0,0.0,0.0,0.0,0.0,0.0
YPL045W_ilp60,0.0,0.0,0.0,0.0,0.0,0.0,0.0,0.0,0.0,0.0
YPL045W_ilp61,0.0,0.0,0.0,0.0,-0.0,0.0,0.0,0.0,0.0,0.0
YPL045W_ilp62,0.0,0.0,0.0,0.0,0.0,-0.0,0.0,-0.0,-0.0,0.0
YPL045W_ilp63,0.0,0.0,0.0,0.0,0.0,0.0,0.0,0.0,0.0,0.0
YPL045W_ilp64,-0.0,-0.0,-0.0,-0.0,-0.0,-0.0,-0.0,-0.0,-0.0,-0.0
YPL045W_ilp65,-0.0,0.0,-0.0,0.0,-0.0,-0.0,0.0,0.0,-0.0,0.0
YPL045W_ilp66,0.0,-0.0,-0.0,0.0,-0.0,-0.0,-0.0,-0.0,-0.0,0.0
YPL045W_ilp67,0.0,0.0,0.0,0.0,0.0,0.0,0.0,0.0,0.0,0.0
YPL045W_ilp68,0.0,-0.0,-0.0,-0.0,-0.0,-0.0,-0.0,-0.0,-0.0,-0.0
YPL045W_ilp69,-0.0,-0.0,-0.0,-0.0,-0.0,-0.0,-0.0,-0.0,-0.0,-0.0
YPL045W_ilp70,0.0,0.0,-0.0,0.0,0.0,0.0,0.0,0.0,0.0,0.0
YPL045W_ilp71,0.0,-0.0,-0.0,0.0,-0.0,0.0,-0.0,-0.0,-0.0,-0.0
YPL045W_ilp72,0.0,0.0,0.0,0.0,0.0,8.257793622427187e-05,0.0,0.0009092163259664096,0.0,0.0
YPL045W_ilp73,0.0,0.0,0.0,0.0,0.0,0.0,0.0,0.0,0.0,0.0
YPL045W_ilp74,0.0,0.0,0.0,0.0,0.0,0.0,0.0,0.0,0.0,0.0
YPL045W_ilp76,0.0,0.0,0.0,0.0,0.0,0.0,0.0,0.0,-0.0,0.0
YPL045W_ilp77,-0.0,-0.0,-0.0,-0.0,-0.0,-0.0,-0.0,-0.0,-0.0,-0.0
YPL045W_ilp78,0.0,0.0,-0.0,0.0,0.0,-0.0,0.0,-0.0,0.0,0.0
YPL045W_ilp79,0.0,0.0,-0.0,0.0,0.0,-0.0,0.0,-0.0,-0.0,0.0
YPL045W_ilp80,0.0,0.0,0.0,0.0,0.0,0.0,0.0,0.0,0.0,0.0
YPL045W_ilp81,0.0,0.0,0.0,0.0,0.0,0.0,0.0,0.0,0.0,0.0
YPL045W_ilp82,0.0,0.0,0.0,0.0,0.0,0.0,0.0,0.0,0.0,0.0
YPL045W_ilp83,-0.0,-0.0,-0.0,-0.0,-0.0,-0.0,-0.0,-0.0,-0.0,-0.0
YPL045W_ilp84,-0.0,-0.0,-0.0,-0.0,-0.0,-0.0,-0.0,-0.0,-0.0,-0.0
YPL045W_ilp85,-0.0,0.0,0.0,0.0,0.0,0.0,0.0,-0.0,0.0,0.0
YPL045W_ilp87,0.0,0.0,0.0,0.0,0.0008072952964141262,0.0,0.0,0.002320521385353786,0.00020137796102390548,0.0
YPL045W_ilp88,0.0,0.0,0.0,0.0,0.0,0.0,0.0,0.0,0.0,0.0
YPL045W_ilp89,-0.0,0.0,-0.0,-0.0,-0.0,-0.0,-0.0,-0.0,-0.0,0.0
YPL045W_ilp90,0.0,0.0,0.0,0.0,0.0,0.0,0.0,0.0,0.0,0.0
YPL045W_ilp91,0.0,-0.0,-0.0,0.0,-0.0,-0.0,0.0,-0.0,-0.0,0.0
YPL045W_ilp92,0.0,0.0,-0.0,0.0,0.0,-0.0,0.0,0.0,0.0,0.0
YPL045W_ilp93,0.0,0.0,0.0,0.0,0.0,0.0,0.0,0.0,-0.0,0.0
YPL045W_ilp94,-0.0,-0.0,-0.002549343977679021,-0.0,-0.0014357496268189583,-0.0007834417154644929,-0.0,-0.0032334347283387746,-0.003437150255812405,-0.0
YPL045W_ilp95,0.0,0.001824539318981636,0.0023719655671366594,0.0013874207991351238,0.0033855237231305586,0.004065086084694956,0.0,0.003608276658834887,0.0036593261910977627,0.0
YPL045W_ilp96,-0.0,-0.0,-0.0,-0.0,-0.0,-0.0,-0.0,-0.0,-0.0,-0.0
YPL045W_ilp97,-0.0,0.0,0.0,0.0,0.0,0.0,0.0,0.0,0.0,0.0
YPL045W_ilp98,0.0,0.0,0.0,0.0,0.0,0.0,-0.0,0.0,0.0,0.0
YPL045W_ilp99,0.0,0.0,0.0,0.0007698377749089676,0.0011469823183097463,0.0019454586328999954,0.0,0.0014433151776824297,0.0023896154227792538,0.0
YPL045W_ilp100,-0.0,0.0,0.0,0.0,0.0,0.0,0.0,0.0,0.0,0.0
YPL045W_ilp101,0.0,0.0,0.005669954438748497,0.0,0.005402222687307158,0.007236191899522672,0.0,0.006690740568918766,0.005607929807919136,0.0
YPL045W_ilp102,-0.0,-0.0,-0.0,-0.0,-0.0,-0.0,-0.0,-0.0,-0.0,-0.0
YPL045W_ilp103,0.0,0.0,-0.0,0.0,0.0,0.0,0.0,-0.0,0.0,0.0
YPL045W_ilp104,0.0,0.0,0.0,0.0,0.0,0.0,0.0,0.0,0.0,0.0
YPL045W_ilp105,-0.0,-0.0,-0.0,-0.0,-0.0,-0.0,-0.0,-0.0,-0.0,-0.0
YPL045W_ilp106,0.0,0.0,-0.0,0.0,-0.0,-0.0,0.0,0.0,0.0,0.0
YPL045W_ilp117,0.0,0.0,0.0,0.0,0.0,0.0,0.0,0.0,0.0,0.0
YPL045W_ilp118,0.0,0.0,-0.0,0.0,-0.0,-0.0,0.0,-0.0,-0.0,0.0
YPL045W_ilp131,-0.0,0.0,0.0,0.0,0.0,0.0,0.0,0.0,0.0,0.0
YPL045W_ilp144,0.0,0.0,0.0,0.0,-0.0,0.0,0.0,-0.0,-0.0,0.0
YPL045W_ilp146,-0.0,0.0,-0.0,0.0,-0.0,-0.0,0.0,-0.0,-0.0,0.0
YPL045W_ilp149,0.0,0.0,-0.0,-0.0,-0.0,-0.0,0.0,-0.0,0.0,-0.0
YPL045W_ilp154,0.0,0.0,0.0,0.0,-0.0,0.0,0.0,0.0,-0.0,-0.0
YPL045W_ilp156,-0.0,-0.0,-0.0,-0.0,-0.0,-0.0,-0.0,-0.0,-0.0,-0.0
YPL045W_ilp157,0.0,0.0,0.0,0.0,0.0,0.0,0.0,0.0,0.0,0.0
YPL045W_ilp158,-0.0,-0.0,-0.0,-0.0,0.0,-0.0,0.0,-0.0,-0.0,-0.0
YPL045W_ilp159,0.0,0.0,0.0,0.0,0.0,0.0,0.0,0.0,0.0,0.0
YPL045W_ilp160,0.0,0.0,0.0,0.0,0.0,0.0,0.0,0.0,0.0,0.0
YPL045W_ilp174,0.0,-0.0,-0.0,0.0,-0.0,-0.0,-0.0,-0.0,-0.0,0.0
YPL045W_ilp175,0.0,0.0,0.04332481265912856,0.0,0.04236586991027395,0.03684555951194879,0.0,0.04858279300592147,0.04268594240592462,0.0
YPL045W_ilp176,-0.0,-0.0,-0.0,0.0,0.0,-0.0,-0.0,-0.0,-0.0,-0.0
YPL045W_ilp190,0.0,0.0,0.0,0.0,0.0,0.0,0.0,0.0,0.0,0.0
YPL045W_ilp191,0.0,0.0,0.0,0.0,0.0,0.0,0.0,0.0,0.0,0.0
YPL045W_ilp192,-0.0,0.0,0.0,0.0,0.0,0.0,0.0,0.0,0.0,0.0
YPL045W_ilp193,-0.0,-0.0,-0.0,-0.0,-0.0,-0.0,-0.0,-0.0,-0.0,-0.0
YPL045W_ilp194,-0.0,-0.0,-0.0,-0.0,-0.0,-0.0,-0.0,-0.0,-0.0,-0.0
YPL045W_ilp195,0.0,0.0,0.0,0.0,0.0,0.0,0.0,0.002653568303825577,0.0,0.0
YPL045W_ilp209,0.0,0.0,0.0,0.0,0.0,0.0,0.0,0.0,0.0,0.0
YPL045W_ilp211,0.0,0.0,0.0,0.0,0.0,0.0,0.0,0.0,0.0,0.0
YPL045W_ilp215,-0.0,-0.0,-0.0,-0.0,-0.0,-0.0,-0.0,-0.0,-0.0,-0.0
YPL045W_ilp228,-0.0,0.0,0.0,0.0,-0.0,-0.0,0.0,-0.0,-0.0,0.0
YPL045W_ilp231,0.0,0.0,0.0,0.0,0.0,0.0,0.0,0.0,0.0,0.0
YPL045W_ilp240,0.0,0.0,0.0,0.0,-0.0,0.0,0.0,0.0,-0.0,-0.0
YPL045W_ilp241,0.0,0.0,0.0,0.0,0.0,0.0,0.0,0.0,0.0,0.0
YPL045W_ilp250,0.0,0.0,0.002968413483083436,0.0,0.009416281283829847,0.005836562224964656,0.0,0.005392137622859138,0.005565154272800654,0.0
YPL045W_ilp361,-0.0,-0.0,-0.0,-0.0,-0.0,-0.0,-0.0,-0.0,-0.0016700627795363068,-0.0
YPL045W_ilp367,-0.0,-0.0,-0.002908821489042767,-0.0,-0.0036527246144363625,-0.003070775195860005,-0.0,-0.004402482543834616,-0.00028733134622821395,-0.0
YPL045W_ilp381,0.0,-0.0,-0.0,-0.0,-0.0,-0.0,0.0,-0.0,-0.0,0.0
YPL045W_ilp382,-0.0,-0.0,-0.0005092293468157892,-0.0,-0.0,-0.0,-0.0,-0.0,-0.00011030978052974547,-0.0
YPL045W_ilp395,0.0,0.0,0.0,0.0,0.0,-0.0,0.0,0.0,0.0,0.0
YPL045W_ilp415,0.0,0.0,-0.0,0.0,0.0,0.0,0.0,-0.0,0.0,0.0
YPL045W_ilp419,0.0,0.0,0.0,0.0,-0.0,0.0,0.0,-0.0,0.0,0.0
YPL045W_ilp420,0.0,0.0,0.0,0.0,0.0,0.0,0.0,0.0,0.0,0.0
YPL045W_ilp423,0.0,0.0,2.83807678262185e-05,0.0,0.0,0.0,0.0,0.0,0.0,0.0
YPL045W_ilp425,-0.0,-0.0,-0.0,-0.0,-0.0,-0.0,-0.0,-0.0,-0.0,-0.0
YPL045W_ilp719,-0.0,-0.0,-0.0,-0.0,-0.0,-0.0,-0.0,-0.0,-0.0,-0.0
YLR417W_ilp5,0.0,0.0,-0.0,0.0,-0.0,-0.0,0.0,-0.0,-0.0,0.0
YLR417W_ilp7,0.0014034740144169178,0.005500261094704698,0.007392487619958753,0.006290482835023271,0.009438520640183431,0.006663311459343716,0.0,0.007162569869820782,0.008170615861948404,0.0
YLR417W_ilp13,0.0,-0.0,-0.0,0.0,-0.0,-0.0,0.0,-0.0,-0.0,0.0
YLR417W_ilp14,0.0,0.0,0.0,0.0,-0.0,-0.0,0.0,-0.0,-0.0,0.0
YLR417W_ilp27,-0.0,-0.0,-0.0,-0.0,-0.0,-0.0,-0.0,-0.0,-0.0,-0.0
YLR417W_ilp34,0.0,0.0,0.0,0.0,0.0,0.0,0.0,0.0,0.0,0.0
YLR417W_ilp39,0.0,0.0,0.0,0.0,0.0,0.0,0.0,0.0,0.0,0.0
YLR417W_ilp40,-0.0,0.0,0.0,-0.0,-0.0,-0.0,-0.0,-0.0,-0.0,0.0
YLR417W_ilp47,-0.0,-0.0,-0.0,-0.0,-0.0,-0.0,-0.0,-0.0,-0.0,0.0
YLR417W_ilp48,0.0,0.0,0.0,0.0,0.0,0.0,0.0,0.0,0.0,0.0
YLR417W_ilp51,-0.0,-0.0,-0.0,-0.0,-0.0,-0.0,-0.0,-0.0,-0.0,-0.0
YLR417W_ilp52,0.0,0.0,-0.0,0.0,0.0,-0.0,0.0,-0.0,-0.0,0.0
YLR417W_ilp53,-0.0,-0.0,-0.0,-0.0,-0.0,-0.0,-0.0,-0.0,-0.0,-0.0
YLR417W_ilp60,-0.0,-0.0,-0.0,-0.0,-0.0,-0.0,-0.0,-0.0,-0.0,-0.0
YLR417W_ilp61,-0.0,-0.0,-0.0,0.0,-0.0,-0.0,0.0,-0.0,-0.0,0.0
YLR417W_ilp63,-0.0,-0.0,-0.0,-0.0,-0.0,-0.0,-0.0,-0.0,-0.0,-0.0
YLR417W_ilp64,-0.0,-0.0,-0.0,0.0,-0.0,0.0,0.0,-0.0,-0.0,0.0
YLR417W_ilp69,-0.0,-0.0,-0.0,-0.0,-0.0,-0.0,0.0,-0.0,-0.0,0.0
YLR417W_ilp70,0.0,-0.0,-0.0,0.0,-0.0,-0.0,0.0,-0.0,-0.0,0.0
YLR417W_ilp73,0.0,0.0,-0.0,0.0,0.0,0.0,0.0,0.0,0.0,-0.0
YLR417W_ilp74,0.0,0.0,0.0,0.0,0.0,0.0,0.0,0.0,0.0,0.0
YLR417W_ilp76,0.0,0.0,-0.0,-0.0,-0.0,-0.0,0.0,-0.0,-0.0,-0.0
YLR417W_ilp78,-0.0,-0.0,-0.0,-0.0,-0.0,-0.0,-0.0,-0.0,-0.0,0.0
YLR417W_ilp81,-0.0,0.0,-0.0,0.0,-0.0,-0.0,0.0,-0.0,-0.0,0.0
YLR417W_ilp85,0.0,-0.0,-0.0,-0.0,-0.0,-0.0,-0.0,-0.0,-0.0,-0.0
YLR417W_ilp86,0.0,0.0,0.0,0.0,0.0,0.0,0.0,0.0,0.0,0.0
YLR417W_ilp87,-0.0,-0.0,-0.0,-0.0,-0.0,-0.0,-0.0,-0.0,-0.0,-0.0
YLR417W_ilp89,0.0,0.0,0.0,0.0,-0.0,0.0,0.0,0.0,-0.0,0.0
YLR417W_ilp90,0.0,0.0,0.0,0.0,0.0,0.0,0.0,0.0,0.0,-0.0
YLR417W_ilp91,-0.0,-0.0,-0.0,-0.0,-0.0,-0.0,-0.0,-0.0,-0.0,-0.0
YLR417W_ilp93,-0.0,0.0,-0.0,-0.0,-0.0,0.0,0.0,-0.0,0.0,0.0
YLR417W_ilp94,0.0,0.0,0.0,0.0,0.0,0.0,0.0,0.0,0.0,0.0
YLR417W_ilp95,0.0,0.0,0.0,0.0,0.0,0.0,0.0,0.0,-0.0,0.0
YLR417W_ilp97,-0.0,0.0,-0.0,0.0,-0.0,-0.0,0.0,-0.0,-0.0,0.0
YLR417W_ilp99,0.0,0.0,0.0,0.0,-0.0,0.0,0.0,-0.0,-0.0,0.0
YLR417W_ilp100,0.0,0.0,0.0,0.0,0.0,0.0,0.0,0.0,0.0,0.0
YLR417W_ilp102,0.0,0.0,0.0,0.0,0.0,0.0,0.0,0.0,0.0007208491648505136,0.0
YLR417W_ilp103,0.0,0.0,0.0,0.0,0.0,0.0,0.0,0.0,0.0,0.0
YLR417W_ilp104,-0.0,-0.0,-0.0,-0.0,-0.0,-0.0,-0.0,-0.0,-0.0,-0.0
YLR417W_ilp105,0.0,0.0,-0.0,0.0,0.0,0.0,0.0,0.0,0.0,0.0
YLR417W_ilp106,-0.0,-0.0,-0.0,-0.0,-0.0,-0.0,-0.0,-0.0,-0.0,-0.0
YLR417W_ilp120,0.0,0.0,0.0,0.0,0.0,0.0,0.0,0.0,0.0,0.0
YLR417W_ilp121,0.0,0.0,0.0,-0.0,0.0,-0.0,0.0,0.0,0.0,0.0
YLR417W_ilp122,0.0,-0.0,-0.0,-0.0,-0.0,-0.0,0.0,-0.0,-0.0,-0.0
YLR417W_ilp123,0.0,0.0,0.0,0.0,-0.0,-0.0,-0.0,0.0,-0.0,0.0
YLR417W_ilp124,-0.0,-0.0,-0.0,-0.0,-0.0,-0.0,-0.0,-0.0,-0.0,-0.0
YLR417W_ilp146,-0.0,-0.0,-0.0,-0.0,-0.0,-0.0,-0.0,-0.0,-0.0,-0.0
YLR417W_ilp198,0.0,0.0,0.0,0.0,0.0,0.0,0.0,0.0,0.0,0.0
YLR417W_ilp518,0.0,0.0,-0.0,0.0,0.0,0.0,0.0,0.0,0.0,-0.0
YLR417W_ilp520,0.0,0.0,0.0,0.0,0.0,0.0,0.0,0.0,0.0,0.0
YLR417W_ilp548,-0.0,-0.0,-0.0,0.0,-0.0,0.0,0.0,-0.0,-0.0,0.0
YLR056W_ilp3,-0.0,-0.0,-0.0,0.0,-0.0,-0.0,-0.0,-0.0,-0.0,0.0
YLR056W_ilp10,0.0,0.0,0.0,0.0,0.0,0.0,0.0,0.0,0.0,0.0
YLR056W_ilp11,0.0,0.0,0.0,0.0,0.0,0.0,0.0,0.0,0.0,0.0
YLR056W_ilp23,0.0,0.0,0.0,0.0,0.0,0.0,0.0,0.0,0.0,0.0
YLR056W_ilp24,0.0,0.0,0.0,0.0,0.0,0.0,0.0,0.0,0.0,0.0
YLR056W_ilp25,0.0,0.0,0.0,0.0,-0.0,0.0,0.0,0.0,0.0,0.0
YLR056W_ilp26,0.0,0.0,-0.0,0.0,0.0,-0.0,0.0,0.0,-0.0,0.0
YLR056W_ilp28,0.0,0.0,0.0,0.0,0.0,0.0,0.0,0.0,0.0,-0.0
YLR056W_ilp37,-0.0,-0.0,-0.0,-0.0,-0.0,0.0,-0.0,-0.0,-0.0,-0.0
YLR056W_ilp40,0.0,0.0,-0.0,0.0,0.0,0.0,0.0,0.0,0.0,0.0
YLR056W_ilp43,-0.0,-0.0,-0.0,-0.0,-0.0,-0.0,-0.0,-0.0,-0.0,-0.0
YLR056W_ilp46,0.0,0.0,0.0,0.0,0.0,0.0,0.0,0.0,0.0,0.0
YLR056W_ilp47,0.0,0.0,0.0014176156109035614,0.0,0.0015979371711055239,0.0001539406909418446,0.0,0.0026585668622532963,0.0022021090789243873,0.0
YLR056W_ilp49,0.0,0.0,0.0,0.0,0.0,0.0,0.0,0.0,0.0,0.0
YLR056W_ilp50,0.0,0.0,0.0,0.0,0.0,0.0,0.0,0.0,0.0,0.0
YLR056W_ilp53,-0.0,-0.0,-0.0,-0.0,-0.0,-0.0,-0.0,-0.0,-0.0,-0.0
YLR056W_ilp56,0.0,-0.0,-0.0,0.0,-0.0,-0.0,0.0,-0.0,-0.0,-0.0
YLR056W_ilp61,-0.0,0.0,0.0,0.0,-0.0,-0.0,0.0,-0.0,-0.0,0.0
YLR056W_ilp62,-0.0,-0.0,-0.0,-0.0,-0.0,-0.0,-0.0,-0.0,-0.0,-0.0
YLR056W_ilp63,-0.0,-0.0,-0.0,-0.0,-0.0,-0.0,-0.0,-0.0,-0.0,0.0
YLR056W_ilp64,-0.0,-0.0,-0.0,-0.0,-0.0,-0.0,-0.0,0.0,-0.0,-0.0
YLR056W_ilp67,0.0,0.0,0.0,0.0,0.0,0.0,0.0,0.0,0.0,0.0
YLR056W_ilp68,-0.0,-0.0,0.0,0.0,-0.0,0.0,0.0,0.0,0.0,0.0
YLR056W_ilp83,0.0,0.0,-0.0,-0.0,-0.0,-0.0,0.0,-0.0,0.0,0.0
YLR056W_ilp86,0.0,0.0,0.0,0.0,0.0,0.0,0.0,0.0,0.0,0.0
YLR056W_ilp89,0.0,-0.0,-0.0,0.0,-0.0,-0.0,0.0,-0.0,-0.0,0.0
YLR056W_ilp92,-0.0,-0.0,-0.0,-0.0,-0.0,-0.0,-0.0,-0.0,-0.0,-0.0
YLR056W_ilp94,0.0,0.0,0.0,0.0,0.0,-0.0,0.0,0.0,0.0,0.0
YLR056W_ilp108,0.0,0.0,0.0,0.0,0.0,0.0,0.0,0.0,0.0,0.0
YLR056W_ilp109,0.0,0.0,0.0,0.0,0.0,0.0,0.0,0.0,0.0,0.0
YLR056W_ilp110,0.0,-0.0,-0.0,-0.0,-0.0,-0.0,-0.0,-0.0,-0.0,0.0
YLR056W_ilp111,-0.0,-0.0,-0.0,-0.0,-0.0,-0.0,-0.0,-0.0,-0.0,-0.0
YLR056W_ilp121,0.0,0.0,0.0,0.0,0.0,-0.0,0.0,0.0,0.0,0.0
YLR056W_ilp132,0.0,0.0,0.0,-0.0,0.0,0.0,0.0,0.0,0.0,0.0
YLR056W_ilp134,0.0,0.0,0.0,0.0,0.0,0.0,0.0,0.0,0.0,0.0
YLR056W_ilp147,0.0,0.0,0.0,0.0,0.0,0.0,0.0,0.0,0.0,0.0
YLR056W_ilp160,0.0,0.0,0.0,0.0,-0.0,-0.0,0.0,-0.0,-0.0,0.0
YLR056W_ilp166,0.0,0.0,0.0,0.0,0.0,0.0,0.0,0.0,0.0,0.0
YLR056W_ilp456,-0.0,0.0,0.0,0.0,-0.0,-0.0,0.0,-0.0,-0.0,0.0
YLR056W_ilp462,0.0,0.0,-0.0,0.0,0.0,-0.0,0.0,0.0,0.0,0.0
YLR056W_ilp463,0.0,0.0,-0.0,0.0,0.0,-0.0,0.0,0.0,-0.0,0.0
YLR056W_ilp464,0.0,0.0,-0.0,-0.0,-0.0,-0.0,0.0,-0.0,0.0,0.0
YLR056W_ilp673,0.0,0.0,0.0,0.0,0.0,0.0,0.0,0.0,0.0,0.0
YLR056W_ilp815,0.0,0.0,0.0,0.0,0.0,0.0,0.0,0.0,0.0,0.0
YLR056W_ilp827,0.0,0.0,0.0,0.0,0.0,0.0,0.0,0.0,0.0,0.0
YLR056W_ilp849,0.0,0.0,0.0,0.0,0.0,-0.0,0.0,0.0,0.0,0.0
YLR056W_ilp886,0.0,0.0,0.0,0.0,0.0,0.0,0.0,0.0,-0.0,0.0
YLR056W_ilp928,0.0,0.0,0.0,0.0,0.0,0.0,0.0,0.0,0.0,0.0
YLR056W_ilp953,0.0,0.0,0.0,0.0,-0.0,-0.0,0.0,-0.0,-0.0,0.0
YLR056W_ilp1181,0.0,0.0,0.0,0.0,0.0,0.0,0.0,0.0,0.0,0.0
YLR056W_ilp1222,0.0,0.0,0.0,0.0,-0.0,0.0,-0.0,-0.0,-0.0,0.0
YLR056W_ilp1406,0.0,0.0,0.0,0.0,0.0,0.0,0.0,0.0,0.0,0.0
YCL008C_ilp26,-0.0,0.0,-0.0,0.0,-0.0,-0.0,0.0,-0.0,-0.0,0.0
YCL008C_ilp28,0.0,0.0,0.0,0.0,0.0,0.0,0.0,0.0,0.0,0.0
YCL008C_ilp32,-0.0,-0.0,-0.0,-0.0,-0.0,-0.0,-0.0,-0.0,-0.0,-0.0
YCL008C_ilp36,0.0,0.0,0.0,0.0,0.0,0.0,0.0,0.0,0.0,0.0
YCL008C_ilp42,0.0,0.0,-0.0,-0.0,-0.0,-0.0,0.0,-0.0,-0.0,0.0
YCL008C_ilp59,-0.0,0.0,0.0,0.0,-0.0,0.0,0.0,-0.0,-0.0,0.0
YCL008C_ilp98,-0.0,-0.0,-0.0,-0.0,-0.0,-0.0,-0.0,-0.0,-4.959295929140049e-06,-0.0
YCL008C_ilp140,-0.0,-0.0,-0.0,-0.0,-0.0,-0.0,-0.0,-0.0,-0.0,-0.0
YCL008C_ilp157,-0.0,-0.0,-0.0,-0.0,-0.0,-0.0,-0.0,-0.0,-0.0,-0.0
YCL008C_ilp174,-0.0,-0.0,-0.0,0.0,-0.0,0.0,0.0,-0.0,-0.0,0.0
YCL008C_ilp175,0.0,0.0,0.0,0.0,0.0,0.0,0.0,0.0,0.0,0.0
YCL008C_ilp181,-0.0,0.0,0.0,0.0,-0.0,0.0,0.0,0.0,-0.0,0.0
YCL008C_ilp183,0.0,-0.0,-0.0,-0.0,-0.0,-0.0,0.0,-0.0,-0.0,0.0
YCL008C_ilp184,-0.0,-0.0,0.0,0.0,-0.0,0.0,0.0,-0.0,-0.0,0.0
YPL002C_ilp36,0.0,0.0,0.0,0.0,0.0,0.0,0.0,0.0,0.0,0.0
YPL002C_ilp80,0.0,0.0,0.0,0.0,0.0,0.0,0.0,0.0,0.0,0.0
YPL002C_ilp97,0.0,-0.0,0.0,-0.0,-0.0,-0.0,0.0,-0.0,-0.0,-0.0
YPL002C_ilp100,0.0,0.0,0.0,0.0,0.0,0.0,0.0,0.0,0.0,0.0
YPL002C_ilp167,0.0,0.0,0.0,0.0,0.0,0.0,0.0,0.0,0.0,0.0
YPL002C_ilp202,0.0,0.0,-0.0,0.0,0.0,0.0,0.0,0.0,0.0,0.0
YPL002C_ilp2390,0.0,0.0,0.0,0.0,0.0,0.0,0.0,0.0,0.0,0.0
YPL084W_ilp27,-0.0,0.0,0.0,0.0,-0.0,0.0,0.0,0.0,-0.0,0.0
YPL084W_ilp40,-0.0,0.0,0.0,0.0,0.0,0.0,0.0,0.0,0.0,0.0
YPL084W_ilp41,-0.0,-0.0,-0.0,-0.0,-0.0,-0.0,-0.0,-0.0,-0.0,-0.0
YPL084W_ilp49,-0.0,0.0,0.0,-0.0,0.0,-0.0,-0.0,-0.0,0.0,0.0
YPL084W_ilp54,0.0,0.0,0.0,0.0,0.0,0.0,0.0,0.0,0.0,0.0
YPL084W_ilp57,-0.0,-0.0,-0.0,-0.0,-0.0,-0.0,-0.0,-0.0,-0.0,-0.0
YPL084W_ilp67,0.0,0.0,-0.0,0.0,0.0,-0.0,0.0,0.0,-0.0,0.0
YPL084W_ilp68,0.0,0.0,0.0,0.0,0.0,0.0,0.0,0.0,0.0,0.0
YPL084W_ilp71,0.0,0.0,0.0,0.0,0.0,0.0,0.0,0.0,0.0,0.0
YPL084W_ilp77,-0.0,-0.0,-0.0,-0.0,-0.0,-0.0,-0.0,-0.0,-0.0,-0.0
YPL084W_ilp87,0.0,0.0,0.0,0.0,0.0,0.0,0.0,0.0,0.0,0.0
YPL084W_ilp89,-0.0,-0.0,-0.0,-0.0,-0.0,-0.0,-0.0,-0.0,-0.0,-0.0
YPL084W_ilp110,-0.0,-0.0,-0.0,-0.0,-0.0,-0.0,-0.0,-0.002624945914908842,-0.0,-0.0
YPL084W_ilp155,0.0,0.0,0.0,0.0,0.0,0.0,0.0,0.0,0.0,0.0
YPL084W_ilp156,0.0,0.0,0.0,0.0,0.0,-0.0,0.0,0.0,0.0,0.0
YPL084W_ilp157,-0.0,-0.0,-0.0,-0.0,-0.0,-0.0,-0.0,-0.0,-0.0,0.0
YPL084W_ilp170,0.0,0.0,0.0,0.0,0.0,0.0,0.0,0.0,0.0,0.0
YPL084W_ilp201,0.0,0.0,0.0,0.0,0.0,0.0,0.0,0.0,0.0,0.0
YGR105W_ilp28,0.0,0.0,-0.0,0.0,0.0,0.0,0.0,-0.0,0.0,0.0
YGR105W_ilp49,-0.0,-0.0,-0.0,-0.0,-0.0,-0.0,-0.0,-0.0,-0.0,-0.0
YGR105W_ilp52,0.0,0.0,-0.0,0.0,0.0,0.0,0.0,0.0,0.0,0.0
YGR105W_ilp54,-0.0,-0.0,-0.0,-0.0,-0.0,-0.0,-0.0,-0.0,-0.0,-0.0
YGR105W_ilp59,0.0,-0.0,-0.0,-0.0,-0.0,-0.0,-0.0,-0.0,-0.0,-0.0
YGR105W_ilp60,-0.0,0.0,0.0,0.0,0.0,0.0,0.0,0.0,0.0,0.0
YGR105W_ilp72,0.0,0.0,0.0,0.0,0.0,0.0,0.0,0.0,0.0,0.0
YGR105W_ilp76,-0.0,-0.0,-0.0,-0.0,-0.0,-0.0,-0.0,-0.0,-0.0,-0.0
YGR105W_ilp77,0.0,-0.0,0.0,0.0,-0.0,-0.0,0.0,0.0,0.0,-0.0
YGR105W_ilp83,0.0,0.0,0.0,0.0,0.0,-0.0,0.0,0.0,0.0,0.0
YGR105W_ilp89,0.0,0.0,0.0,0.0,0.0,0.0,0.0,0.0,0.0,0.0
YGR105W_ilp90,0.0,0.0,-0.0,0.0,0.0,0.0,0.0,0.0,0.0,0.0
YGR105W_ilp94,0.0,0.0,0.0,0.0,0.0,0.0,0.0,0.0,0.0,-0.0
YGR105W_ilp95,0.0,0.0,0.0,0.0,0.0,0.0,0.0,0.0,0.0,0.0
YGR105W_ilp107,0.0,0.0,0.0,0.0,0.0,0.0,0.0,0.0,0.0,0.0
YGR105W_ilp120,0.0,0.0,0.0,0.0,0.0,-0.0,-0.0,-0.0,-0.0,0.0
YGR105W_ilp129,-0.0,-0.0,-0.0,-0.0,-0.0,-0.0,-0.0,-0.0,-0.0,-0.0
YGR105W_ilp130,0.0,0.0,0.0,0.0,0.0,0.0,0.0,0.0,0.0,0.0
YGR105W_ilp142,0.0,0.0,0.0,0.0,0.0,0.0,-0.0,0.0,0.0,0.0
YGR105W_ilp779,0.0,0.0001346300052039029,0.0018352794965991249,0.0,0.0008943034641045657,0.0010532244858971855,0.0,0.0013998123445308603,0.0006163071293059314,0.0
YKL119C_ilp8,0.0,-0.0,-0.0,-0.0,-0.0,-0.0,0.0,-0.0,-0.0,-0.0
YKL119C_ilp46,-0.0,-0.0,-0.0,-0.0,-0.0,-0.0,-0.0,-0.0,-0.0,-0.0
YKL119C_ilp53,0.0,0.0,0.0,0.0,0.0,0.0,0.0,0.0,0.0,0.0
YKL119C_ilp69,0.0,0.0,0.0,0.0,0.0,0.0,0.0,0.0,0.0,0.0
YKL119C_ilp92,0.0,0.0,0.0,0.0,0.0,0.0,0.0,0.0,0.0,0.0
YKL119C_ilp104,0.003786643559049036,0.0010045478672456737,0.008372239417964486,0.0021960059467075197,0.006380206291601945,0.0064265687448805155,0.0,0.005395250143338084,0.009545993683391048,0.0
YKL119C_ilp168,0.0,0.0,0.0,0.0,0.0,0.0,0.0,0.0,0.0,0.0
YKL119C_ilp671,0.0,0.0,0.0,0.0,0.0,0.0,0.0,0.0,0.0,0.0
YNR006W_ilp63,0.0,0.0,-0.0,0.0,0.0,0.0,0.0,0.0,0.0,0.0
YNR006W_ilp71,-0.0,-0.0,-0.0,-0.0,-0.0,-0.0,-0.0,-0.0,-0.0,-0.0
YNR006W_ilp74,-0.0,-0.0,-0.0,-0.0,-0.0,-0.0,-0.0,-0.0,-0.0,-0.0
YNR006W_ilp93,0.0,0.0,0.0,0.0,0.0,-0.0,0.0,0.0,0.0,0.0
YNR006W_ilp141,0.0,0.0,0.0,0.0,0.0,0.0,0.0,-0.0,0.0,0.0
YML008C_ilp9,-0.0,-0.0,-0.0,-0.0,-0.0,-0.0,-0.0,-0.0,-0.0,-0.0
YML008C_ilp10,-0.0,-0.0,-0.0,-0.0,-0.0,-0.0,-0.0,-0.0,-0.0,-0.0
YML008C_ilp20,-0.0,-0.0,-0.0,-0.0,-0.0,-0.0,-0.0,-0.0,-0.0,-0.0
YML008C_ilp21,-0.0,-0.0,-0.0,-0.0,-0.0,-0.0,-0.0,-0.0,-0.0,-0.0
YML008C_ilp22,0.0,0.0,-0.0,0.0,-0.0,-0.0,0.0,-0.0,-0.0,0.0
YML008C_ilp29,0.0,0.0,0.0,0.0,0.0,0.0,0.0,0.0,0.0,0.0
YML008C_ilp41,0.0,-0.0,0.0,0.0,-0.0,-0.0,-0.0,-0.0,-0.0,0.0
YML008C_ilp65,-0.0,0.0,0.0,0.0,0.0,-0.0,0.0,0.0,-0.0,0.0
YML008C_ilp94,0.0,0.0,0.0,0.0,0.0,0.0,0.0,0.0,0.0,0.0
YML008C_ilp107,0.0,0.0,0.0,0.0,0.0,0.0,0.0,0.0,0.0,0.0
YML008C_ilp108,-0.0,-0.0,-0.0,-0.0,-0.0,-0.0,-0.0,-0.0,-0.0,-0.0
YML008C_ilp109,0.0,0.0,0.0,0.0,0.0,0.0,0.0,0.0,0.0,0.0
YML008C_ilp113,0.0,0.0,0.0,0.0,0.0,-0.0,0.0,0.0,-0.0,0.0
YML008C_ilp120,-0.0,-0.0,0.0,-0.0,-0.0,-0.0,-0.0,-0.0,-0.0,-0.0
YML008C_ilp122,0.0,-0.0,0.0,0.0,0.0,0.0,0.0,0.0,0.0,0.0
YML008C_ilp132,-0.0,-0.0,0.0,0.0,-0.0,-0.0,-0.0,-0.0,-0.0,0.0
YML008C_ilp719,0.0,0.0,0.0,0.0,0.0,0.0,0.0,-0.0,0.0,0.0
YML008C_ilp720,0.0,0.0,0.0,0.0,0.0,0.0,0.0,-0.0,-0.0,0.0
YHR030C_ilp12,0.0,0.0,-0.0,0.0,0.0,0.0,0.0,-0.0,0.0,0.0
YHR030C_ilp32,0.0,0.0,0.0,0.0,-0.0,0.0,0.0,0.0,-0.0,0.0
YHR030C_ilp33,-0.0,0.0,-0.0,-0.0,-0.0,-0.0,-0.0,-0.0,-0.0,-0.0
YHR030C_ilp38,-0.0,-0.0,-0.0,-0.0,-0.0,-0.0,-0.0,-0.0,-0.0,-0.0
YHR030C_ilp59,0.0,-0.0,0.0,-0.0,-0.0,-0.0,-0.0,-0.0,-0.0,-0.0
YHR030C_ilp63,0.0,0.0,0.0,0.0,0.0,0.0,0.0,0.0,0.0,0.0
YHR030C_ilp78,-0.0,-0.0,-0.0,-0.0,-0.0,-0.0,-0.0,-0.0,-0.0,-0.0
YHR030C_ilp79,0.0,-0.0,-0.0,0.0,-0.0,-0.0,0.0,-0.0,-0.0,0.0
YHR030C_ilp95,0.0,0.0,0.0,0.0,0.0,0.0,0.0,0.0,0.0,0.0
YHR030C_ilp169,0.0,0.0,0.0,0.0,0.0,0.0,0.0,0.0,-0.0,0.0
YMR077C_ilp65,0.0,0.0,-0.0,0.0,-0.0,0.0,-0.0,0.0,0.0,-0.0
YLR337C_ilp8,0.0,-0.0,0.0,0.0,-0.0,-0.0,0.0,-0.0,-0.0,0.0
YLR337C_ilp52,0.0,-0.0,0.0,0.0,0.0,0.0,0.0,0.0,0.0,0.0
YLR337C_ilp61,0.0,0.0,0.0,0.0,0.0,0.0,0.0,0.0,0.0,0.0
YLR337C_ilp62,0.0,0.0,0.0,0.0,0.0,0.0,0.0,0.0,0.0,0.0
YLR337C_ilp75,0.0,0.0,0.0,0.0,0.0,0.0,0.0,0.0,0.0,0.0
YLR337C_ilp102,0.0,0.0,0.0,0.0,0.0,0.0,0.0,0.0,0.0,0.0
YLR337C_ilp165,0.0,-0.0,-0.0,0.0,-0.0,0.0,0.0,0.0,0.0,0.0
YLR337C_ilp185,0.0,0.0,0.0,0.0,0.0,0.0,0.0,0.0,0.0,0.0
YEL027W_ilp11,0.0,0.0,0.0,0.0,0.0,0.0,0.0,0.0,0.0,0.0
YEL027W_ilp12,0.0,0.0,0.0,0.0,0.0,0.0,0.0,0.0,0.0,0.0
YEL027W_ilp25,0.0,0.0,0.0,0.0,0.0,0.0,0.0,0.0,0.0,0.0
YEL027W_ilp26,0.0,0.0,0.0,0.0,0.0,0.0,0.0,0.0,0.0,0.0
YEL027W_ilp62,-0.0,0.0,0.0,0.0,0.0,0.0,0.0,0.0,0.0,0.0
YEL027W_ilp91,0.0,0.0,0.0,0.0,0.0,0.0,0.0,0.0,0.0,0.0
YEL027W_ilp92,0.0,0.0,0.0,0.0,0.0,0.0,0.0,0.0,0.0,0.0
YEL027W_ilp109,0.0,0.0,0.0,0.0,0.0,0.0,0.0,0.0,0.0,0.0
YEL027W_ilp110,0.0,0.0,0.0,0.0,0.0,0.0,0.0,0.0,0.0,0.0
YEL027W_ilp126,0.0,0.0,-0.0,0.0,0.0,0.0,0.0,0.0,0.0,0.0
YEL027W_ilp127,0.0,-0.0,-0.0,0.0,0.0,0.0,0.0,0.0,0.0,0.0
YEL027W_ilp134,0.0,-0.0,0.0,0.0,-0.0,-0.0,-0.0,-0.0,-0.0,-0.0
YEL027W_ilp151,0.0,0.0,0.0,0.0,0.0,0.0,0.0,0.0,0.0,0.0
YEL027W_ilp152,0.0,-0.0,-0.0,0.0,0.0,0.0,0.0,0.0,0.0,0.0
YEL027W_ilp160,-0.0,-0.0,-0.0,0.0,0.0,-0.0,0.0,-0.0,-0.0,0.0
YEL027W_ilp162,0.0,-0.0,0.0,0.0,0.0,0.0,0.0,0.0,0.0,0.0
YEL027W_ilp173,0.0,0.0,0.0,0.0,0.0,0.0,0.0,0.0,0.0,0.0
YEL027W_ilp174,0.0,0.0,0.0,0.0,0.0,0.0,0.0,0.0,0.0,0.0
YEL027W_ilp176,0.0,0.0,0.0,0.0,0.0,0.0,0.0,0.0,0.0,0.0
YEL027W_ilp190,0.0,0.0,0.0,0.0,0.0,0.0,0.0,0.0,0.0,0.0
YEL027W_ilp191,0.0,0.0,0.0,0.0,0.0,0.0,0.0,0.0,0.0,0.0
YEL027W_ilp196,0.0,0.0,-0.0,0.0,0.0,0.0,0.0,0.0,0.0,0.0
YEL027W_ilp197,0.0,0.0,-0.0,0.0,0.0,0.0,0.0,0.0,0.0,0.0
YEL027W_ilp209,-0.0,-0.0,-0.0,-0.0,0.0,-0.0,-0.0,-0.0,-0.0,-0.0
YEL027W_ilp214,0.0,0.0,0.0,0.0,0.0,0.0,0.0,0.0,0.0,0.0
YEL027W_ilp447,0.0,0.0,0.0,0.0,0.0,0.0,0.0,0.0,0.0,0.0
YEL027W_ilp448,0.0,0.0,0.0,0.0,0.0,0.0,0.0,0.0,0.0,0.0
YEL027W_ilp575,0.0,0.0,0.0,0.0,0.0,0.0,0.0,0.0,-0.0,0.0
YEL027W_ilp576,0.0,0.0,0.0,0.0,0.0,0.0,0.0,0.0,-0.0,0.0
YEL027W_ilp679,0.0,0.0,0.0,0.0,0.0,0.0,0.0,0.0,0.0,0.0
YEL027W_ilp680,0.0,0.0,0.0,0.0,0.0,0.0,0.0,0.0,-0.0,0.0
YEL027W_ilp847,-0.0,0.0,0.0,0.0,0.0,0.0,0.0,0.0,0.0,0.0
YEL027W_ilp848,-0.0,-0.0,-0.0,-0.0,-0.0,-0.0,-0.0,-0.0,-0.0,-0.0
YEL027W_ilp866,0.0,0.0,0.0,0.0,0.0,0.0,0.0,0.0,0.0,0.0
YEL027W_ilp867,0.0,0.0,0.0,0.0,0.0,0.0,0.0,0.0,0.0,0.0
YEL027W_ilp874,0.0,0.0,0.0,0.0,0.0,0.0,0.0,0.0,0.0,0.0
YEL027W_ilp875,0.0,0.0,0.0,0.0,0.0,0.0,0.0,0.0,0.0,0.0
YEL027W_ilp1134,0.0,0.0,0.0,0.0,0.0,0.0,0.0,0.0,0.0,0.0
YEL027W_ilp1135,0.0,0.0,0.0,0.0,0.0,0.0,0.0,0.0,-0.0,0.0
YEL027W_ilp1141,0.0,0.0,0.0,0.0,0.0,0.0,0.0,0.0,0.0,0.0
YEL027W_ilp1148,0.0,-0.0,0.0,0.0,0.0,0.0,0.0,0.0,0.0,0.0
YEL027W_ilp1149,0.0,-0.0,0.0,0.0,0.0,0.0,0.0,0.0,0.0,0.0
YEL027W_ilp1153,0.0,0.0,0.0,0.0,0.0,0.0,0.0,0.0,0.0,0.0
YEL027W_ilp1154,0.0,-0.0,0.0,0.0,0.0,0.0,0.0,0.0,0.0,0.0
YEL027W_ilp1166,0.0,0.0,0.0,0.0,0.0,0.0,0.0,0.0,0.0,0.0
YEL027W_ilp1167,0.0,0.0,0.0,0.0,0.0,0.0,0.0,0.0,0.0,0.0
YEL027W_ilp1245,0.0,0.0,0.0,0.0,0.0,0.0,0.0,0.0,0.0,0.0
YEL027W_ilp1246,0.0,-0.0,0.0,0.0,0.0,0.0,0.0,0.0,0.0,0.0
YEL027W_ilp1256,0.0,0.0,0.0,0.0,0.0,0.0,0.0,0.0,0.0,0.0
YEL027W_ilp1257,0.0,0.0,0.0,0.0,0.0,0.0,0.0,0.0,0.0,0.0
YEL027W_ilp1298,0.0,0.0,0.0,0.0,0.0,0.0,0.0,0.0,0.0,0.0
YEL027W_ilp1299,0.0,-0.0,0.0,0.0,0.0,0.0,0.0,0.0,0.0,0.0
YEL027W_ilp1420,0.0,0.0,0.0,0.0,0.0,0.0,0.0,0.0,0.0,0.0
YEL027W_ilp1421,0.0,-0.0,-0.0,0.0,0.0,-0.0,0.0,-0.0,0.0,0.0
YEL027W_ilp1445,0.0,0.0,0.0,0.0,0.0,0.0,0.0,0.0,0.0,0.0
YEL027W_ilp1454,0.0,0.0,0.0,0.0,0.0,0.0,0.0,0.0,0.0,0.0
YEL027W_ilp1462,0.0,0.0,0.0,0.0,0.0,0.0,0.0,0.0,0.0,0.0
YEL027W_ilp1463,0.0,0.0,0.0,0.0,0.0,0.0,0.0,0.0,0.0,0.0
YEL027W_ilp1476,-0.0,0.0,0.0,0.0,0.0,0.0,0.0,0.0,0.0,0.0
YEL027W_ilp1542,0.0,0.0,0.0,0.0,0.0,0.0,0.0,0.0,0.0,0.0
YEL027W_ilp1543,0.0,0.0,-0.0,0.0,0.0,0.0,0.0,0.0,0.0,0.0
YEL027W_ilp1559,0.0,0.0,0.0,0.0,0.0,0.0,0.0,0.0,0.0,0.0
YEL027W_ilp1560,0.0,0.0,0.0,0.0,0.0,0.0,0.0,0.0,0.0,0.0
YEL027W_ilp1594,0.0,0.0,0.0,0.0,0.0,0.0,0.0,0.0,0.0,0.0
YEL027W_ilp1737,0.0,0.0,-0.0,0.0,0.0,0.0,0.0,0.0,0.0,0.0
YEL027W_ilp1761,-0.0,-0.0,-0.0,-0.0,-0.0,-0.0,-0.0,-0.0,-0.0,-0.0
YEL027W_ilp1775,-0.0,-0.0,-0.0,-0.0,-0.0,-0.0,-0.0,-0.0,0.0,-0.0
YEL027W_ilp1821,0.0,0.0,0.0,0.0,0.0,0.0,0.0,0.0,0.0,0.0
YEL027W_ilp1822,0.0,0.0,-0.0,0.0,0.0,0.0,0.0,0.0,0.0,0.0
YEL027W_ilp1907,0.0,0.0,0.0,0.0,0.0,0.0,0.0,0.0,0.0,0.0
YEL027W_ilp1908,0.0,0.0,0.0,0.0,0.0,0.0,0.0,0.0,0.0,0.0
YEL027W_ilp1927,-0.0,0.0,0.0,0.0,0.0,0.0,0.0,0.0,0.0,0.0
YEL027W_ilp1928,-0.0,-0.0,-0.0,-0.0,-0.0,-0.0,-0.0,-0.0,-0.0,-0.0
YEL027W_ilp1940,-0.0,-0.0,-0.0,-0.0,-0.0,-0.0,-0.0,-0.0,0.0,-0.0
YEL027W_ilp2009,-0.0,-0.0,-0.0,0.0,-0.0,-0.0,-0.0,-0.0,-0.0,-0.0
YEL027W_ilp2015,-0.0,-0.0,-0.0,-0.0,-0.0,-0.0,-0.0,-0.0,-0.0,-0.0
YEL027W_ilp2016,-0.0,-0.0,-0.0,0.0,-0.0,-0.0,-0.0,-0.0,-0.0,-0.0
YEL027W_ilp2027,-0.0,-0.0,-0.0,-0.0,0.0,-0.0,-0.0,-0.0,-0.0,-0.0
YEL027W_ilp2039,-0.0,-0.0,-0.0,-0.0,-0.0,-0.0,-0.0,-0.0,-0.0,-0.0
YEL027W_ilp2040,-0.0,-0.0,-0.0,-0.0,-0.0,-0.0,-0.0,-0.0,-0.0,-0.0
YEL027W_ilp2099,0.0,0.0,0.0,0.0,0.0,0.0,0.0,0.0,0.0,0.0
YEL027W_ilp2105,0.0,-0.0,-0.0,0.0,0.0,-0.0,0.0,-0.0,0.0,0.0
YEL027W_ilp2111,0.0,0.0,0.0,0.0,0.0,0.0,0.0,0.0,0.0,0.0
YEL027W_ilp2148,0.0,0.0,0.0,0.0,0.0,0.0,0.0,0.0,0.0,0.0
YEL027W_ilp2149,0.0,-0.0,0.0,0.0,0.0,0.0,0.0,0.0,0.0,0.0
YEL027W_ilp2215,0.0,0.0,0.0,0.0,0.0,0.0,0.0,0.0,0.0,0.0
YEL027W_ilp2239,0.0,0.0,0.0,0.0,0.0,0.0,0.0,0.0,0.0,0.0
YEL027W_ilp2269,0.0,0.0,0.0,0.0,0.0,0.0,0.0,0.0,0.0,0.0
YEL027W_ilp2341,0.0,0.0,0.0,0.0,0.0,0.0,0.0,0.0,0.0,0.0
YEL027W_ilp2412,0.0,0.0,0.0,0.0,0.0,0.0,0.0,0.0,0.0,0.0
YEL027W_ilp2521,0.0,0.0,0.0,0.0,0.0,0.0,0.0,0.0,0.0,0.0
YEL027W_ilp2542,0.0,0.0,0.0,0.0,0.0,0.0,0.0,0.0,0.0,0.0
YEL027W_ilp2566,0.0,0.0,0.0,0.0,0.0,0.0,0.0,0.0,0.0,0.0
YEL027W_ilp2695,0.0,0.0,0.0,0.0,0.0,0.0,0.0,0.0,0.0,0.0
YEL027W_ilp2764,0.0,0.0,0.0,0.0,0.0,0.0,0.0,0.0,0.0,0.0
YEL027W_ilp2796,0.0,-0.0,-0.0,0.0,0.0,0.0,0.0,0.0,0.0,0.0
YOR036W_ilp19,-0.0,-0.0,-0.0,-0.0,-0.0,-0.0,-0.0,-0.0,-0.0,-0.0
YOR036W_ilp25,0.0,0.0,-0.0,0.0,-0.0,-0.0,0.0,-0.0,-0.0,0.0
YOR036W_ilp26,-0.0,-0.0,-0.0,-0.0,-0.0,-0.0,-0.0,-0.0,-0.0,-0.0
YOR036W_ilp43,0.0,0.0,0.0,0.0,0.0,0.0,0.0,0.0,0.0,0.0
YOR036W_ilp51,-0.0,-0.0,-0.0,-0.0,-0.0,-0.0,-0.0,-0.0,-0.0,-0.0
YOR036W_ilp59,0.0,-0.0,0.0,0.0,0.0,0.0,0.0,0.0,0.0,0.0
YOR036W_ilp71,0.0,0.0,-0.0,0.0,0.0,0.0,0.0,0.0,0.0,0.0
YOR036W_ilp124,-0.0,-0.0,-0.0,-0.0,-0.0,-0.0,-0.0,-0.0,-0.0,-0.0
YML097C_ilp40,-0.0,-0.0,-0.0,-0.0,-0.0,0.0,-0.0,-0.0,-0.0,-0.0
YML097C_ilp75,-0.0,-0.0,-0.0,-0.0,-0.0,-0.0,-0.0,-0.0,-0.0,-0.0
YML097C_ilp101,0.0,0.0,0.0,0.0,0.0,0.0,0.0,0.0,0.0,-0.0
YML097C_ilp168,-0.0,-0.0,-0.0,-0.0,-0.0,-0.0,-0.0,-0.0,-0.0,-0.0
YBR127C_ilp66,0.0,0.0,-0.0,0.0,-0.0,0.0,0.0,0.0,-0.0,-0.0
YBR127C_ilp156,0.0,0.0,-0.0,0.0,0.0,0.0,0.0,0.0,0.0,-0.0
YBR127C_ilp157,0.0,0.0,0.0,0.0,0.0,0.0,0.0,0.0,0.0,0.0
YBR127C_ilp606,-0.0,-0.0,-0.0,-0.0,-0.0,-0.0,-0.0,-0.0,-0.0,-0.0
YBR127C_ilp607,-0.0,0.0,0.0,0.0,0.0,0.0,0.0,0.0,0.0,0.0
YBR127C_ilp797,0.0,0.0,0.0,0.0,0.0,0.0,0.0,0.0,0.0,0.0
YBR127C_ilp892,0.0,0.0,0.0,0.0,0.0,0.0,0.0,0.0,0.0,0.0
YBR127C_ilp966,-0.0,-0.0,-0.0,-0.0,-0.0,-0.0,-0.0,-0.0,-0.0,-0.0
YBR127C_ilp967,-0.0,-0.0,-0.0,-0.0,-0.0,-0.0,-0.0,-0.0,-0.0,0.0
YBR127C_ilp1038,0.0,-0.0,0.0,0.0,0.0,0.0,0.0,0.0,0.0,0.0
YBR127C_ilp1039,0.0,0.0,0.0,0.0,0.0,0.0,0.0,0.0,0.0,0.0
YBR127C_ilp1048,-0.0,-0.0,-0.0,0.0,0.0,-0.0,0.0,-0.0,0.0,-0.0
YBR127C_ilp1049,-0.0,0.0,0.0,0.0,0.0,0.0,0.0,0.0,0.0,0.0
YBR127C_ilp1218,0.0,0.0,0.0,0.0,0.0,0.0,0.0,0.0,0.0,0.0
YBR127C_ilp1242,0.0,0.0,-0.0,0.0,0.0,0.0,0.0,-0.0,0.0,-0.0
YBR127C_ilp1243,0.0,0.0,0.0,0.0,0.0,0.0,0.0,0.0,0.0,0.0
YBR127C_ilp1410,0.0,0.0,0.0,0.0,0.0,0.0,0.0,0.0,0.0,0.0
YBR127C_ilp1420,-0.0,0.0,-0.0,-0.0,-0.0,-0.0,0.0,-0.0,0.0,-0.0
YNR052C_ilp26,-0.0,-0.0,-0.0,-0.0,-0.0,-0.0,-0.0,-0.0,-0.0,-0.0
YNR052C_ilp42,0.0,0.0,-0.0,0.0,0.0,0.0,0.0,0.0,-0.0,0.0
YNR052C_ilp79,-0.0,-0.0,-0.0,-0.0,-0.0,-0.0,-0.0,-0.0,-0.0,-0.0
YNR052C_ilp92,-0.0,-0.0,-0.0,-0.0,-0.0,-0.0,-0.0,-0.0,-0.0,-0.0
YNR052C_ilp94,-0.0,-0.0,-0.0,-0.0,0.0,-0.0,0.0,0.0,-0.0,-0.0
YNR052C_ilp95,-0.0,-0.0,-0.0,-0.0,-0.0,-0.0,-0.0,-0.0,-0.0,-0.0
YNR052C_ilp152,0.0,0.0,0.0,0.0,0.0,0.0,0.0,0.0,0.0,0.0
YNR052C_ilp155,-0.0,-0.0,-0.0,-0.0,-0.0,-0.0,-0.0,-0.0,-0.0,-0.0
YDR484W_ilp4,-0.0,0.0,-0.0,0.0,-0.0,-0.0,0.0,-0.0,-0.0,0.0
YDR484W_ilp70,0.0,0.0,-0.0,-0.0,-0.0,-0.0,-0.0,-0.0,-0.0,0.0
YDR484W_ilp73,0.0,0.0,0.0,-0.0,0.0,0.0,0.0,0.0,-0.0,0.0
YDR484W_ilp92,-0.0,0.0,-0.0,0.0,-0.0,-0.0,0.0,-0.0,0.0,0.0
YDR484W_ilp126,0.0,0.0,-0.0,0.0,0.0,0.0,0.0,-0.0,0.0,0.0
YHR026W_ilp37,0.0,0.0,0.0,0.0,0.0,0.0,0.0,0.0,0.0,0.0
YHR026W_ilp95,0.0,0.0,0.0,0.0,0.0,0.0,0.0,0.0,0.0,0.0
YHR026W_ilp96,0.0,0.0,0.0,0.0,0.0,0.0,0.0,0.0,0.0,0.0
YHR026W_ilp1216,0.0,0.0,0.0,0.0,0.0,0.0,0.0,0.0,0.0,0.0
YHR026W_ilp1378,0.0,0.0,0.0,0.0,0.0,0.0,0.0,0.0,0.0,0.0
YHR026W_ilp1379,0.0,0.0,0.0,0.0,0.0,0.0,0.0,0.0,0.0,0.0
YHR026W_ilp1406,0.0,0.0,0.0,0.0,0.0,0.0,0.0,0.0,-0.0,0.0
YHR026W_ilp1407,0.0,0.0,0.0,0.0,0.0,0.0,0.0,0.0,-0.0,0.0
YHR026W_ilp1489,-0.0,-0.0,-0.0,-0.0,-0.0,-0.0,-0.0,-0.0,-0.0,-0.0
YHR026W_ilp1514,-0.0,-0.0,-0.0,-0.0,-0.0,-0.0,-0.0,-0.0,-0.0,-0.0
YHR026W_ilp1523,-0.0,-0.0,-0.0,-0.0,-0.0,-0.0,-0.0,-0.0,0.0,-0.0
YHR026W_ilp1601,-0.0,-0.0,-0.0,-0.0,-0.0,-0.0,-0.0,-0.0,-0.0,-0.0
YHR026W_ilp1759,0.0,0.0,0.0,0.0,0.0,0.0,0.0,0.0,-0.0,0.0
YHR026W_ilp1760,0.0,0.0,0.0,0.0,0.0,0.0,0.0,0.0,-0.0,0.0
YHR026W_ilp2095,0.0,-0.0,0.0,0.0,0.0,0.0,0.0,0.0,0.0,0.0
YJL095W_ilp29,-0.0,-0.0,-0.0,-0.0,-0.0,-0.0,-0.0,-0.0,-0.0,-0.0
YJL095W_ilp40,0.0,0.0,-0.0,0.0,0.0,0.0,0.0,0.0,0.0,0.0
YJL095W_ilp43,0.0,0.0,0.0,0.0,0.0,0.0,-0.0,0.0,0.0,0.0
YJL095W_ilp88,0.0,-0.0,0.0,0.0,0.0,0.0,0.0,0.0,0.0,0.0
YJL204C_ilp31,0.0,0.0,0.0,0.0,0.0,0.0,0.0,0.0,0.0,0.0
YJL204C_ilp42,0.0,0.0,0.0,0.0,0.0,0.0,0.0,0.0,0.0,0.0
YJL204C_ilp56,0.0,0.0,0.0,0.0,0.0,0.0,0.0,0.0,0.0,0.0
YJL204C_ilp62,0.0,0.0,0.0,0.0,0.0,0.0,0.0,0.0,0.0,0.0
YJL204C_ilp86,-0.0,-0.0,-0.0,-0.0,-0.0,-0.0,-0.0,-0.0,-0.0,-0.0
YJL204C_ilp96,-0.0,-0.0,-0.0,-0.0,-0.0,-0.0,-0.0,-0.0,-0.0,-0.0
YJL204C_ilp150,0.0,0.0,0.0,0.0,0.0,0.0,0.0,0.0,0.0,0.0
YJL204C_ilp151,0.0,0.0,0.0,0.0,0.0,0.0,0.0,0.0,0.0,0.0
YJL204C_ilp313,0.0,0.0,0.0,0.0,0.0,0.0,0.0,0.0,0.0,0.0
YJL204C_ilp314,0.0,0.0,0.0,-0.0,-0.0,-0.0,-0.0,0.0,0.0,0.0
YJL204C_ilp316,-0.0,-0.0,-0.0,-0.0,-0.0,-0.0,-0.0,-0.0,-0.0,-0.0
YKR001C_ilp55,-0.0,-0.0,-0.0,-0.0,-0.0,-0.0,-0.0,-0.0,-0.0,-0.0
YKR001C_ilp58,0.0,0.0,0.0,0.0,0.0,0.0,0.0,0.0,0.0,-0.0
YKR001C_ilp63,0.0,0.0,0.0,0.0,0.0,0.0,0.0,0.0,0.0,0.0
YKR001C_ilp87,0.0,0.0,0.0,0.0,0.0,0.0,0.0,0.0,0.0,0.0
YGL012W_ilp66,0.0,0.0,0.0,0.0,0.0,0.0,0.0,0.0,0.0,0.0
YGL012W_ilp105,0.0,0.0,0.0,0.0,0.0,0.0,0.0,0.0,0.0,0.0
YGL012W_ilp151,0.0,0.0,0.0,0.0,0.0,0.0,0.0,0.0,0.0,0.0
YGL012W_ilp618,-0.0,0.0,0.0,-0.0,-0.0,0.0,0.0,-0.0,-0.0,-0.0
YGL012W_ilp619,-0.0,-0.0,-0.0,-0.0,-0.0,-0.0,0.0,-0.0,-0.0,-0.0
YGL012W_ilp707,0.0,0.0,0.0,0.0,0.0,0.0,0.0,0.0,0.0,0.0
YGL012W_ilp752,0.0,0.0,0.0,0.0,0.0,0.0,0.0,0.0,0.0,0.0
YGL012W_ilp943,0.0,0.0,0.0,0.0,0.0,0.0,0.0,0.0,0.0,0.0
YGL012W_ilp960,0.0,0.0,0.0,0.0,0.0,0.0,0.0,0.0,0.0,0.0
YGL012W_ilp966,0.0,0.0,0.0,0.0,0.0,0.0,0.0,0.0,0.0,0.0
YGL012W_ilp999,0.0,0.0,0.0,0.0,0.0,0.0,0.0,0.0,0.0,0.0
YGL012W_ilp1015,-0.0,-0.0,-0.0,-0.0,-0.0,-0.0,-0.0,-0.0,-0.0,-0.0
YGL012W_ilp1016,-0.0,-0.0,-0.0,-0.0,-0.0,-0.0,-0.0,-0.0,-0.0,-0.0
YGL012W_ilp1031,0.0,0.0,0.0,0.0,-0.0,0.0,-0.0,0.0,-0.0,0.0
YMR202W_ilp47,0.0,0.0,0.0,0.0,0.0,0.0,0.0,0.0,0.0,-0.0
YMR202W_ilp55,0.0,0.0,0.0,0.0,0.0,0.0,0.0,-0.0,-0.0,0.0
YMR202W_ilp93,-0.0,-0.0,-0.0,-0.0,-0.0,-0.0,-0.0,-0.0,-0.0,-0.0
YMR202W_ilp94,0.0,0.0,0.0,0.0,0.0,-0.0,0.0,0.0,0.0,0.0
YPR173C_ilp47,-0.0,-0.0,-0.0,-0.0,-0.0,-0.0,-0.0,-0.0,-0.0,-0.0
YPR173C_ilp132,0.0,0.0,0.0,0.0,0.0,0.0,0.0,0.0,0.0,0.0
