	HMDB
YMDB00001	HMDB01308
YMDB00002	HMDB00641
YMDB00003	HMDB00294
YMDB00004	HMDB00645
YMDB00005	HMDB01448
YMDB00006	HMDB04527
YMDB00007	HMDB00232
YMDB00008	HMDB00975
YMDB00009	HMDB00149
YMDB00010	HMDB00978
YMDB00011	HMDB01047
YMDB00012	HMDB00536
YMDB00013	HMDB06229
YMDB00014	
YMDB00015	HMDB06928
YMDB00016	HMDB00123
YMDB00017	HMDB11655
YMDB00018	HMDB01882
YMDB00019	HMDB00279
YMDB00020	HMDB00588
YMDB00021	
YMDB00022	HMDB00990
YMDB00023	HMDB00058
YMDB00024	
YMDB00025	HMDB00218
YMDB00026	HMDB00193
YMDB00027	HMDB00828
YMDB00028	HMDB03357
YMDB00029	
YMDB00030	HMDB00038
YMDB00031	
YMDB00032	HMDB01366
YMDB00033	HMDB00119
YMDB00034	HMDB12249
YMDB00035	HMDB02005
YMDB00036	HMDB11605
YMDB00037	HMDB00239
YMDB00038	HMDB00172
YMDB00039	HMDB06900
YMDB00040	
YMDB00041	HMDB03178
YMDB00042	HMDB00002
YMDB00043	HMDB01367
YMDB00044	HMDB01254
YMDB00045	HMDB01423
YMDB00046	HMDB00574
YMDB00047	HMDB06456
YMDB00048	HMDB01106
YMDB00049	HMDB00288
YMDB00050	HMDB11670
YMDB00051	HMDB00089
YMDB00052	HMDB00052
YMDB00053	HMDB01052
YMDB00054	
YMDB00055	HMDB00241
YMDB00056	HMDB00042
YMDB00057	HMDB03337
YMDB00058	HMDB00050
YMDB00059	HMDB00606
YMDB00060	HMDB00904
YMDB00061	HMDB01489
YMDB00062	HMDB03227
YMDB00063	HMDB12141
YMDB00064	HMDB01546
YMDB00065	HMDB01235
YMDB00066	HMDB01138
YMDB00067	HMDB01128
YMDB00068	HMDB12140
YMDB00069	HMDB00220
YMDB00070	HMDB12236
YMDB00071	HMDB00005
YMDB00072	HMDB00143
YMDB00073	HMDB00126
YMDB00074	HMDB02084
YMDB00075	HMDB03581
YMDB00076	HMDB01721
YMDB00077	HMDB06273
YMDB00078	HMDB00124
YMDB00079	HMDB01056
YMDB00080	HMDB00972
YMDB00081	HMDB12290
YMDB00082	HMDB01096
YMDB00083	HMDB01149
YMDB00084	HMDB01261
YMDB00085	HMDB01520
YMDB00086	HMDB00094
YMDB00087	HMDB11632
YMDB00088	HMDB02012
YMDB00089	HMDB12208
YMDB00090	HMDB01413
YMDB00091	HMDB00051
YMDB00092	
YMDB00093	
YMDB00094	HMDB06471
YMDB00095	HMDB01120
YMDB00096	HMDB03518
YMDB00097	HMDB00045
YMDB00098	HMDB00300
YMDB00099	HMDB01521
YMDB00100	HMDB12710
YMDB00101	HMDB00134
YMDB00102	
YMDB00103	HMDB00855
YMDB00104	HMDB00719
YMDB00105	HMDB11631
YMDB00106	HMDB00402
YMDB00107	HMDB00267
YMDB00108	HMDB01058
YMDB00109	HMDB00538
YMDB00110	HMDB00902
YMDB00111	HMDB06458
YMDB00112	HMDB00187
YMDB00113	HMDB12250
YMDB00114	HMDB00240
YMDB00115	HMDB01112
YMDB00116	HMDB06236
YMDB00117	
YMDB00118	
YMDB00119	HMDB01548
YMDB00120	HMDB01003
YMDB00121	HMDB00598
YMDB00122	
YMDB00123	
YMDB00124	
YMDB00125	HMDB00224
YMDB00126	HMDB00929
YMDB00127	HMDB00296
YMDB00128	
YMDB00129	HMDB01299
YMDB00130	HMDB00988
YMDB00131	HMDB00207
YMDB00132	HMDB01414
YMDB00133	
YMDB00134	HMDB01155
YMDB00135	HMDB02786
YMDB00136	
YMDB00137	HMDB01124
YMDB00138	HMDB00229
YMDB00139	HMDB01846
YMDB00140	HMDB01127
YMDB00141	HMDB11671
YMDB00142	HMDB00225
YMDB00143	HMDB01487
YMDB00144	
YMDB00145	HMDB01137
YMDB00146	HMDB00516
YMDB00147	
YMDB00148	HMDB12199
YMDB00149	
YMDB00150	HMDB01983
YMDB00151	HMDB00707
YMDB00152	HMDB00883
YMDB00153	HMDB00208
YMDB00154	HMDB00161
YMDB00155	HMDB03364
YMDB00156	HMDB01097
YMDB00157	HMDB06809
YMDB00158	
YMDB00159	
YMDB00160	HMDB00125
YMDB00161	HMDB01644
YMDB00162	HMDB01227
YMDB00163	
YMDB00164	HMDB02666
YMDB00165	HMDB03665
YMDB00166	
YMDB00167	HMDB03052
YMDB00168	HMDB00491
YMDB00169	
YMDB00170	HMDB01167
YMDB00171	HMDB11106
YMDB00172	HMDB04662
YMDB00173	HMDB00211
YMDB00174	HMDB06818
YMDB00175	HMDB00243
YMDB00177	HMDB06855
YMDB00178	HMDB01173
YMDB00179	
YMDB00180	HMDB01242
YMDB00181	HMDB01343
YMDB00182	HMDB11662
YMDB00183	HMDB01480
YMDB00184	
YMDB00185	HMDB12134
YMDB00186	HMDB11606
YMDB00187	
YMDB00188	HMDB00062
YMDB00189	HMDB11673
YMDB00190	HMDB00252
YMDB00191	HMDB01565
YMDB00192	
YMDB00193	HMDB01132
YMDB00194	
YMDB00195	HMDB00056
YMDB00196	HMDB01068
YMDB00198	HMDB00939
YMDB00199	HMDB01209
YMDB00200	HMDB01347
YMDB00201	HMDB01191
YMDB00202	HMDB01163
YMDB00203	HMDB00210
YMDB00204	HMDB01266
YMDB00205	HMDB01274
YMDB00206	HMDB01202
YMDB00207	
YMDB00208	
YMDB00209	HMDB04226
YMDB00210	HMDB03974
YMDB00211	HMDB11615
YMDB00212	HMDB00286
YMDB00213	HMDB00462
YMDB00214	HMDB00167
YMDB00215	HMDB03712
YMDB00216	HMDB03070
YMDB00218	HMDB01316
YMDB00219	HMDB00250
YMDB00220	HMDB00235
YMDB00221	HMDB01409
YMDB00222	
YMDB00223	HMDB01321
YMDB00224	HMDB01488
YMDB00225	HMDB06502
YMDB00226	HMDB00168
YMDB00227	HMDB00097
YMDB00229	HMDB00961
YMDB00230	HMDB06953
YMDB00231	HMDB01256
YMDB00232	HMDB01257
YMDB00233	HMDB01228
YMDB00234	HMDB01200
YMDB00235	HMDB00223
YMDB00236	HMDB01259
YMDB00238	HMDB01396
YMDB00239	
YMDB00241	HMDB01054
YMDB00242	HMDB01078
YMDB00243	HMDB01301
YMDB00245	HMDB00099
YMDB00246	HMDB01066
YMDB00247	HMDB00190
YMDB00248	
YMDB00249	
YMDB00250	
YMDB00251	
YMDB00252	HMDB01049
YMDB00253	HMDB00283
YMDB00254	HMDB01476
YMDB00255	HMDB06488
YMDB00256	HMDB01003
YMDB00257	HMDB01201
YMDB00258	HMDB03484
YMDB00260	HMDB01533
YMDB00261	HMDB01397
YMDB00262	HMDB01251
YMDB00263	HMDB00292
YMDB00264	HMDB01337
YMDB00265	HMDB01330
YMDB00266	HMDB01285
YMDB00267	HMDB01086
YMDB00268	HMDB01023
YMDB00269	
YMDB00270	HMDB01270
YMDB00271	HMDB00148
YMDB00272	HMDB01016
YMDB00273	HMDB03345
YMDB00274	HMDB01406
YMDB00275	HMDB11750
YMDB00276	HMDB00263
YMDB00277	HMDB00290
YMDB00278	HMDB01123
YMDB00279	HMDB00082
YMDB00280	HMDB00156
YMDB00281	HMDB01439
YMDB00282	HMDB00030
YMDB00283	HMDB00131
YMDB00284	HMDB03406
YMDB00285	HMDB04610
YMDB00286	HMDB00122
YMDB00287	HMDB01311
YMDB00288	HMDB01586
YMDB00289	HMDB01554
YMDB00290	HMDB01286
YMDB00291	HMDB01498
YMDB00292	HMDB04257
YMDB00293	HMDB01412
YMDB00294	HMDB00215
YMDB00295	HMDB04041
YMDB00296	HMDB01248
YMDB00297	HMDB01185
YMDB00298	HMDB01562
YMDB00299	HMDB01383
YMDB00300	HMDB03841
YMDB00301	HMDB01338
YMDB00302	HMDB11654
YMDB00303	HMDB00257
YMDB00304	HMDB00159
YMDB00306	
YMDB00307	HMDB00295
YMDB00308	HMDB01416
YMDB00309	HMDB00086
YMDB00311	HMDB03498
YMDB00312	HMDB01206
YMDB00313	HMDB00067
YMDB00314	
YMDB00315	HMDB12880
YMDB00316	HMDB01232
YMDB00317	HMDB12276
YMDB00318	HMDB00696
YMDB00319	
YMDB00320	HMDB01550
YMDB00321	HMDB01426
YMDB00322	HMDB01473
YMDB00324	HMDB12283
YMDB00325	HMDB00961
YMDB00326	HMDB00285
YMDB00327	HMDB00269
YMDB00329	HMDB02189
YMDB00330	HMDB00182
YMDB00332	
YMDB00333	
YMDB00334	HMDB01451
YMDB00335	HMDB00112
YMDB00336	
YMDB00337	HMDB00023
YMDB00338	HMDB00254
YMDB00339	HMDB01186
YMDB00340	HMDB00072
YMDB00341	HMDB00807
YMDB00342	HMDB11661
YMDB00343	HMDB03344
YMDB00346	HMDB01263
YMDB00347	
YMDB00348	HMDB00699
YMDB00349	HMDB00061
YMDB00350	HMDB00797
YMDB00351	HMDB00201
YMDB00352	HMDB00175
YMDB00353	HMDB00214
YMDB00354	HMDB01190
YMDB00355	HMDB06802
YMDB00356	
YMDB00357	HMDB01373
YMDB00358	HMDB00464
YMDB00359	
YMDB00360	HMDB01178
YMDB00361	
YMDB00362	HMDB00868
YMDB00363	HMDB01491
YMDB00364	HMDB00158
YMDB00365	HMDB00019
YMDB00366	HMDB01276
YMDB00367	HMDB03407
YMDB00368	HMDB12156
YMDB00369	HMDB00177
YMDB00370	
YMDB00371	HMDB00742
YMDB00372	HMDB02168
YMDB00374	HMDB02022
YMDB00375	HMDB00684
YMDB00376	
YMDB00377	HMDB01005
YMDB00378	HMDB00162
YMDB00379	
YMDB00380	HMDB06357
YMDB00381	HMDB01372
YMDB00382	HMDB03538
YMDB00383	HMDB00625
YMDB00384	HMDB06801
YMDB00385	HMDB00142
YMDB00386	HMDB06330
YMDB00387	HMDB00687
YMDB00388	HMDB00695
YMDB00389	HMDB01564
YMDB00390	
YMDB00391	HMDB01453
YMDB00392	HMDB01545
YMDB00393	HMDB01024
YMDB00394	HMDB06833
YMDB00395	HMDB01551
YMDB00396	HMDB03349
YMDB00397	HMDB01555
YMDB00398	HMDB06211
YMDB00400	HMDB01117
YMDB00401	HMDB00245
YMDB00402	HMDB00280
YMDB00403	HMDB01090
YMDB00404	HMDB04305
YMDB00405	HMDB00226
YMDB00406	HMDB00095
YMDB00407	HMDB01319
YMDB00413	
YMDB00415	HMDB00286
YMDB00417	
YMDB00421	HMDB01553
YMDB00423	
YMDB00424	
YMDB00425	
YMDB00426	HMDB00221
YMDB00427	HMDB00217
YMDB00428	
YMDB00430	
YMDB00437	
YMDB00438	HMDB01185
YMDB00440	HMDB06817
YMDB00441	HMDB00008
YMDB00442	
YMDB00446	HMDB01275
YMDB00449	
YMDB00451	HMDB00905
YMDB00452	
YMDB00453	
YMDB00454	HMDB01314
YMDB00455	
YMDB00456	
YMDB00457	HMDB00755
YMDB00459	HMDB06816
YMDB00460	HMDB01063
YMDB00461	HMDB00977
YMDB00463	
YMDB00464	HMDB03938
YMDB00465	HMDB03936
YMDB00466	HMDB03712
YMDB00467	
YMDB00468	HMDB03932
YMDB00469	HMDB03945
YMDB00470	HMDB06529
YMDB00471	HMDB12715
YMDB00472	
YMDB00473	HMDB03934
YMDB00474	HMDB03939
YMDB00475	HMDB03937
YMDB00476	
YMDB00477	HMDB06498
YMDB00478	HMDB03935
YMDB00479	
YMDB00481	
YMDB00483	HMDB01846
YMDB00485	
YMDB00489	HMDB03681
YMDB00492	HMDB01235
YMDB00493	HMDB01392
YMDB00494	
YMDB00495	HMDB00500
YMDB00496	HMDB06467
YMDB00497	
YMDB00498	HMDB02035
YMDB00499	HMDB06478
YMDB00500	HMDB03502
YMDB00501	
YMDB00502	
YMDB00503	HMDB00101
YMDB00504	HMDB00014
YMDB00505	HMDB00085
YMDB00506	HMDB01044
YMDB00507	HMDB00273
YMDB00508	HMDB00012
YMDB00509	HMDB00133
YMDB00510	HMDB00195
YMDB00511	HMDB00299
YMDB00514	HMDB01022
YMDB00515	
YMDB00516	HMDB01562
YMDB00517	HMDB00972
YMDB00518	HMDB12177
YMDB00520	
YMDB00521	
YMDB00523	
YMDB00525	
YMDB00527	HMDB01338
YMDB00528	HMDB01521
YMDB00529	HMDB01484
YMDB00530	HMDB03571
YMDB00531	HMDB01070
YMDB00532	HMDB06404
YMDB00533	HMDB01175
YMDB00534	HMDB00244
YMDB00535	HMDB03529
YMDB00536	
YMDB00537	
YMDB00538	HMDB01114
YMDB00539	HMDB01322
YMDB00540	HMDB06847
YMDB00541	
YMDB00542	
YMDB00543	HMDB00878
YMDB00544	
YMDB00545	
YMDB00546	
YMDB00548	HMDB03993
YMDB00549	
YMDB00550	
YMDB00551	
YMDB00552	
YMDB00553	
YMDB00554	
YMDB00555	HMDB00157
YMDB00558	HMDB01273
YMDB00559	HMDB00189
YMDB00561	HMDB00797
YMDB00562	HMDB01517
YMDB00564	HMDB11617
YMDB00565	HMDB11616
YMDB00567	
YMDB00568	
YMDB00569	
YMDB00572	
YMDB00573	HMDB06006
YMDB00575	
YMDB00576	HMDB00197
YMDB00577	HMDB03447
YMDB00578	HMDB00980
YMDB00579	HMDB02275
YMDB00581	
YMDB00582	
YMDB00584	HMDB00163
YMDB00585	HMDB03464
YMDB00586	
YMDB00587	HMDB01080
YMDB00590	HMDB01211
YMDB00591	HMDB01851
YMDB00592	HMDB00517
YMDB00593	HMDB00052
YMDB00596	HMDB01131
YMDB00597	HMDB01197
YMDB00599	
YMDB00600	HMDB01340
YMDB00602	HMDB04220
YMDB00604	
YMDB00605	
YMDB00606	
YMDB00607	
YMDB00608	HMDB06271
YMDB00609	
YMDB00610	
YMDB00611	
YMDB00612	
YMDB00613	
YMDB00614	
YMDB00615	
YMDB00616	HMDB00062
YMDB00617	
YMDB00619	
YMDB00620	
YMDB00621	
YMDB00622	
YMDB00623	
YMDB00624	
YMDB00627	
YMDB00630	HMDB00072
YMDB00631	
YMDB00632	
YMDB00633	
YMDB00634	
YMDB00635	HMDB01094
YMDB00636	
YMDB00637	HMDB01469
YMDB00638	HMDB12217
YMDB00639	
YMDB00640	
YMDB00641	
YMDB00642	
YMDB00643	
YMDB00644	
YMDB00645	
YMDB00646	
YMDB00647	
YMDB00648	
YMDB00650	HMDB11734
YMDB00651	HMDB00630
YMDB00652	HMDB03011
YMDB00653	HMDB03276
YMDB00654	
YMDB00655	HMDB01076
YMDB00656	HMDB00247
YMDB00657	HMDB00660
YMDB00658	HMDB00998
YMDB00659	HMDB00071
YMDB00660	
YMDB00661	HMDB03224
YMDB00662	HMDB01031
YMDB00663	HMDB01351
YMDB00664	HMDB01373
YMDB00668	
YMDB00670	HMDB01285
YMDB00671	HMDB01294
YMDB00672	
YMDB00674	
YMDB00675	HMDB03391
YMDB00676	HMDB00482
YMDB00677	HMDB00511
YMDB00679	HMDB00806
YMDB00680	HMDB02000
YMDB00681	HMDB03229
YMDB00682	HMDB00827
YMDB00684	HMDB02003
YMDB00686	
YMDB00687	HMDB01058
YMDB00690	HMDB00125
YMDB00691	HMDB06248
YMDB00692	HMDB00302
YMDB00694	HMDB00086
YMDB00695	HMDB06454
YMDB00696	
YMDB00697	HMDB00962
YMDB00698	HMDB00132
YMDB00700	HMDB01532
YMDB00701	
YMDB00702	HMDB03431
YMDB00703	HMDB00479
YMDB00705	
YMDB00706	
YMDB00707	HMDB00227
YMDB00708	HMDB01375
YMDB00709	
YMDB00711	HMDB01059
YMDB00712	
YMDB00713	
YMDB00714	HMDB02985
YMDB00715	HMDB06814
YMDB00716	HMDB02092
YMDB00717	HMDB03377
YMDB00718	
YMDB00719	
YMDB00720	HMDB06556
YMDB00721	HMDB01263
YMDB00722	HMDB02070
YMDB00723	HMDB00725
YMDB00724	
YMDB00725	HMDB01200
YMDB00726	
YMDB00727	HMDB01188
YMDB00728	
YMDB00729	
YMDB00730	HMDB01085
YMDB00731	
YMDB00732	
YMDB00733	
YMDB00734	
YMDB00735	
YMDB00736	
YMDB00737	HMDB01062
YMDB00738	HMDB02064
YMDB00739	
YMDB00741	
YMDB00744	HMDB01440
YMDB00745	HMDB01342
YMDB00746	HMDB01000
YMDB00747	
YMDB00749	HMDB01016
YMDB00751	
YMDB00752	HMDB01068
YMDB00753	
YMDB00754	
YMDB00756	HMDB00807
YMDB00757	
YMDB00758	HMDB06211
YMDB00759	
YMDB00760	HMDB02022
YMDB00761	HMDB00272
YMDB00762	
YMDB00763	
YMDB00764	
YMDB00765	
YMDB00766	HMDB03826
YMDB00769	HMDB00256
YMDB00770	HMDB00036
YMDB00771	
YMDB00772	HMDB00251
YMDB00773	HMDB06825
YMDB00775	
YMDB00776	
YMDB00777	
YMDB00778	HMDB02917
YMDB00779	HMDB00098
YMDB00780	HMDB01271
YMDB00781	
YMDB00782	
YMDB00784	
YMDB00786	HMDB00205
YMDB00787	HMDB03454
YMDB00788	
YMDB00789	HMDB00302
YMDB00791	
YMDB00792	HMDB00213
YMDB00794	
YMDB00795	
YMDB00796	
YMDB00797	HMDB00302
YMDB00800	
YMDB00802	
YMDB00804	
YMDB00805	HMDB00158
YMDB00807	HMDB00115
YMDB00808	HMDB01183
YMDB00810	
YMDB00811	HMDB04089
YMDB00812	
YMDB00813	HMDB03466
YMDB00814	
YMDB00816	
YMDB00817	
YMDB00819	HMDB11662
YMDB00820	
YMDB00821	
YMDB00822	
YMDB00823	
YMDB00824	HMDB01140
YMDB00825	
YMDB00826	HMDB11624
YMDB00829	
YMDB00830	HMDB00765
YMDB00831	HMDB06330
YMDB00832	
YMDB00833	
YMDB00834	
YMDB00838	
YMDB00839	HMDB12188
YMDB00840	
YMDB00842	HMDB06839
YMDB00843	HMDB01278
YMDB00844	HMDB12282
YMDB00846	HMDB00169
YMDB00847	
YMDB00848	
YMDB00849	HMDB00168
YMDB00850	
YMDB00852	HMDB00968
YMDB00853	
YMDB00855	
YMDB00856	
YMDB00857	HMDB00237
YMDB00858	HMDB00816
YMDB00860	
YMDB00861	HMDB00192
YMDB00862	
YMDB00864	HMDB06353
YMDB00865	
YMDB00866	
YMDB00867	
YMDB00868	
YMDB00869	HMDB00055
YMDB00870	
YMDB00871	HMDB00536
YMDB00872	HMDB01375
YMDB00873	
YMDB00877	
YMDB00878	
YMDB00879	HMDB01354
YMDB00880	HMDB01066
YMDB00881	HMDB00757
YMDB00882	HMDB06901
YMDB00884	HMDB00673
YMDB00885	HMDB00262
YMDB00886	HMDB00192
YMDB00887	HMDB00034
YMDB00888	HMDB03125
YMDB00889	HMDB01431
YMDB00890	HMDB02111
YMDB00891	HMDB00209
YMDB00892	HMDB02134
YMDB00893	HMDB00646
YMDB00894	HMDB00169
YMDB00895	HMDB00048
YMDB00896	HMDB00191
YMDB00897	HMDB11600
YMDB00898	HMDB00960
YMDB00899	HMDB00985
YMDB00900	HMDB01377
YMDB00901	HMDB01508
YMDB00902	HMDB01060
YMDB00903	HMDB03411
YMDB00904	HMDB03402
YMDB00905	
YMDB00906	HMDB00258
YMDB00907	HMDB01429
YMDB00908	HMDB01039
YMDB00909	HMDB06526
YMDB00910	HMDB03335
YMDB00911	HMDB03366
YMDB00912	HMDB01967
YMDB00913	HMDB03417
YMDB00914	HMDB01341
YMDB00915	HMDB12299
YMDB00916	HMDB01245
YMDB00917	
YMDB00918	HMDB02104
YMDB00927	HMDB01513
YMDB00928	HMDB05176
YMDB00934	HMDB01445
YMDB00935	HMDB11673
YMDB00937	
YMDB00940	HMDB01196
YMDB00941	
YMDB00946	HMDB03529
YMDB00947	HMDB01401
YMDB00948	HMDB00618
YMDB00953	HMDB12146
YMDB00958	HMDB00707
YMDB00959	
YMDB00960	
YMDB00961	HMDB00963
YMDB00963	
YMDB00964	
YMDB00966	HMDB01078
YMDB00967	
YMDB00968	
YMDB00970	HMDB01586
YMDB00971	
YMDB00972	
YMDB00973	
YMDB00976	
YMDB00977	
YMDB00978	HMDB00379
YMDB00980	HMDB00988
YMDB00981	HMDB02878
YMDB00982	HMDB03378
YMDB00983	
YMDB00984	HMDB12482
YMDB00986	HMDB00897
YMDB00987	HMDB03178
YMDB00990	HMDB03423
YMDB00991	
YMDB00993	HMDB01310
YMDB00994	HMDB02520
YMDB00995	HMDB00159
YMDB00996	
YMDB00997	HMDB00687
YMDB00998	HMDB13609
YMDB00999	HMDB00510
YMDB01000	
YMDB01001	HMDB01645
YMDB01098	
YMDB01099	
YMDB01100	
YMDB01101	HMDB04610
YMDB01154	
YMDB01573	HMDB00422
YMDB01575	HMDB03331
YMDB01582	
YMDB01584	
YMDB01633	HMDB00206
YMDB01675	HMDB05960
YMDB01702	HMDB01514
YMDB01725	HMDB00715
YMDB01757	HMDB06029
YMDB01758	HMDB00766
YMDB01774	HMDB00779
YMDB01783	
YMDB01807	HMDB00881
YMDB02299	HMDB00139
YMDB02300	HMDB00640
YMDB02301	HMDB01870
YMDB02302	HMDB02259
YMDB02303	HMDB02322
YMDB02304	HMDB02923
YMDB02305	HMDB05826
YMDB02306	HMDB12228
YMDB02307	
YMDB02308	
YMDB02309	
YMDB02310	
YMDB02311	
YMDB02312	
YMDB02313	
YMDB02314	
YMDB02315	
YMDB02316	
YMDB02317	
YMDB02318	HMDB00746
YMDB02319	
YMDB02320	
YMDB02321	
YMDB02322	
YMDB02323	
YMDB15903	
YMDB15904	
YMDB15905	
YMDB15906	
YMDB15907	
YMDB15908	
YMDB15909	
YMDB15910	
YMDB15911	
YMDB15912	
YMDB15913	
YMDB15914	
YMDB15915	
YMDB15916	
YMDB15917	
YMDB15918	
YMDB15919	
YMDB15920	
YMDB15921	
YMDB15922	
YMDB15923	
YMDB15924	
YMDB15925	
YMDB15926	
YMDB15927	
YMDB15928	
YMDB15929	
YMDB15930	
YMDB15931	
YMDB15932	
YMDB15933	
YMDB15934	
YMDB15935	
YMDB15936	
YMDB15937	
YMDB15938	
YMDB15939	
YMDB15940	
YMDB15941	
YMDB15942	
YMDB15943	
YMDB15944	
YMDB15945	
YMDB15946	
YMDB15947	
YMDB15948	
YMDB15949	
YMDB15950	
YMDB15951	
YMDB15952	
YMDB15953	
YMDB15954	
YMDB15955	
YMDB15956	
YMDB15957	
YMDB15958	
YMDB15959	
YMDB15960	
YMDB15961	
YMDB15962	
YMDB15963	
YMDB15964	
YMDB15965	
YMDB15966	
YMDB15967	
YMDB15968	
YMDB15969	
YMDB15970	
YMDB15971	
YMDB15972	
YMDB15973	
YMDB15974	
YMDB15975	
YMDB15976	
YMDB15977	
YMDB15978	
YMDB15979	
YMDB15980	
YMDB15981	
YMDB15982	
YMDB15983	
YMDB15984	
YMDB15985	
YMDB15986	
YMDB15987	
YMDB15988	
YMDB15989	
YMDB15990	
YMDB15991	
YMDB15992	
YMDB15993	
YMDB15994	
YMDB15995	
YMDB15996	
YMDB15997	
YMDB15998	
YMDB15999	
YMDB16000	
YMDB16001	
YMDB16002	
YMDB16003	
YMDB16004	
YMDB16005	
YMDB16006	
YMDB16007	
YMDB16008	
YMDB16009	
YMDB16010	
YMDB16011	
YMDB16012	
YMDB16013	
YMDB16014	
YMDB16015	
YMDB16016	
YMDB16017	
YMDB16018	
YMDB16019	
YMDB16020	
YMDB16021	
YMDB16022	
YMDB16023	
YMDB16024	
YMDB16025	
YMDB16026	
YMDB16027	
YMDB16028	
YMDB16029	
YMDB16030	
YMDB16031	
YMDB16032	
YMDB16033	
YMDB16034	
YMDB16035	
YMDB16036	
YMDB16037	
YMDB16038	
YMDB16039	
YMDB16040	
YMDB16041	
YMDB16042	
YMDB16043	
YMDB16044	
YMDB16045	
YMDB16046	
YMDB16047	
YMDB16048	
YMDB16049	
YMDB16050	
YMDB16051	
YMDB16052	
YMDB16053	
YMDB16054	
YMDB16055	
YMDB16056	
YMDB16057	
YMDB16058	
YMDB16059	
YMDB16060	
YMDB16061	
YMDB16062	
YMDB16063	
YMDB16064	
YMDB16065	
YMDB16066	
YMDB16067	
YMDB16068	
YMDB16069	
YMDB16070	
YMDB16071	
YMDB16072	
YMDB16073	
YMDB16074	
YMDB16075	
YMDB16076	
YMDB16077	
YMDB16078	
YMDB16079	
YMDB16080	
YMDB16081	
YMDB16082	
YMDB16083	
YMDB16084	
YMDB16085	
YMDB16086	
YMDB16087	
YMDB16088	
YMDB16089	
YMDB16090	
YMDB16091	
YMDB16092	
YMDB16093	
YMDB16094	
YMDB16095	
YMDB16096	
YMDB16097	
YMDB16098	
YMDB16099	
YMDB16100	
YMDB16101	
YMDB16102	
YMDB16103	
YMDB16104	
YMDB16105	
YMDB16106	
YMDB16107	
YMDB16108	
YMDB16109	
