Name,Monoisotopic Mass,InChI Key,Chemical Formula,CCS Type,Adduct Type,Data Source / Predictor,m/z,CCS Value (Å²),Reference
L-Alanine,89.047678473,[M+H]+,Predicted,DarkChem,90.05495447300001,116.777,31661259,QNAYBMKLOCPYGJ-REOHCLBHSA-N,C3H7NO2
L-Alanine,89.047678473,[M-H]-,Predicted,DarkChem,88.040402473,112.602,31661259,QNAYBMKLOCPYGJ-REOHCLBHSA-N,C3H7NO2
L-Alanine,89.047678473,[M+H]+,Predicted,AllCCS,90.05495447300001,125.589,32859911,QNAYBMKLOCPYGJ-REOHCLBHSA-N,C3H7NO2
L-Alanine,89.047678473,[M-H]-,Predicted,AllCCS,88.040402473,123.356,32859911,QNAYBMKLOCPYGJ-REOHCLBHSA-N,C3H7NO2
L-Alanine,89.047678473,[M+H]+,Predicted,DeepCCS,90.05495447300001,121.369,30932474,QNAYBMKLOCPYGJ-REOHCLBHSA-N,C3H7NO2
L-Alanine,89.047678473,[M-H]-,Predicted,DeepCCS,88.040402473,118.57,30932474,QNAYBMKLOCPYGJ-REOHCLBHSA-N,C3H7NO2
L-Alanine,89.047678473,[M-2H]-,Predicted,DeepCCS,44.0202012365,154.951,30932474,QNAYBMKLOCPYGJ-REOHCLBHSA-N,C3H7NO2
L-Alanine,89.047678473,[M+Na]+,Predicted,DeepCCS,112.03689647300001,129.566,30932474,QNAYBMKLOCPYGJ-REOHCLBHSA-N,C3H7NO2
L-Alanine,89.047678473,[M+H]+,Predicted,AllCCS,90.05495447300001,125.6,32859911,QNAYBMKLOCPYGJ-REOHCLBHSA-N,C3H7NO2
L-Alanine,89.047678473,[M+H-H2O]+,Predicted,AllCCS,72.04438947300001,121.2,32859911,QNAYBMKLOCPYGJ-REOHCLBHSA-N,C3H7NO2
L-Alanine,89.047678473,[M+NH4]+,Predicted,AllCCS,107.081501473,129.7,32859911,QNAYBMKLOCPYGJ-REOHCLBHSA-N,C3H7NO2
L-Alanine,89.047678473,[M+Na]+,Predicted,AllCCS,112.03689647300001,130.9,32859911,QNAYBMKLOCPYGJ-REOHCLBHSA-N,C3H7NO2
L-Alanine,89.047678473,[M-H]-,Predicted,AllCCS,88.040402473,123.4,32859911,QNAYBMKLOCPYGJ-REOHCLBHSA-N,C3H7NO2
L-Alanine,89.047678473,[M+Na-2H]-,Predicted,AllCCS,110.022344473,128.0,32859911,QNAYBMKLOCPYGJ-REOHCLBHSA-N,C3H7NO2
L-Alanine,89.047678473,[M+HCOO]-,Predicted,AllCCS,134.045879473,133.2,32859911,QNAYBMKLOCPYGJ-REOHCLBHSA-N,C3H7NO2
L-Arginine,174.111675712,[M+H]+,Predicted,DarkChem,175.11895171199998,139.397,31661259,ODKSFYDXXFIFQN-BYPYZUCNSA-N,C6H14N4O2
L-Arginine,174.111675712,[M+H]+,Predicted,DarkChem,175.11895171199998,139.397,31661259,ODKSFYDXXFIFQN-BYPYZUCNSA-N,C6H14N4O2
L-Arginine,174.111675712,[M-H]-,Predicted,DarkChem,173.104399712,136.095,31661259,ODKSFYDXXFIFQN-BYPYZUCNSA-N,C6H14N4O2
L-Arginine,174.111675712,[M-H]-,Predicted,DarkChem,173.104399712,136.095,31661259,ODKSFYDXXFIFQN-BYPYZUCNSA-N,C6H14N4O2
L-Arginine,174.111675712,[M+H]+,Predicted,AllCCS,175.11895171199998,139.035,32859911,ODKSFYDXXFIFQN-BYPYZUCNSA-N,C6H14N4O2
L-Arginine,174.111675712,[M-H]-,Predicted,AllCCS,173.104399712,136.22,32859911,ODKSFYDXXFIFQN-BYPYZUCNSA-N,C6H14N4O2
L-Arginine,174.111675712,[M+H]+,Predicted,DeepCCS,175.11895171199998,136.493,30932474,ODKSFYDXXFIFQN-BYPYZUCNSA-N,C6H14N4O2
L-Arginine,174.111675712,[M-H]-,Predicted,DeepCCS,173.104399712,132.666,30932474,ODKSFYDXXFIFQN-BYPYZUCNSA-N,C6H14N4O2
L-Arginine,174.111675712,[M-2H]-,Predicted,DeepCCS,86.552199856,170.278,30932474,ODKSFYDXXFIFQN-BYPYZUCNSA-N,C6H14N4O2
L-Arginine,174.111675712,[M+Na]+,Predicted,DeepCCS,197.100893712,145.817,30932474,ODKSFYDXXFIFQN-BYPYZUCNSA-N,C6H14N4O2
L-Arginine,174.111675712,[M+H]+,Predicted,AllCCS,175.11895171199998,139.0,32859911,ODKSFYDXXFIFQN-BYPYZUCNSA-N,C6H14N4O2
L-Arginine,174.111675712,[M+H-H2O]+,Predicted,AllCCS,157.108386712,135.3,32859911,ODKSFYDXXFIFQN-BYPYZUCNSA-N,C6H14N4O2
L-Arginine,174.111675712,[M+NH4]+,Predicted,AllCCS,192.145498712,142.5,32859911,ODKSFYDXXFIFQN-BYPYZUCNSA-N,C6H14N4O2
L-Arginine,174.111675712,[M+Na]+,Predicted,AllCCS,197.100893712,143.6,32859911,ODKSFYDXXFIFQN-BYPYZUCNSA-N,C6H14N4O2
L-Arginine,174.111675712,[M-H]-,Predicted,AllCCS,173.104399712,136.2,32859911,ODKSFYDXXFIFQN-BYPYZUCNSA-N,C6H14N4O2
L-Arginine,174.111675712,[M+Na-2H]-,Predicted,AllCCS,195.08634171199998,137.8,32859911,ODKSFYDXXFIFQN-BYPYZUCNSA-N,C6H14N4O2
L-Arginine,174.111675712,[M+HCOO]-,Predicted,AllCCS,219.109876712,139.6,32859911,ODKSFYDXXFIFQN-BYPYZUCNSA-N,C6H14N4O2
L-Asparagine,132.053492132,[M+H]+,Predicted,DarkChem,133.060768132,129.707,31661259,DCXYFEDJOCDNAF-REOHCLBHSA-N,C4H8N2O3
L-Asparagine,132.053492132,[M-H]-,Predicted,DarkChem,131.046216132,121.829,31661259,DCXYFEDJOCDNAF-REOHCLBHSA-N,C4H8N2O3
L-Asparagine,132.053492132,[M+H]+,Predicted,AllCCS,133.060768132,131.99,32859911,DCXYFEDJOCDNAF-REOHCLBHSA-N,C4H8N2O3
L-Asparagine,132.053492132,[M-H]-,Predicted,AllCCS,131.046216132,123.655,32859911,DCXYFEDJOCDNAF-REOHCLBHSA-N,C4H8N2O3
L-Asparagine,132.053492132,[M+H]+,Predicted,DeepCCS,133.060768132,124.027,30932474,DCXYFEDJOCDNAF-REOHCLBHSA-N,C4H8N2O3
L-Asparagine,132.053492132,[M-H]-,Predicted,DeepCCS,131.046216132,120.161,30932474,DCXYFEDJOCDNAF-REOHCLBHSA-N,C4H8N2O3
L-Asparagine,132.053492132,[M-2H]-,Predicted,DeepCCS,65.523108066,157.71,30932474,DCXYFEDJOCDNAF-REOHCLBHSA-N,C4H8N2O3
L-Asparagine,132.053492132,[M+Na]+,Predicted,DeepCCS,155.042710132,133.034,30932474,DCXYFEDJOCDNAF-REOHCLBHSA-N,C4H8N2O3
L-Asparagine,132.053492132,[M+H]+,Predicted,AllCCS,133.060768132,132.0,32859911,DCXYFEDJOCDNAF-REOHCLBHSA-N,C4H8N2O3
L-Asparagine,132.053492132,[M+H-H2O]+,Predicted,AllCCS,115.05020313200001,127.9,32859911,DCXYFEDJOCDNAF-REOHCLBHSA-N,C4H8N2O3
L-Asparagine,132.053492132,[M+NH4]+,Predicted,AllCCS,150.08731513200001,135.8,32859911,DCXYFEDJOCDNAF-REOHCLBHSA-N,C4H8N2O3
L-Asparagine,132.053492132,[M+Na]+,Predicted,AllCCS,155.042710132,136.9,32859911,DCXYFEDJOCDNAF-REOHCLBHSA-N,C4H8N2O3
L-Asparagine,132.053492132,[M-H]-,Predicted,AllCCS,131.046216132,123.7,32859911,DCXYFEDJOCDNAF-REOHCLBHSA-N,C4H8N2O3
L-Asparagine,132.053492132,[M+Na-2H]-,Predicted,AllCCS,153.028158132,126.3,32859911,DCXYFEDJOCDNAF-REOHCLBHSA-N,C4H8N2O3
L-Asparagine,132.053492132,[M+HCOO]-,Predicted,AllCCS,177.051693132,129.3,32859911,DCXYFEDJOCDNAF-REOHCLBHSA-N,C4H8N2O3
L-Aspartic acid,133.037507717,[M+H]+,Predicted,DarkChem,134.044783717,129.779,31661259,CKLJMWTZIZZHCS-REOHCLBHSA-N,C4H7NO4
L-Aspartic acid,133.037507717,[M-H]-,Predicted,DarkChem,132.03023171700002,121.846,31661259,CKLJMWTZIZZHCS-REOHCLBHSA-N,C4H7NO4
L-Aspartic acid,133.037507717,[M+H]+,Predicted,AllCCS,134.044783717,131.665,32859911,CKLJMWTZIZZHCS-REOHCLBHSA-N,C4H7NO4
L-Aspartic acid,133.037507717,[M-H]-,Predicted,AllCCS,132.03023171700002,122.785,32859911,CKLJMWTZIZZHCS-REOHCLBHSA-N,C4H7NO4
L-Aspartic acid,133.037507717,[M+H]+,Predicted,DeepCCS,134.044783717,123.093,30932474,CKLJMWTZIZZHCS-REOHCLBHSA-N,C4H7NO4
L-Aspartic acid,133.037507717,[M-H]-,Predicted,DeepCCS,132.03023171700002,119.227,30932474,CKLJMWTZIZZHCS-REOHCLBHSA-N,C4H7NO4
L-Aspartic acid,133.037507717,[M-2H]-,Predicted,DeepCCS,66.01511585850001,156.828,30932474,CKLJMWTZIZZHCS-REOHCLBHSA-N,C4H7NO4
L-Aspartic acid,133.037507717,[M+Na]+,Predicted,DeepCCS,156.026725717,132.081,30932474,CKLJMWTZIZZHCS-REOHCLBHSA-N,C4H7NO4
L-Aspartic acid,133.037507717,[M+H]+,Predicted,AllCCS,134.044783717,131.7,32859911,CKLJMWTZIZZHCS-REOHCLBHSA-N,C4H7NO4
L-Aspartic acid,133.037507717,[M+H-H2O]+,Predicted,AllCCS,116.03421871700002,127.6,32859911,CKLJMWTZIZZHCS-REOHCLBHSA-N,C4H7NO4
L-Aspartic acid,133.037507717,[M+NH4]+,Predicted,AllCCS,151.07133071700002,135.5,32859911,CKLJMWTZIZZHCS-REOHCLBHSA-N,C4H7NO4
L-Aspartic acid,133.037507717,[M+Na]+,Predicted,AllCCS,156.026725717,136.6,32859911,CKLJMWTZIZZHCS-REOHCLBHSA-N,C4H7NO4
L-Aspartic acid,133.037507717,[M-H]-,Predicted,AllCCS,132.03023171700002,122.8,32859911,CKLJMWTZIZZHCS-REOHCLBHSA-N,C4H7NO4
L-Aspartic acid,133.037507717,[M+Na-2H]-,Predicted,AllCCS,154.012173717,125.4,32859911,CKLJMWTZIZZHCS-REOHCLBHSA-N,C4H7NO4
L-Aspartic acid,133.037507717,[M+HCOO]-,Predicted,AllCCS,178.035708717,128.4,32859911,CKLJMWTZIZZHCS-REOHCLBHSA-N,C4H7NO4
Glutamic acid,147.053157781,[M+H]+,Predicted,DarkChem,148.060433781,130.757,31661259,WHUUTDBJXJRKMK-VKHMYHEASA-N,C5H9NO4
Glutamic acid,147.053157781,[M-H]-,Predicted,DarkChem,146.04588178100002,125.077,31661259,WHUUTDBJXJRKMK-VKHMYHEASA-N,C5H9NO4
Glutamic acid,147.053157781,[M+H]+,Predicted,AllCCS,148.060433781,133.83,32859911,WHUUTDBJXJRKMK-VKHMYHEASA-N,C5H9NO4
Glutamic acid,147.053157781,[M-H]-,Predicted,AllCCS,146.04588178100002,126.642,32859911,WHUUTDBJXJRKMK-VKHMYHEASA-N,C5H9NO4
Glutamic acid,147.053157781,[M+H]+,Predicted,DeepCCS,148.060433781,127.758,30932474,WHUUTDBJXJRKMK-VKHMYHEASA-N,C5H9NO4
Glutamic acid,147.053157781,[M-H]-,Predicted,DeepCCS,146.04588178100002,123.923,30932474,WHUUTDBJXJRKMK-VKHMYHEASA-N,C5H9NO4
Glutamic acid,147.053157781,[M-2H]-,Predicted,DeepCCS,73.02294089050001,161.438,30932474,WHUUTDBJXJRKMK-VKHMYHEASA-N,C5H9NO4
Glutamic acid,147.053157781,[M+Na]+,Predicted,DeepCCS,170.042375781,136.847,30932474,WHUUTDBJXJRKMK-VKHMYHEASA-N,C5H9NO4
Glutamic acid,147.053157781,[M+H]+,Predicted,AllCCS,148.060433781,133.8,32859911,WHUUTDBJXJRKMK-VKHMYHEASA-N,C5H9NO4
Glutamic acid,147.053157781,[M+H-H2O]+,Predicted,AllCCS,130.04986878100001,129.8,32859911,WHUUTDBJXJRKMK-VKHMYHEASA-N,C5H9NO4
Glutamic acid,147.053157781,[M+NH4]+,Predicted,AllCCS,165.08698078100002,137.6,32859911,WHUUTDBJXJRKMK-VKHMYHEASA-N,C5H9NO4
Glutamic acid,147.053157781,[M+Na]+,Predicted,AllCCS,170.042375781,138.6,32859911,WHUUTDBJXJRKMK-VKHMYHEASA-N,C5H9NO4
Glutamic acid,147.053157781,[M-H]-,Predicted,AllCCS,146.04588178100002,126.6,32859911,WHUUTDBJXJRKMK-VKHMYHEASA-N,C5H9NO4
Glutamic acid,147.053157781,[M+Na-2H]-,Predicted,AllCCS,168.027823781,128.8,32859911,WHUUTDBJXJRKMK-VKHMYHEASA-N,C5H9NO4
Glutamic acid,147.053157781,[M+HCOO]-,Predicted,AllCCS,192.051358781,131.2,32859911,WHUUTDBJXJRKMK-VKHMYHEASA-N,C5H9NO4
Glutamine,146.069142196,[M+H]+,Predicted,DarkChem,147.076418196,130.644,31661259,ZDXPYRJPNDTMRX-VKHMYHEASA-N,C5H10N2O3
Glutamine,146.069142196,[M-H]-,Predicted,DarkChem,145.061866196,125.029,31661259,ZDXPYRJPNDTMRX-VKHMYHEASA-N,C5H10N2O3
Glutamine,146.069142196,[M+H]+,Predicted,AllCCS,147.076418196,134.195,32859911,ZDXPYRJPNDTMRX-VKHMYHEASA-N,C5H10N2O3
Glutamine,146.069142196,[M-H]-,Predicted,AllCCS,145.061866196,127.544,32859911,ZDXPYRJPNDTMRX-VKHMYHEASA-N,C5H10N2O3
Glutamine,146.069142196,[M+H]+,Predicted,DeepCCS,147.076418196,128.949,30932474,ZDXPYRJPNDTMRX-VKHMYHEASA-N,C5H10N2O3
Glutamine,146.069142196,[M-H]-,Predicted,DeepCCS,145.061866196,125.121,30932474,ZDXPYRJPNDTMRX-VKHMYHEASA-N,C5H10N2O3
Glutamine,146.069142196,[M-2H]-,Predicted,DeepCCS,72.530933098,162.604,30932474,ZDXPYRJPNDTMRX-VKHMYHEASA-N,C5H10N2O3
Glutamine,146.069142196,[M+Na]+,Predicted,DeepCCS,169.058360196,138.04,30932474,ZDXPYRJPNDTMRX-VKHMYHEASA-N,C5H10N2O3
Glutamine,146.069142196,[M+H]+,Predicted,AllCCS,147.076418196,134.2,32859911,ZDXPYRJPNDTMRX-VKHMYHEASA-N,C5H10N2O3
Glutamine,146.069142196,[M+H-H2O]+,Predicted,AllCCS,129.065853196,130.2,32859911,ZDXPYRJPNDTMRX-VKHMYHEASA-N,C5H10N2O3
Glutamine,146.069142196,[M+NH4]+,Predicted,AllCCS,164.102965196,137.9,32859911,ZDXPYRJPNDTMRX-VKHMYHEASA-N,C5H10N2O3
Glutamine,146.069142196,[M+Na]+,Predicted,AllCCS,169.058360196,139.0,32859911,ZDXPYRJPNDTMRX-VKHMYHEASA-N,C5H10N2O3
Glutamine,146.069142196,[M-H]-,Predicted,AllCCS,145.061866196,127.5,32859911,ZDXPYRJPNDTMRX-VKHMYHEASA-N,C5H10N2O3
Glutamine,146.069142196,[M+Na-2H]-,Predicted,AllCCS,167.043808196,129.8,32859911,ZDXPYRJPNDTMRX-VKHMYHEASA-N,C5H10N2O3
Glutamine,146.069142196,[M+HCOO]-,Predicted,AllCCS,191.067343196,132.2,32859911,ZDXPYRJPNDTMRX-VKHMYHEASA-N,C5H10N2O3
Glycine,75.032028409,[M+H]+,Predicted,DarkChem,76.03930440900001,112.309,31661259,DHMQDGOQFOQNFH-UHFFFAOYSA-N,C2H5NO2
Glycine,75.032028409,[M+H]+,Predicted,DarkChem,76.03930440900001,112.309,31661259,DHMQDGOQFOQNFH-UHFFFAOYSA-N,C2H5NO2
Glycine,75.032028409,[M-H]-,Predicted,DarkChem,74.024752409,105.235,31661259,DHMQDGOQFOQNFH-UHFFFAOYSA-N,C2H5NO2
Glycine,75.032028409,[M-H]-,Predicted,DarkChem,74.024752409,105.235,31661259,DHMQDGOQFOQNFH-UHFFFAOYSA-N,C2H5NO2
Glycine,75.032028409,[M+H]+,Predicted,AllCCS,76.03930440900001,122.925,32859911,DHMQDGOQFOQNFH-UHFFFAOYSA-N,C2H5NO2
Glycine,75.032028409,[M-H]-,Predicted,AllCCS,74.024752409,126.824,32859911,DHMQDGOQFOQNFH-UHFFFAOYSA-N,C2H5NO2
Glycine,75.032028409,[M+H]+,Predicted,DeepCCS,76.03930440900001,128.062,30932474,DHMQDGOQFOQNFH-UHFFFAOYSA-N,C2H5NO2
Glycine,75.032028409,[M-H]-,Predicted,DeepCCS,74.024752409,125.386,30932474,DHMQDGOQFOQNFH-UHFFFAOYSA-N,C2H5NO2
Glycine,75.032028409,[M-2H]-,Predicted,DeepCCS,37.0123762045,161.859,30932474,DHMQDGOQFOQNFH-UHFFFAOYSA-N,C2H5NO2
Glycine,75.032028409,[M+Na]+,Predicted,DeepCCS,98.02124640900001,136.265,30932474,DHMQDGOQFOQNFH-UHFFFAOYSA-N,C2H5NO2
Glycine,75.032028409,[M+H]+,Predicted,AllCCS,76.03930440900001,122.9,32859911,DHMQDGOQFOQNFH-UHFFFAOYSA-N,C2H5NO2
Glycine,75.032028409,[M+H-H2O]+,Predicted,AllCCS,58.02873940900001,118.5,32859911,DHMQDGOQFOQNFH-UHFFFAOYSA-N,C2H5NO2
Glycine,75.032028409,[M+NH4]+,Predicted,AllCCS,93.065851409,127.1,32859911,DHMQDGOQFOQNFH-UHFFFAOYSA-N,C2H5NO2
Glycine,75.032028409,[M+Na]+,Predicted,AllCCS,98.02124640900001,128.3,32859911,DHMQDGOQFOQNFH-UHFFFAOYSA-N,C2H5NO2
Glycine,75.032028409,[M-H]-,Predicted,AllCCS,74.024752409,126.8,32859911,DHMQDGOQFOQNFH-UHFFFAOYSA-N,C2H5NO2
Glycine,75.032028409,[M+Na-2H]-,Predicted,AllCCS,96.006694409,132.4,32859911,DHMQDGOQFOQNFH-UHFFFAOYSA-N,C2H5NO2
Glycine,75.032028409,[M+HCOO]-,Predicted,AllCCS,120.03022940900001,138.6,32859911,DHMQDGOQFOQNFH-UHFFFAOYSA-N,C2H5NO2
Histidine,155.069476547,[M+H]+,Predicted,DarkChem,156.07675254699998,133.846,31661259,HNDVDQJCIGZPNO-YFKPBYRVSA-N,C6H9N3O2
Histidine,155.069476547,[M-H]-,Predicted,DarkChem,154.062200547,131.457,31661259,HNDVDQJCIGZPNO-YFKPBYRVSA-N,C6H9N3O2
Histidine,155.069476547,[M+H]+,Predicted,AllCCS,156.07675254699998,134.444,32859911,HNDVDQJCIGZPNO-YFKPBYRVSA-N,C6H9N3O2
Histidine,155.069476547,[M-H]-,Predicted,AllCCS,154.062200547,129.328,32859911,HNDVDQJCIGZPNO-YFKPBYRVSA-N,C6H9N3O2
Histidine,155.069476547,[M+H]+,Predicted,DeepCCS,156.07675254699998,129.071,30932474,HNDVDQJCIGZPNO-YFKPBYRVSA-N,C6H9N3O2
Histidine,155.069476547,[M+H]+,Predicted,DeepCCS,156.07675254699998,125.242,30932474,HNDVDQJCIGZPNO-YFKPBYRVSA-N,C6H9N3O2
Histidine,155.069476547,[M-H]-,Predicted,DeepCCS,154.062200547,125.243,30932474,HNDVDQJCIGZPNO-YFKPBYRVSA-N,C6H9N3O2
Histidine,155.069476547,[M-H]-,Predicted,DeepCCS,154.062200547,121.582,30932474,HNDVDQJCIGZPNO-YFKPBYRVSA-N,C6H9N3O2
Histidine,155.069476547,[M-2H]-,Predicted,DeepCCS,77.0311002735,162.774,30932474,HNDVDQJCIGZPNO-YFKPBYRVSA-N,C6H9N3O2
Histidine,155.069476547,[M+Na]+,Predicted,DeepCCS,178.058694547,138.312,30932474,HNDVDQJCIGZPNO-YFKPBYRVSA-N,C6H9N3O2
Histidine,155.069476547,[M-2H]-,Predicted,DeepCCS,77.0311002735,158.921,30932474,HNDVDQJCIGZPNO-YFKPBYRVSA-N,C6H9N3O2
Histidine,155.069476547,[M+Na]+,Predicted,DeepCCS,178.058694547,134.06,30932474,HNDVDQJCIGZPNO-YFKPBYRVSA-N,C6H9N3O2
Histidine,155.069476547,[M+H]+,Predicted,AllCCS,156.07675254699998,134.4,32859911,HNDVDQJCIGZPNO-YFKPBYRVSA-N,C6H9N3O2
Histidine,155.069476547,[M+H-H2O]+,Predicted,AllCCS,138.066187547,130.1,32859911,HNDVDQJCIGZPNO-YFKPBYRVSA-N,C6H9N3O2
Histidine,155.069476547,[M+NH4]+,Predicted,AllCCS,173.103299547,138.5,32859911,HNDVDQJCIGZPNO-YFKPBYRVSA-N,C6H9N3O2
Histidine,155.069476547,[M+Na]+,Predicted,AllCCS,178.058694547,139.6,32859911,HNDVDQJCIGZPNO-YFKPBYRVSA-N,C6H9N3O2
Histidine,155.069476547,[M-H]-,Predicted,AllCCS,154.062200547,129.3,32859911,HNDVDQJCIGZPNO-YFKPBYRVSA-N,C6H9N3O2
Histidine,155.069476547,[M+Na-2H]-,Predicted,AllCCS,176.04414254699998,130.7,32859911,HNDVDQJCIGZPNO-YFKPBYRVSA-N,C6H9N3O2
Histidine,155.069476547,[M+HCOO]-,Predicted,AllCCS,200.067677547,132.2,32859911,HNDVDQJCIGZPNO-YFKPBYRVSA-N,C6H9N3O2
Isoleucine,131.094628665,[M+H]+,Predicted,DarkChem,132.10190466499998,130.723,31661259,AGPKZVBTJJNPAG-WHFBIAKZSA-N,C6H13NO2
Isoleucine,131.094628665,[M-H]-,Predicted,DarkChem,130.087352665,127.123,31661259,AGPKZVBTJJNPAG-WHFBIAKZSA-N,C6H13NO2
Isoleucine,131.094628665,[M+H]+,Predicted,AllCCS,132.10190466499998,132.342,32859911,AGPKZVBTJJNPAG-WHFBIAKZSA-N,C6H13NO2
Isoleucine,131.094628665,[M-H]-,Predicted,AllCCS,130.087352665,129.058,32859911,AGPKZVBTJJNPAG-WHFBIAKZSA-N,C6H13NO2
Isoleucine,131.094628665,[M+H]+,Predicted,DeepCCS,132.10190466499998,131.217,30932474,AGPKZVBTJJNPAG-WHFBIAKZSA-N,C6H13NO2
Isoleucine,131.094628665,[M-H]-,Predicted,DeepCCS,130.087352665,127.39,30932474,AGPKZVBTJJNPAG-WHFBIAKZSA-N,C6H13NO2
Isoleucine,131.094628665,[M-2H]-,Predicted,DeepCCS,65.0436763325,164.848,30932474,AGPKZVBTJJNPAG-WHFBIAKZSA-N,C6H13NO2
Isoleucine,131.094628665,[M+Na]+,Predicted,DeepCCS,154.08384666499998,140.386,30932474,AGPKZVBTJJNPAG-WHFBIAKZSA-N,C6H13NO2
Isoleucine,131.094628665,[M+H]+,Predicted,AllCCS,132.10190466499998,132.3,32859911,AGPKZVBTJJNPAG-WHFBIAKZSA-N,C6H13NO2
Isoleucine,131.094628665,[M+H-H2O]+,Predicted,AllCCS,114.09133966499999,128.2,32859911,AGPKZVBTJJNPAG-WHFBIAKZSA-N,C6H13NO2
Isoleucine,131.094628665,[M+NH4]+,Predicted,AllCCS,149.128451665,136.2,32859911,AGPKZVBTJJNPAG-WHFBIAKZSA-N,C6H13NO2
Isoleucine,131.094628665,[M+Na]+,Predicted,AllCCS,154.08384666499998,137.3,32859911,AGPKZVBTJJNPAG-WHFBIAKZSA-N,C6H13NO2
Isoleucine,131.094628665,[M-H]-,Predicted,AllCCS,130.087352665,129.1,32859911,AGPKZVBTJJNPAG-WHFBIAKZSA-N,C6H13NO2
Isoleucine,131.094628665,[M+Na-2H]-,Predicted,AllCCS,152.06929466499997,131.9,32859911,AGPKZVBTJJNPAG-WHFBIAKZSA-N,C6H13NO2
Isoleucine,131.094628665,[M+HCOO]-,Predicted,AllCCS,176.09282966499998,135.0,32859911,AGPKZVBTJJNPAG-WHFBIAKZSA-N,C6H13NO2
Leucine,131.094628665,[M+H]+,Predicted,DarkChem,132.10190466499998,129.242,31661259,ROHFNLRQFUQHCH-YFKPBYRVSA-N,C6H13NO2
Leucine,131.094628665,[M-H]-,Predicted,DarkChem,130.087352665,124.628,31661259,ROHFNLRQFUQHCH-YFKPBYRVSA-N,C6H13NO2
Leucine,131.094628665,[M+H]+,Predicted,AllCCS,132.10190466499998,132.017,32859911,ROHFNLRQFUQHCH-YFKPBYRVSA-N,C6H13NO2
Leucine,131.094628665,[M-H]-,Predicted,AllCCS,130.087352665,130.03,32859911,ROHFNLRQFUQHCH-YFKPBYRVSA-N,C6H13NO2
Leucine,131.094628665,[M+H]+,Predicted,DeepCCS,132.10190466499998,129.797,30932474,ROHFNLRQFUQHCH-YFKPBYRVSA-N,C6H13NO2
Leucine,131.094628665,[M-H]-,Predicted,DeepCCS,130.087352665,126.152,30932474,ROHFNLRQFUQHCH-YFKPBYRVSA-N,C6H13NO2
Leucine,131.094628665,[M-2H]-,Predicted,DeepCCS,65.0436763325,163.521,30932474,ROHFNLRQFUQHCH-YFKPBYRVSA-N,C6H13NO2
Leucine,131.094628665,[M+Na]+,Predicted,DeepCCS,154.08384666499998,138.674,30932474,ROHFNLRQFUQHCH-YFKPBYRVSA-N,C6H13NO2
Leucine,131.094628665,[M+H]+,Predicted,AllCCS,132.10190466499998,132.0,32859911,ROHFNLRQFUQHCH-YFKPBYRVSA-N,C6H13NO2
Leucine,131.094628665,[M+H-H2O]+,Predicted,AllCCS,114.09133966499999,127.9,32859911,ROHFNLRQFUQHCH-YFKPBYRVSA-N,C6H13NO2
Leucine,131.094628665,[M+NH4]+,Predicted,AllCCS,149.128451665,135.8,32859911,ROHFNLRQFUQHCH-YFKPBYRVSA-N,C6H13NO2
Leucine,131.094628665,[M+Na]+,Predicted,AllCCS,154.08384666499998,136.9,32859911,ROHFNLRQFUQHCH-YFKPBYRVSA-N,C6H13NO2
Leucine,131.094628665,[M-H]-,Predicted,AllCCS,130.087352665,130.0,32859911,ROHFNLRQFUQHCH-YFKPBYRVSA-N,C6H13NO2
Leucine,131.094628665,[M+Na-2H]-,Predicted,AllCCS,152.06929466499997,132.9,32859911,ROHFNLRQFUQHCH-YFKPBYRVSA-N,C6H13NO2
Leucine,131.094628665,[M+HCOO]-,Predicted,AllCCS,176.09282966499998,136.0,32859911,ROHFNLRQFUQHCH-YFKPBYRVSA-N,C6H13NO2
Lysine,146.105527702,[M+H]+,Predicted,DarkChem,147.11280370199998,133.394,31661259,KDXKERNSBIXSRK-YFKPBYRVSA-N,C6H14N2O2
Lysine,146.105527702,[M+H]+,Predicted,DarkChem,147.11280370199998,133.394,31661259,KDXKERNSBIXSRK-YFKPBYRVSA-N,C6H14N2O2
Lysine,146.105527702,[M+H]+,Predicted,DarkChem,147.11280370199998,133.394,31661259,KDXKERNSBIXSRK-YFKPBYRVSA-N,C6H14N2O2
Lysine,146.105527702,[M-H]-,Predicted,DarkChem,145.098251702,130.288,31661259,KDXKERNSBIXSRK-YFKPBYRVSA-N,C6H14N2O2
Lysine,146.105527702,[M-H]-,Predicted,DarkChem,145.098251702,130.288,31661259,KDXKERNSBIXSRK-YFKPBYRVSA-N,C6H14N2O2
Lysine,146.105527702,[M-H]-,Predicted,DarkChem,145.098251702,130.288,31661259,KDXKERNSBIXSRK-YFKPBYRVSA-N,C6H14N2O2
Lysine,146.105527702,[M+H]+,Predicted,AllCCS,147.11280370199998,133.2,32859911,KDXKERNSBIXSRK-YFKPBYRVSA-N,C6H14N2O2
Lysine,146.105527702,[M-H]-,Predicted,AllCCS,145.098251702,128.971,32859911,KDXKERNSBIXSRK-YFKPBYRVSA-N,C6H14N2O2
Lysine,146.105527702,[M+H]+,Predicted,DeepCCS,147.11280370199998,131.353,30932474,KDXKERNSBIXSRK-YFKPBYRVSA-N,C6H14N2O2
Lysine,146.105527702,[M-H]-,Predicted,DeepCCS,145.098251702,128.057,30932474,KDXKERNSBIXSRK-YFKPBYRVSA-N,C6H14N2O2
Lysine,146.105527702,[M-2H]-,Predicted,DeepCCS,72.549125851,165.057,30932474,KDXKERNSBIXSRK-YFKPBYRVSA-N,C6H14N2O2
Lysine,146.105527702,[M+Na]+,Predicted,DeepCCS,169.09474570199998,140.097,30932474,KDXKERNSBIXSRK-YFKPBYRVSA-N,C6H14N2O2
Lysine,146.105527702,[M+H]+,Predicted,AllCCS,147.11280370199998,133.2,32859911,KDXKERNSBIXSRK-YFKPBYRVSA-N,C6H14N2O2
Lysine,146.105527702,[M+H-H2O]+,Predicted,AllCCS,129.102238702,129.2,32859911,KDXKERNSBIXSRK-YFKPBYRVSA-N,C6H14N2O2
Lysine,146.105527702,[M+NH4]+,Predicted,AllCCS,164.139350702,136.9,32859911,KDXKERNSBIXSRK-YFKPBYRVSA-N,C6H14N2O2
Lysine,146.105527702,[M+Na]+,Predicted,AllCCS,169.09474570199998,138.0,32859911,KDXKERNSBIXSRK-YFKPBYRVSA-N,C6H14N2O2
Lysine,146.105527702,[M-H]-,Predicted,AllCCS,145.098251702,129.0,32859911,KDXKERNSBIXSRK-YFKPBYRVSA-N,C6H14N2O2
Lysine,146.105527702,[M+Na-2H]-,Predicted,AllCCS,167.08019370199997,131.1,32859911,KDXKERNSBIXSRK-YFKPBYRVSA-N,C6H14N2O2
Lysine,146.105527702,[M+HCOO]-,Predicted,AllCCS,191.10372870199998,133.6,32859911,KDXKERNSBIXSRK-YFKPBYRVSA-N,C6H14N2O2
Methionine,149.051049291,[M+H]+,Predicted,DarkChem,150.058325291,133.73,31661259,FFEARJCKVFRZRR-BYPYZUCNSA-N,C5H11NO2S
Methionine,149.051049291,[M-H]-,Predicted,DarkChem,148.043773291,129.416,31661259,FFEARJCKVFRZRR-BYPYZUCNSA-N,C5H11NO2S
Methionine,149.051049291,[M+H]+,Predicted,AllCCS,150.058325291,133.668,32859911,FFEARJCKVFRZRR-BYPYZUCNSA-N,C5H11NO2S
Methionine,149.051049291,[M-H]-,Predicted,AllCCS,148.043773291,135.028,32859911,FFEARJCKVFRZRR-BYPYZUCNSA-N,C5H11NO2S
Methionine,149.051049291,[M+H]+,Predicted,DeepCCS,150.058325291,128.711,30932474,FFEARJCKVFRZRR-BYPYZUCNSA-N,C5H11NO2S
Methionine,149.051049291,[M-H]-,Predicted,DeepCCS,148.043773291,125.457,30932474,FFEARJCKVFRZRR-BYPYZUCNSA-N,C5H11NO2S
Methionine,149.051049291,[M-2H]-,Predicted,DeepCCS,74.0218866455,162.431,30932474,FFEARJCKVFRZRR-BYPYZUCNSA-N,C5H11NO2S
Methionine,149.051049291,[M+Na]+,Predicted,DeepCCS,172.040267291,137.356,30932474,FFEARJCKVFRZRR-BYPYZUCNSA-N,C5H11NO2S
Methionine,149.051049291,[M+H]+,Predicted,AllCCS,150.058325291,133.7,32859911,FFEARJCKVFRZRR-BYPYZUCNSA-N,C5H11NO2S
Methionine,149.051049291,[M+H-H2O]+,Predicted,AllCCS,132.047760291,129.8,32859911,FFEARJCKVFRZRR-BYPYZUCNSA-N,C5H11NO2S
Methionine,149.051049291,[M+NH4]+,Predicted,AllCCS,167.084872291,137.3,32859911,FFEARJCKVFRZRR-BYPYZUCNSA-N,C5H11NO2S
Methionine,149.051049291,[M+Na]+,Predicted,AllCCS,172.040267291,138.4,32859911,FFEARJCKVFRZRR-BYPYZUCNSA-N,C5H11NO2S
Methionine,149.051049291,[M-H]-,Predicted,AllCCS,148.043773291,135.0,32859911,FFEARJCKVFRZRR-BYPYZUCNSA-N,C5H11NO2S
Methionine,149.051049291,[M+Na-2H]-,Predicted,AllCCS,170.02571529099998,137.8,32859911,FFEARJCKVFRZRR-BYPYZUCNSA-N,C5H11NO2S
Methionine,149.051049291,[M+HCOO]-,Predicted,AllCCS,194.049250291,140.9,32859911,FFEARJCKVFRZRR-BYPYZUCNSA-N,C5H11NO2S
Phenylalanine,165.078978601,[M+H]+,Predicted,DarkChem,166.08625460099998,136.759,31661259,COLNVLDHVKWLRT-QMMMGPOBSA-N,C9H11NO2
Phenylalanine,165.078978601,[M-H]-,Predicted,DarkChem,164.071702601,134.973,31661259,COLNVLDHVKWLRT-QMMMGPOBSA-N,C9H11NO2
Phenylalanine,165.078978601,[M+H]+,Predicted,AllCCS,166.08625460099998,136.853,32859911,COLNVLDHVKWLRT-QMMMGPOBSA-N,C9H11NO2
Phenylalanine,165.078978601,[M-H]-,Predicted,AllCCS,164.071702601,135.247,32859911,COLNVLDHVKWLRT-QMMMGPOBSA-N,C9H11NO2
Phenylalanine,165.078978601,[M+H]+,Predicted,DeepCCS,166.08625460099998,133.926,30932474,COLNVLDHVKWLRT-QMMMGPOBSA-N,C9H11NO2
Phenylalanine,165.078978601,[M+H]+,Predicted,DeepCCS,166.08625460099998,130.072,30932474,COLNVLDHVKWLRT-QMMMGPOBSA-N,C9H11NO2
Phenylalanine,165.078978601,[M-H]-,Predicted,DeepCCS,164.071702601,130.506,30932474,COLNVLDHVKWLRT-QMMMGPOBSA-N,C9H11NO2
Phenylalanine,165.078978601,[M-H]-,Predicted,DeepCCS,164.071702601,126.243,30932474,COLNVLDHVKWLRT-QMMMGPOBSA-N,C9H11NO2
Phenylalanine,165.078978601,[M-2H]-,Predicted,DeepCCS,82.0358513005,167.718,30932474,COLNVLDHVKWLRT-QMMMGPOBSA-N,C9H11NO2
Phenylalanine,165.078978601,[M+Na]+,Predicted,DeepCCS,188.06819660099998,143.256,30932474,COLNVLDHVKWLRT-QMMMGPOBSA-N,C9H11NO2
Phenylalanine,165.078978601,[M-2H]-,Predicted,DeepCCS,82.0358513005,163.625,30932474,COLNVLDHVKWLRT-QMMMGPOBSA-N,C9H11NO2
Phenylalanine,165.078978601,[M+Na]+,Predicted,DeepCCS,188.06819660099998,139.115,30932474,COLNVLDHVKWLRT-QMMMGPOBSA-N,C9H11NO2
Phenylalanine,165.078978601,[M+H]+,Predicted,AllCCS,166.08625460099998,136.9,32859911,COLNVLDHVKWLRT-QMMMGPOBSA-N,C9H11NO2
Phenylalanine,165.078978601,[M+H-H2O]+,Predicted,AllCCS,148.075689601,132.5,32859911,COLNVLDHVKWLRT-QMMMGPOBSA-N,C9H11NO2
Phenylalanine,165.078978601,[M+NH4]+,Predicted,AllCCS,183.112801601,140.9,32859911,COLNVLDHVKWLRT-QMMMGPOBSA-N,C9H11NO2
Phenylalanine,165.078978601,[M+Na]+,Predicted,AllCCS,188.06819660099998,142.0,32859911,COLNVLDHVKWLRT-QMMMGPOBSA-N,C9H11NO2
Phenylalanine,165.078978601,[M-H]-,Predicted,AllCCS,164.071702601,135.2,32859911,COLNVLDHVKWLRT-QMMMGPOBSA-N,C9H11NO2
Phenylalanine,165.078978601,[M+Na-2H]-,Predicted,AllCCS,186.05364460099997,136.3,32859911,COLNVLDHVKWLRT-QMMMGPOBSA-N,C9H11NO2
Phenylalanine,165.078978601,[M+HCOO]-,Predicted,AllCCS,210.07717960099998,137.6,32859911,COLNVLDHVKWLRT-QMMMGPOBSA-N,C9H11NO2
Proline,115.063328537,[M+H]+,Predicted,DarkChem,116.07060453700001,124.076,31661259,ONIBWKKTOPOVIA-BYPYZUCNSA-N,C5H9NO2
Proline,115.063328537,[M-H]-,Predicted,DarkChem,114.056052537,118.356,31661259,ONIBWKKTOPOVIA-BYPYZUCNSA-N,C5H9NO2
Proline,115.063328537,[M+H]+,Predicted,AllCCS,116.07060453700001,125.08,32859911,ONIBWKKTOPOVIA-BYPYZUCNSA-N,C5H9NO2
Proline,115.063328537,[M-H]-,Predicted,AllCCS,114.056052537,120.874,32859911,ONIBWKKTOPOVIA-BYPYZUCNSA-N,C5H9NO2
Proline,115.063328537,[M+H]+,Predicted,DeepCCS,116.07060453700001,119.333,30932474,ONIBWKKTOPOVIA-BYPYZUCNSA-N,C5H9NO2
Proline,115.063328537,[M-H]-,Predicted,DeepCCS,114.056052537,115.749,30932474,ONIBWKKTOPOVIA-BYPYZUCNSA-N,C5H9NO2
Proline,115.063328537,[M-2H]-,Predicted,DeepCCS,57.0280262685,153.162,30932474,ONIBWKKTOPOVIA-BYPYZUCNSA-N,C5H9NO2
Proline,115.063328537,[M+Na]+,Predicted,DeepCCS,138.052546537,128.317,30932474,ONIBWKKTOPOVIA-BYPYZUCNSA-N,C5H9NO2
Proline,115.063328537,[M+H]+,Predicted,AllCCS,116.07060453700001,125.1,32859911,ONIBWKKTOPOVIA-BYPYZUCNSA-N,C5H9NO2
Proline,115.063328537,[M+H-H2O]+,Predicted,AllCCS,98.06003953700001,120.3,32859911,ONIBWKKTOPOVIA-BYPYZUCNSA-N,C5H9NO2
Proline,115.063328537,[M+NH4]+,Predicted,AllCCS,133.097151537,129.5,32859911,ONIBWKKTOPOVIA-BYPYZUCNSA-N,C5H9NO2
Proline,115.063328537,[M+Na]+,Predicted,AllCCS,138.052546537,130.8,32859911,ONIBWKKTOPOVIA-BYPYZUCNSA-N,C5H9NO2
Proline,115.063328537,[M-H]-,Predicted,AllCCS,114.056052537,120.9,32859911,ONIBWKKTOPOVIA-BYPYZUCNSA-N,C5H9NO2
Proline,115.063328537,[M+Na-2H]-,Predicted,AllCCS,136.037994537,123.4,32859911,ONIBWKKTOPOVIA-BYPYZUCNSA-N,C5H9NO2
Proline,115.063328537,[M+HCOO]-,Predicted,AllCCS,160.061529537,126.2,32859911,ONIBWKKTOPOVIA-BYPYZUCNSA-N,C5H9NO2
Serine,105.042593095,[M+H]+,Predicted,DarkChem,106.049869095,120.598,31661259,MTCFGRXMJLQNBG-REOHCLBHSA-N,C3H7NO3
Serine,105.042593095,[M-H]-,Predicted,DarkChem,104.035317095,115.528,31661259,MTCFGRXMJLQNBG-REOHCLBHSA-N,C3H7NO3
Serine,105.042593095,[M+H]+,Predicted,AllCCS,106.049869095,127.606,32859911,MTCFGRXMJLQNBG-REOHCLBHSA-N,C3H7NO3
Serine,105.042593095,[M-H]-,Predicted,AllCCS,104.035317095,120.32,32859911,MTCFGRXMJLQNBG-REOHCLBHSA-N,C3H7NO3
Serine,105.042593095,[M+H]+,Predicted,DeepCCS,106.049869095,118.188,30932474,MTCFGRXMJLQNBG-REOHCLBHSA-N,C3H7NO3
Serine,105.042593095,[M-H]-,Predicted,DeepCCS,104.035317095,115.388,30932474,MTCFGRXMJLQNBG-REOHCLBHSA-N,C3H7NO3
Serine,105.042593095,[M-2H]-,Predicted,DeepCCS,52.0176585475,151.848,30932474,MTCFGRXMJLQNBG-REOHCLBHSA-N,C3H7NO3
Serine,105.042593095,[M+Na]+,Predicted,DeepCCS,128.031811095,126.574,30932474,MTCFGRXMJLQNBG-REOHCLBHSA-N,C3H7NO3
Serine,105.042593095,[M+H]+,Predicted,AllCCS,106.049869095,127.6,32859911,MTCFGRXMJLQNBG-REOHCLBHSA-N,C3H7NO3
Serine,105.042593095,[M+H-H2O]+,Predicted,AllCCS,88.039304095,123.3,32859911,MTCFGRXMJLQNBG-REOHCLBHSA-N,C3H7NO3
Serine,105.042593095,[M+NH4]+,Predicted,AllCCS,123.076416095,131.6,32859911,MTCFGRXMJLQNBG-REOHCLBHSA-N,C3H7NO3
Serine,105.042593095,[M+Na]+,Predicted,AllCCS,128.031811095,132.8,32859911,MTCFGRXMJLQNBG-REOHCLBHSA-N,C3H7NO3
Serine,105.042593095,[M-H]-,Predicted,AllCCS,104.035317095,120.3,32859911,MTCFGRXMJLQNBG-REOHCLBHSA-N,C3H7NO3
Serine,105.042593095,[M+Na-2H]-,Predicted,AllCCS,126.017259095,124.2,32859911,MTCFGRXMJLQNBG-REOHCLBHSA-N,C3H7NO3
Serine,105.042593095,[M+HCOO]-,Predicted,AllCCS,150.040794095,128.4,32859911,MTCFGRXMJLQNBG-REOHCLBHSA-N,C3H7NO3
L-Threonine,119.058243159,[M+H]+,Predicted,DarkChem,120.065519159,127.009,31661259,AYFVYJQAPQTCCC-GBXIJSLDSA-N,C4H9NO3
L-Threonine,119.058243159,[M-H]-,Predicted,DarkChem,118.050967159,122.287,31661259,AYFVYJQAPQTCCC-GBXIJSLDSA-N,C4H9NO3
L-Threonine,119.058243159,[M+H]+,Predicted,AllCCS,120.065519159,130.394,32859911,AYFVYJQAPQTCCC-GBXIJSLDSA-N,C4H9NO3
L-Threonine,119.058243159,[M-H]-,Predicted,AllCCS,118.050967159,121.926,32859911,AYFVYJQAPQTCCC-GBXIJSLDSA-N,C4H9NO3
L-Threonine,119.058243159,[M+H]+,Predicted,DeepCCS,120.065519159,126.268,30932474,AYFVYJQAPQTCCC-GBXIJSLDSA-N,C4H9NO3
L-Threonine,119.058243159,[M-H]-,Predicted,DeepCCS,118.050967159,122.737,30932474,AYFVYJQAPQTCCC-GBXIJSLDSA-N,C4H9NO3
L-Threonine,119.058243159,[M-2H]-,Predicted,DeepCCS,59.0254835795,159.933,30932474,AYFVYJQAPQTCCC-GBXIJSLDSA-N,C4H9NO3
L-Threonine,119.058243159,[M+Na]+,Predicted,DeepCCS,142.047461159,135.377,30932474,AYFVYJQAPQTCCC-GBXIJSLDSA-N,C4H9NO3
L-Threonine,119.058243159,[M+H]+,Predicted,AllCCS,120.065519159,130.4,32859911,AYFVYJQAPQTCCC-GBXIJSLDSA-N,C4H9NO3
L-Threonine,119.058243159,[M+H-H2O]+,Predicted,AllCCS,102.054954159,126.2,32859911,AYFVYJQAPQTCCC-GBXIJSLDSA-N,C4H9NO3
L-Threonine,119.058243159,[M+NH4]+,Predicted,AllCCS,137.092066159,134.3,32859911,AYFVYJQAPQTCCC-GBXIJSLDSA-N,C4H9NO3
L-Threonine,119.058243159,[M+Na]+,Predicted,AllCCS,142.047461159,135.4,32859911,AYFVYJQAPQTCCC-GBXIJSLDSA-N,C4H9NO3
L-Threonine,119.058243159,[M-H]-,Predicted,AllCCS,118.050967159,121.9,32859911,AYFVYJQAPQTCCC-GBXIJSLDSA-N,C4H9NO3
L-Threonine,119.058243159,[M+Na-2H]-,Predicted,AllCCS,140.03290915899998,125.2,32859911,AYFVYJQAPQTCCC-GBXIJSLDSA-N,C4H9NO3
L-Threonine,119.058243159,[M+HCOO]-,Predicted,AllCCS,164.056444159,128.8,32859911,AYFVYJQAPQTCCC-GBXIJSLDSA-N,C4H9NO3
L-Tryptophan,204.089877638,[M+H]+,Predicted,DarkChem,205.09715363799998,147.623,31661259,QIVBCDIJIAJPQS-VIFPVBQESA-N,C11H12N2O2
L-Tryptophan,204.089877638,[M-H]-,Predicted,DarkChem,203.082601638,146.232,31661259,QIVBCDIJIAJPQS-VIFPVBQESA-N,C11H12N2O2
L-Tryptophan,204.089877638,[M+H]+,Predicted,AllCCS,205.09715363799998,146.284,32859911,QIVBCDIJIAJPQS-VIFPVBQESA-N,C11H12N2O2
L-Tryptophan,204.089877638,[M-H]-,Predicted,AllCCS,203.082601638,146.66,32859911,QIVBCDIJIAJPQS-VIFPVBQESA-N,C11H12N2O2
L-Tryptophan,204.089877638,[M+H]+,Predicted,DeepCCS,205.09715363799998,143.148,30932474,QIVBCDIJIAJPQS-VIFPVBQESA-N,C11H12N2O2
L-Tryptophan,204.089877638,[M-H]-,Predicted,DeepCCS,203.082601638,140.752,30932474,QIVBCDIJIAJPQS-VIFPVBQESA-N,C11H12N2O2
L-Tryptophan,204.089877638,[M-2H]-,Predicted,DeepCCS,101.541300819,174.607,30932474,QIVBCDIJIAJPQS-VIFPVBQESA-N,C11H12N2O2
L-Tryptophan,204.089877638,[M+Na]+,Predicted,DeepCCS,227.07909563799998,149.286,30932474,QIVBCDIJIAJPQS-VIFPVBQESA-N,C11H12N2O2
L-Tryptophan,204.089877638,[M+H]+,Predicted,AllCCS,205.09715363799998,146.3,32859911,QIVBCDIJIAJPQS-VIFPVBQESA-N,C11H12N2O2
L-Tryptophan,204.089877638,[M+H-H2O]+,Predicted,AllCCS,187.086588638,142.2,32859911,QIVBCDIJIAJPQS-VIFPVBQESA-N,C11H12N2O2
L-Tryptophan,204.089877638,[M+NH4]+,Predicted,AllCCS,222.123700638,150.1,32859911,QIVBCDIJIAJPQS-VIFPVBQESA-N,C11H12N2O2
L-Tryptophan,204.089877638,[M+Na]+,Predicted,AllCCS,227.07909563799998,151.2,32859911,QIVBCDIJIAJPQS-VIFPVBQESA-N,C11H12N2O2
L-Tryptophan,204.089877638,[M-H]-,Predicted,AllCCS,203.082601638,146.7,32859911,QIVBCDIJIAJPQS-VIFPVBQESA-N,C11H12N2O2
L-Tryptophan,204.089877638,[M+Na-2H]-,Predicted,AllCCS,225.06454363799998,146.8,32859911,QIVBCDIJIAJPQS-VIFPVBQESA-N,C11H12N2O2
L-Tryptophan,204.089877638,[M+HCOO]-,Predicted,AllCCS,249.08807863799998,147.1,32859911,QIVBCDIJIAJPQS-VIFPVBQESA-N,C11H12N2O2
L-Tyrosine,181.073893223,[M+H]+,Predicted,DarkChem,182.081169223,141.752,31661259,OUYCCCASQSFEME-QMMMGPOBSA-N,C9H11NO3
L-Tyrosine,181.073893223,[M-H]-,Predicted,DarkChem,180.066617223,139.489,31661259,OUYCCCASQSFEME-QMMMGPOBSA-N,C9H11NO3
L-Tyrosine,181.073893223,[M+H]+,Predicted,AllCCS,182.081169223,140.497,32859911,OUYCCCASQSFEME-QMMMGPOBSA-N,C9H11NO3
L-Tyrosine,181.073893223,[M-H]-,Predicted,AllCCS,180.066617223,138.727,32859911,OUYCCCASQSFEME-QMMMGPOBSA-N,C9H11NO3
L-Tyrosine,181.073893223,[M+H]+,Predicted,DeepCCS,182.081169223,138.935,30932474,OUYCCCASQSFEME-QMMMGPOBSA-N,C9H11NO3
L-Tyrosine,181.073893223,[M+H]+,Predicted,DeepCCS,182.081169223,135.302,30932474,OUYCCCASQSFEME-QMMMGPOBSA-N,C9H11NO3
L-Tyrosine,181.073893223,[M-H]-,Predicted,DeepCCS,180.066617223,136.54,30932474,OUYCCCASQSFEME-QMMMGPOBSA-N,C9H11NO3
L-Tyrosine,181.073893223,[M-H]-,Predicted,DeepCCS,180.066617223,131.473,30932474,OUYCCCASQSFEME-QMMMGPOBSA-N,C9H11NO3
L-Tyrosine,181.073893223,[M-2H]-,Predicted,DeepCCS,90.0333086115,171.853,30932474,OUYCCCASQSFEME-QMMMGPOBSA-N,C9H11NO3
L-Tyrosine,181.073893223,[M+Na]+,Predicted,DeepCCS,204.063111223,146.568,30932474,OUYCCCASQSFEME-QMMMGPOBSA-N,C9H11NO3
L-Tyrosine,181.073893223,[M-2H]-,Predicted,DeepCCS,90.0333086115,168.828,30932474,OUYCCCASQSFEME-QMMMGPOBSA-N,C9H11NO3
L-Tyrosine,181.073893223,[M+Na]+,Predicted,DeepCCS,204.063111223,144.367,30932474,OUYCCCASQSFEME-QMMMGPOBSA-N,C9H11NO3
L-Tyrosine,181.073893223,[M+H]+,Predicted,AllCCS,182.081169223,140.5,32859911,OUYCCCASQSFEME-QMMMGPOBSA-N,C9H11NO3
L-Tyrosine,181.073893223,[M+H-H2O]+,Predicted,AllCCS,164.070604223,136.3,32859911,OUYCCCASQSFEME-QMMMGPOBSA-N,C9H11NO3
L-Tyrosine,181.073893223,[M+NH4]+,Predicted,AllCCS,199.107716223,144.4,32859911,OUYCCCASQSFEME-QMMMGPOBSA-N,C9H11NO3
L-Tyrosine,181.073893223,[M+Na]+,Predicted,AllCCS,204.063111223,145.5,32859911,OUYCCCASQSFEME-QMMMGPOBSA-N,C9H11NO3
L-Tyrosine,181.073893223,[M-H]-,Predicted,AllCCS,180.066617223,138.7,32859911,OUYCCCASQSFEME-QMMMGPOBSA-N,C9H11NO3
L-Tyrosine,181.073893223,[M+Na-2H]-,Predicted,AllCCS,202.04855922299998,139.6,32859911,OUYCCCASQSFEME-QMMMGPOBSA-N,C9H11NO3
L-Tyrosine,181.073893223,[M+HCOO]-,Predicted,AllCCS,226.072094223,140.6,32859911,OUYCCCASQSFEME-QMMMGPOBSA-N,C9H11NO3
L-Valine,117.078978601,[M+H]+,Predicted,DarkChem,118.08625460100001,126.579,31661259,KZSNJWFQEVHDMF-BYPYZUCNSA-N,C5H11NO2
L-Valine,117.078978601,[M-H]-,Predicted,DarkChem,116.071702601,120.11,31661259,KZSNJWFQEVHDMF-BYPYZUCNSA-N,C5H11NO2
L-Valine,117.078978601,[M+H]+,Predicted,AllCCS,118.08625460100001,129.493,32859911,KZSNJWFQEVHDMF-BYPYZUCNSA-N,C5H11NO2
L-Valine,117.078978601,[M-H]-,Predicted,AllCCS,116.071702601,126.268,32859911,KZSNJWFQEVHDMF-BYPYZUCNSA-N,C5H11NO2
L-Valine,117.078978601,[M+H]+,Predicted,DeepCCS,118.08625460100001,124.702,30932474,KZSNJWFQEVHDMF-BYPYZUCNSA-N,C5H11NO2
L-Valine,117.078978601,[M-H]-,Predicted,DeepCCS,116.071702601,121.477,30932474,KZSNJWFQEVHDMF-BYPYZUCNSA-N,C5H11NO2
L-Valine,117.078978601,[M-2H]-,Predicted,DeepCCS,58.0358513005,158.336,30932474,KZSNJWFQEVHDMF-BYPYZUCNSA-N,C5H11NO2
L-Valine,117.078978601,[M+Na]+,Predicted,DeepCCS,140.068196601,133.331,30932474,KZSNJWFQEVHDMF-BYPYZUCNSA-N,C5H11NO2
L-Valine,117.078978601,[M+H]+,Predicted,AllCCS,118.08625460100001,129.5,32859911,KZSNJWFQEVHDMF-BYPYZUCNSA-N,C5H11NO2
L-Valine,117.078978601,[M+H-H2O]+,Predicted,AllCCS,100.07568960100001,125.3,32859911,KZSNJWFQEVHDMF-BYPYZUCNSA-N,C5H11NO2
L-Valine,117.078978601,[M+NH4]+,Predicted,AllCCS,135.112801601,133.4,32859911,KZSNJWFQEVHDMF-BYPYZUCNSA-N,C5H11NO2
L-Valine,117.078978601,[M+Na]+,Predicted,AllCCS,140.068196601,134.5,32859911,KZSNJWFQEVHDMF-BYPYZUCNSA-N,C5H11NO2
L-Valine,117.078978601,[M-H]-,Predicted,AllCCS,116.071702601,126.3,32859911,KZSNJWFQEVHDMF-BYPYZUCNSA-N,C5H11NO2
L-Valine,117.078978601,[M+Na-2H]-,Predicted,AllCCS,138.053644601,129.6,32859911,KZSNJWFQEVHDMF-BYPYZUCNSA-N,C5H11NO2
L-Valine,117.078978601,[M+HCOO]-,Predicted,AllCCS,162.077179601,133.3,32859911,KZSNJWFQEVHDMF-BYPYZUCNSA-N,C5H11NO2
Methylisocitric acid,206.042652674,[M+H]+,Predicted,DarkChem,207.049928674,145.759,31661259,HHKPKXCSHMJWCF-UHFFFAOYSA-N,C7H10O7
Methylisocitric acid,206.042652674,[M-H]-,Predicted,DarkChem,205.03537667400002,139.703,31661259,HHKPKXCSHMJWCF-UHFFFAOYSA-N,C7H10O7
Methylisocitric acid,206.042652674,[M+H]+,Predicted,DeepCCS,207.049928674,133.199,30932474,HHKPKXCSHMJWCF-UHFFFAOYSA-N,C7H10O7
Methylisocitric acid,206.042652674,[M-H]-,Predicted,DeepCCS,205.03537667400002,130.165,30932474,HHKPKXCSHMJWCF-UHFFFAOYSA-N,C7H10O7
Methylisocitric acid,206.042652674,[M-2H]-,Predicted,DeepCCS,102.51768833700001,166.681,30932474,HHKPKXCSHMJWCF-UHFFFAOYSA-N,C7H10O7
Methylisocitric acid,206.042652674,[M+Na]+,Predicted,DeepCCS,229.031870674,142.22,30932474,HHKPKXCSHMJWCF-UHFFFAOYSA-N,C7H10O7
Methylisocitric acid,206.042652674,[M+H]+,Predicted,AllCCS,207.049928674,144.2,32859911,HHKPKXCSHMJWCF-UHFFFAOYSA-N,C7H10O7
Methylisocitric acid,206.042652674,[M+H-H2O]+,Predicted,AllCCS,189.03936367400001,140.6,32859911,HHKPKXCSHMJWCF-UHFFFAOYSA-N,C7H10O7
Methylisocitric acid,206.042652674,[M+NH4]+,Predicted,AllCCS,224.07647567400002,147.6,32859911,HHKPKXCSHMJWCF-UHFFFAOYSA-N,C7H10O7
Methylisocitric acid,206.042652674,[M+Na]+,Predicted,AllCCS,229.031870674,148.6,32859911,HHKPKXCSHMJWCF-UHFFFAOYSA-N,C7H10O7
Methylisocitric acid,206.042652674,[M-H]-,Predicted,AllCCS,205.03537667400002,137.9,32859911,HHKPKXCSHMJWCF-UHFFFAOYSA-N,C7H10O7
Methylisocitric acid,206.042652674,[M+Na-2H]-,Predicted,AllCCS,227.01731867400002,138.9,32859911,HHKPKXCSHMJWCF-UHFFFAOYSA-N,C7H10O7
Methylisocitric acid,206.042652674,[M+HCOO]-,Predicted,AllCCS,251.040853674,140.1,32859911,HHKPKXCSHMJWCF-UHFFFAOYSA-N,C7H10O7
Glutathione,307.083805981,[M+H]+,Predicted,DarkChem,308.091081981,170.648,31661259,RWSXRVCMGQZWBV-WDSKDSINSA-N,C10H17N3O6S
Glutathione,307.083805981,[M+H]+,Predicted,DarkChem,308.091081981,170.648,31661259,RWSXRVCMGQZWBV-WDSKDSINSA-N,C10H17N3O6S
Glutathione,307.083805981,[M-H]-,Predicted,DarkChem,306.076529981,165.026,31661259,RWSXRVCMGQZWBV-WDSKDSINSA-N,C10H17N3O6S
Glutathione,307.083805981,[M-H]-,Predicted,DarkChem,306.076529981,165.026,31661259,RWSXRVCMGQZWBV-WDSKDSINSA-N,C10H17N3O6S
Glutathione,307.083805981,[M+H]+,Predicted,AllCCS,308.091081981,165.422,32859911,RWSXRVCMGQZWBV-WDSKDSINSA-N,C10H17N3O6S
Glutathione,307.083805981,[M-H]-,Predicted,AllCCS,306.076529981,165.655,32859911,RWSXRVCMGQZWBV-WDSKDSINSA-N,C10H17N3O6S
Glutathione,307.083805981,[M+H]+,Predicted,DeepCCS,308.091081981,168.305,30932474,RWSXRVCMGQZWBV-WDSKDSINSA-N,C10H17N3O6S
Glutathione,307.083805981,[M-H]-,Predicted,DeepCCS,306.076529981,165.947,30932474,RWSXRVCMGQZWBV-WDSKDSINSA-N,C10H17N3O6S
Glutathione,307.083805981,[M-2H]-,Predicted,DeepCCS,153.0382649905,198.882,30932474,RWSXRVCMGQZWBV-WDSKDSINSA-N,C10H17N3O6S
Glutathione,307.083805981,[M+Na]+,Predicted,DeepCCS,330.073023981,174.398,30932474,RWSXRVCMGQZWBV-WDSKDSINSA-N,C10H17N3O6S
Glutathione,307.083805981,[M+H]+,Predicted,AllCCS,308.091081981,165.4,32859911,RWSXRVCMGQZWBV-WDSKDSINSA-N,C10H17N3O6S
Glutathione,307.083805981,[M+H-H2O]+,Predicted,AllCCS,290.080516981,162.7,32859911,RWSXRVCMGQZWBV-WDSKDSINSA-N,C10H17N3O6S
Glutathione,307.083805981,[M+NH4]+,Predicted,AllCCS,325.117628981,168.0,32859911,RWSXRVCMGQZWBV-WDSKDSINSA-N,C10H17N3O6S
Glutathione,307.083805981,[M+Na]+,Predicted,AllCCS,330.073023981,168.7,32859911,RWSXRVCMGQZWBV-WDSKDSINSA-N,C10H17N3O6S
Glutathione,307.083805981,[M-H]-,Predicted,AllCCS,306.076529981,165.7,32859911,RWSXRVCMGQZWBV-WDSKDSINSA-N,C10H17N3O6S
Glutathione,307.083805981,[M+Na-2H]-,Predicted,AllCCS,328.058471981,166.2,32859911,RWSXRVCMGQZWBV-WDSKDSINSA-N,C10H17N3O6S
Glutathione,307.083805981,[M+HCOO]-,Predicted,AllCCS,352.082006981,167.0,32859911,RWSXRVCMGQZWBV-WDSKDSINSA-N,C10H17N3O6S
Alanylglycine,146.06914219,[M+H]+,Predicted,DeepCCS,147.07641819,131.016,30932474,CXISPYVYMQWFLE-VKHMYHEASA-N,C5H10N2O3
Alanylglycine,146.06914219,[M-H]-,Predicted,DeepCCS,145.06186619000002,127.189,30932474,CXISPYVYMQWFLE-VKHMYHEASA-N,C5H10N2O3
Alanylglycine,146.06914219,[M-2H]-,Predicted,DeepCCS,72.53093309500001,164.528,30932474,CXISPYVYMQWFLE-VKHMYHEASA-N,C5H10N2O3
Alanylglycine,146.06914219,[M+Na]+,Predicted,DeepCCS,169.05836019,140.068,30932474,CXISPYVYMQWFLE-VKHMYHEASA-N,C5H10N2O3
Isocitric acid,192.02700261,[M+H]+,Predicted,DarkChem,193.03427861,142.236,31661259,ODBLHEXUDAPZAU-UHFFFAOYSA-N,C6H8O7
Isocitric acid,192.02700261,[M-H]-,Predicted,DarkChem,191.01972661000002,136.977,31661259,ODBLHEXUDAPZAU-UHFFFAOYSA-N,C6H8O7
Isocitric acid,192.02700261,[M+H]+,Predicted,AllCCS,193.03427861,141.804,32859911,ODBLHEXUDAPZAU-UHFFFAOYSA-N,C6H8O7
Isocitric acid,192.02700261,[M-H]-,Predicted,AllCCS,191.01972661000002,132.738,32859911,ODBLHEXUDAPZAU-UHFFFAOYSA-N,C6H8O7
Isocitric acid,192.02700261,[M+H]+,Predicted,DeepCCS,193.03427861,131.13,30932474,ODBLHEXUDAPZAU-UHFFFAOYSA-N,C6H8O7
Isocitric acid,192.02700261,[M-H]-,Predicted,DeepCCS,191.01972661000002,127.305,30932474,ODBLHEXUDAPZAU-UHFFFAOYSA-N,C6H8O7
Isocitric acid,192.02700261,[M-2H]-,Predicted,DeepCCS,95.50986330500001,164.929,30932474,ODBLHEXUDAPZAU-UHFFFAOYSA-N,C6H8O7
Isocitric acid,192.02700261,[M+Na]+,Predicted,DeepCCS,215.01622061,140.468,30932474,ODBLHEXUDAPZAU-UHFFFAOYSA-N,C6H8O7
Isocitric acid,192.02700261,[M+H]+,Predicted,AllCCS,193.03427861,141.8,32859911,ODBLHEXUDAPZAU-UHFFFAOYSA-N,C6H8O7
Isocitric acid,192.02700261,[M+H-H2O]+,Predicted,AllCCS,175.02371361000002,138.1,32859911,ODBLHEXUDAPZAU-UHFFFAOYSA-N,C6H8O7
Isocitric acid,192.02700261,[M+NH4]+,Predicted,AllCCS,210.06082561000002,145.3,32859911,ODBLHEXUDAPZAU-UHFFFAOYSA-N,C6H8O7
Isocitric acid,192.02700261,[M+Na]+,Predicted,AllCCS,215.01622061,146.3,32859911,ODBLHEXUDAPZAU-UHFFFAOYSA-N,C6H8O7
Isocitric acid,192.02700261,[M-H]-,Predicted,AllCCS,191.01972661000002,132.7,32859911,ODBLHEXUDAPZAU-UHFFFAOYSA-N,C6H8O7
Isocitric acid,192.02700261,[M+Na-2H]-,Predicted,AllCCS,213.00166861000002,133.9,32859911,ODBLHEXUDAPZAU-UHFFFAOYSA-N,C6H8O7
Isocitric acid,192.02700261,[M+HCOO]-,Predicted,AllCCS,237.02520361,135.2,32859911,ODBLHEXUDAPZAU-UHFFFAOYSA-N,C6H8O7
Mevalonic acid,148.073558872,[M+H]+,Predicted,DarkChem,149.080834872,133.536,31661259,KJTLQQUUPVSXIM-ZCFIWIBFSA-N,C6H12O4
Mevalonic acid,148.073558872,[M-H]-,Predicted,DarkChem,147.06628287200002,127.993,31661259,KJTLQQUUPVSXIM-ZCFIWIBFSA-N,C6H12O4
Mevalonic acid,148.073558872,[M+H]+,Predicted,AllCCS,149.080834872,133.967,32859911,KJTLQQUUPVSXIM-ZCFIWIBFSA-N,C6H12O4
Mevalonic acid,148.073558872,[M-H]-,Predicted,AllCCS,147.06628287200002,130.349,32859911,KJTLQQUUPVSXIM-ZCFIWIBFSA-N,C6H12O4
Mevalonic acid,148.073558872,[M+H]+,Predicted,DeepCCS,149.080834872,126.814,30932474,KJTLQQUUPVSXIM-ZCFIWIBFSA-N,C6H12O4
Mevalonic acid,148.073558872,[M-H]-,Predicted,DeepCCS,147.06628287200002,122.984,30932474,KJTLQQUUPVSXIM-ZCFIWIBFSA-N,C6H12O4
Mevalonic acid,148.073558872,[M-2H]-,Predicted,DeepCCS,73.53314143600001,159.809,30932474,KJTLQQUUPVSXIM-ZCFIWIBFSA-N,C6H12O4
Mevalonic acid,148.073558872,[M+Na]+,Predicted,DeepCCS,171.062776872,135.381,30932474,KJTLQQUUPVSXIM-ZCFIWIBFSA-N,C6H12O4
Mevalonic acid,148.073558872,[M+H]+,Predicted,AllCCS,149.080834872,134.0,32859911,KJTLQQUUPVSXIM-ZCFIWIBFSA-N,C6H12O4
Mevalonic acid,148.073558872,[M+H-H2O]+,Predicted,AllCCS,131.070269872,130.0,32859911,KJTLQQUUPVSXIM-ZCFIWIBFSA-N,C6H12O4
Mevalonic acid,148.073558872,[M+NH4]+,Predicted,AllCCS,166.10738187200002,137.7,32859911,KJTLQQUUPVSXIM-ZCFIWIBFSA-N,C6H12O4
Mevalonic acid,148.073558872,[M+Na]+,Predicted,AllCCS,171.062776872,138.8,32859911,KJTLQQUUPVSXIM-ZCFIWIBFSA-N,C6H12O4
Mevalonic acid,148.073558872,[M-H]-,Predicted,AllCCS,147.06628287200002,130.3,32859911,KJTLQQUUPVSXIM-ZCFIWIBFSA-N,C6H12O4
Mevalonic acid,148.073558872,[M+Na-2H]-,Predicted,AllCCS,169.048224872,132.7,32859911,KJTLQQUUPVSXIM-ZCFIWIBFSA-N,C6H12O4
Mevalonic acid,148.073558872,[M+HCOO]-,Predicted,AllCCS,193.071759872,135.3,32859911,KJTLQQUUPVSXIM-ZCFIWIBFSA-N,C6H12O4
3-Hydroxy-3-methylglutaryl-CoA,911.157467109,[M+H]+,Predicted,DeepCCS,912.164743109,193.115,30932474,CABVTRNMFUVUDM-VRHQGPGLSA-N,C27H44N7O20P3S
3-Hydroxy-3-methylglutaryl-CoA,911.157467109,[M-H]-,Predicted,DeepCCS,910.1501911089999,191.29,30932474,CABVTRNMFUVUDM-VRHQGPGLSA-N,C27H44N7O20P3S
3-Hydroxy-3-methylglutaryl-CoA,911.157467109,[M-2H]-,Predicted,DeepCCS,455.07509555449997,225.558,30932474,CABVTRNMFUVUDM-VRHQGPGLSA-N,C27H44N7O20P3S
3-Hydroxy-3-methylglutaryl-CoA,911.157467109,[M+Na]+,Predicted,DeepCCS,934.146685109,200.189,30932474,CABVTRNMFUVUDM-VRHQGPGLSA-N,C27H44N7O20P3S
3-Hydroxy-3-methylglutaryl-CoA,911.157467109,[M+H]+,Predicted,AllCCS,912.164743109,263.5,32859911,CABVTRNMFUVUDM-VRHQGPGLSA-N,C27H44N7O20P3S
3-Hydroxy-3-methylglutaryl-CoA,911.157467109,[M+H-H2O]+,Predicted,AllCCS,894.154178109,264.1,32859911,CABVTRNMFUVUDM-VRHQGPGLSA-N,C27H44N7O20P3S
3-Hydroxy-3-methylglutaryl-CoA,911.157467109,[M+NH4]+,Predicted,AllCCS,929.191290109,262.8,32859911,CABVTRNMFUVUDM-VRHQGPGLSA-N,C27H44N7O20P3S
3-Hydroxy-3-methylglutaryl-CoA,911.157467109,[M+Na]+,Predicted,AllCCS,934.146685109,262.7,32859911,CABVTRNMFUVUDM-VRHQGPGLSA-N,C27H44N7O20P3S
3-Hydroxy-3-methylglutaryl-CoA,911.157467109,[M-H]-,Predicted,AllCCS,910.1501911089999,265.9,32859911,CABVTRNMFUVUDM-VRHQGPGLSA-N,C27H44N7O20P3S
3-Hydroxy-3-methylglutaryl-CoA,911.157467109,[M+Na-2H]-,Predicted,AllCCS,932.1321331089999,270.4,32859911,CABVTRNMFUVUDM-VRHQGPGLSA-N,C27H44N7O20P3S
3-Hydroxy-3-methylglutaryl-CoA,911.157467109,[M+HCOO]-,Predicted,AllCCS,956.155668109,275.4,32859911,CABVTRNMFUVUDM-VRHQGPGLSA-N,C27H44N7O20P3S
